record_id,probability_0,probability_1,probability_2
huggingface_uit-sentiment-dataset-reddit-2000-balanced::1kby1en,0.0014586371835321188,0.04233274608850479,0.9562086462974548
huggingface_uit-sentiment-dataset-reddit-2000-balanced::1kbym1e,0.9274988770484924,0.06507394462823868,0.007427243981510401
huggingface_uit-sentiment-dataset-reddit-2000-balanced::1kchgyo,0.7227234840393066,0.2613372206687927,0.015939325094223022
huggingface_uit-sentiment-dataset-reddit-2000-balanced::1kd9kcf,0.42945143580436707,0.5058284997940063,0.06472005695104599
huggingface_uit-sentiment-dataset-reddit-2000-balanced::1kdqcjk,0.004174085333943367,0.12835213541984558,0.8674737215042114
huggingface_uit-sentiment-dataset-reddit-2000-balanced::1kdqqkp,0.004003308247774839,0.09970644116401672,0.8962902426719666
huggingface_uit-sentiment-dataset-reddit-2000-balanced::1kdxwxp,0.028882130980491638,0.38682952523231506,0.5842884182929993
huggingface_uit-sentiment-dataset-reddit-2000-balanced::1kenk4f,0.08824344724416733,0.7411681413650513,0.170588418841362
huggingface_uit-sentiment-dataset-reddit-2000-balanced::1keygyn,0.019330041483044624,0.9531376957893372,0.02753220871090889
huggingface_uit-sentiment-dataset-reddit-2000-balanced::1kf4aqh,0.0037063853815197945,0.139195054769516,0.8570985794067383
huggingface_uit-sentiment-dataset-reddit-2000-balanced::1kft58n,0.015531874261796474,0.862392008304596,0.12207604199647903
huggingface_uit-sentiment-dataset-reddit-2000-balanced::1kg7szt,0.7548431158065796,0.22117990255355835,0.02397691272199154
huggingface_uit-sentiment-dataset-reddit-2000-balanced::1kgp6vc,0.02220357209444046,0.921455979347229,0.05634051561355591
huggingface_uit-sentiment-dataset-reddit-2000-balanced::1kht78d,0.2101130485534668,0.6632805466651917,0.12660638988018036
huggingface_uit-sentiment-dataset-reddit-2000-balanced::1khtvha,0.25029826164245605,0.7209964990615845,0.02870522439479828
huggingface_uit-sentiment-dataset-reddit-2000-balanced::1khtw2s,0.22473829984664917,0.7409607172012329,0.03430100530385971
huggingface_uit-sentiment-dataset-reddit-2000-balanced::1ki0vl1,0.5072841048240662,0.4737255275249481,0.01899039000272751
huggingface_uit-sentiment-dataset-reddit-2000-balanced::1kiaszq,0.21899211406707764,0.6692710518836975,0.11173676699399948
huggingface_uit-sentiment-dataset-reddit-2000-balanced::1kjebwz,0.02900947444140911,0.8225290775299072,0.14846140146255493
huggingface_uit-sentiment-dataset-reddit-2000-balanced::1kjoyrc,0.001976399216800928,0.04467567801475525,0.9533479809761047
huggingface_uit-sentiment-dataset-reddit-2000-balanced::1kk4xo5,0.8773095011711121,0.1132441833615303,0.009446246549487114
huggingface_uit-sentiment-dataset-reddit-2000-balanced::1kk9r81,0.10790858417749405,0.809680163860321,0.08241122961044312
huggingface_uit-sentiment-dataset-reddit-2000-balanced::1klkxlj,0.007793587166815996,0.5935571789741516,0.39864927530288696
huggingface_uit-sentiment-dataset-reddit-2000-balanced::1klnwun,0.7749531269073486,0.21673938632011414,0.008307545445859432
huggingface_uit-sentiment-dataset-reddit-2000-balanced::1klsg3r,0.21026113629341125,0.7196111679077148,0.07012767344713211
huggingface_uit-sentiment-dataset-reddit-2000-balanced::1kmcdyt,0.08408521115779877,0.8080394268035889,0.10787535458803177
huggingface_uit-sentiment-dataset-reddit-2000-balanced::1kmd460,0.2391919493675232,0.6918434500694275,0.06896462291479111
huggingface_uit-sentiment-dataset-reddit-2000-balanced::1kmjvba,0.03365404158830643,0.873289167881012,0.09305674582719803
huggingface_uit-sentiment-dataset-reddit-2000-balanced::1knpq8z,0.6278819441795349,0.31387966871261597,0.058238379657268524
huggingface_uit-sentiment-dataset-reddit-2000-balanced::1kouabz,0.0033384806010872126,0.06300520151853561,0.9336563348770142
huggingface_uit-sentiment-dataset-reddit-2000-balanced::1kozsd4,0.027674686163663864,0.6578259468078613,0.3144994080066681
huggingface_uit-sentiment-dataset-reddit-2000-balanced::1kp2cok,0.5308728218078613,0.4413876235485077,0.027739597484469414
huggingface_uit-sentiment-dataset-reddit-2000-balanced::1kq0m8a,0.17864583432674408,0.7822721600532532,0.039081960916519165
huggingface_uit-sentiment-dataset-reddit-2000-balanced::1ks41bl,0.008795086294412613,0.9567675590515137,0.03443737328052521
huggingface_uit-sentiment-dataset-reddit-2000-balanced::1ks4nqu,0.004476107191294432,0.546394407749176,0.44912952184677124
huggingface_uit-sentiment-dataset-reddit-2000-balanced::1ksa2lh,0.040958426892757416,0.7521610856056213,0.20688050985336304
huggingface_uit-sentiment-dataset-reddit-2000-balanced::1kscb9d,0.03615425154566765,0.7463284134864807,0.21751731634140015
huggingface_uit-sentiment-dataset-reddit-2000-balanced::1ksnkqn,0.33000123500823975,0.6228865385055542,0.04711220785975456
huggingface_uit-sentiment-dataset-reddit-2000-balanced::1ksvb3k,0.002927191788330674,0.3834553360939026,0.6136175394058228
huggingface_uit-sentiment-dataset-reddit-2000-balanced::1ksvi1r,0.011661127209663391,0.6045379638671875,0.3838008940219879
huggingface_uit-sentiment-dataset-reddit-2000-balanced::1ksvj39,0.7980877757072449,0.19089040160179138,0.011021832935512066
huggingface_uit-sentiment-dataset-reddit-2000-balanced::1ksvor8,0.03175592049956322,0.27856823801994324,0.6896759271621704
huggingface_uit-sentiment-dataset-reddit-2000-balanced::1ksvqqt,0.007071755360811949,0.8072313666343689,0.18569692969322205
huggingface_uit-sentiment-dataset-reddit-2000-balanced::1ksvu7c,0.007081083953380585,0.8748242855072021,0.11809460818767548
huggingface_uit-sentiment-dataset-reddit-2000-balanced::1ksw3nj,0.01980871707201004,0.3487522602081299,0.6314390301704407
huggingface_uit-sentiment-dataset-reddit-2000-balanced::1ksw3x2,0.46032923460006714,0.5189650058746338,0.02070576883852482
huggingface_uit-sentiment-dataset-reddit-2000-balanced::1ksx49r,0.5872220396995544,0.39893147349357605,0.013846537098288536
huggingface_uit-sentiment-dataset-reddit-2000-balanced::1ksx56g,0.16393029689788818,0.7940276861190796,0.042041972279548645
huggingface_uit-sentiment-dataset-reddit-2000-balanced::1ksx70x,0.6285474896430969,0.3597227931022644,0.011729738675057888
huggingface_uit-sentiment-dataset-reddit-2000-balanced::1ksxdl0,0.4902718961238861,0.4645884335041046,0.04513969272375107
huggingface_uit-sentiment-dataset-reddit-2000-balanced::1ksxgl4,0.5192499160766602,0.4584447741508484,0.02230529859662056
huggingface_uit-sentiment-dataset-reddit-2000-balanced::1ksy18g,0.009004510939121246,0.15633556246757507,0.8346599340438843
huggingface_uit-sentiment-dataset-reddit-2000-balanced::1ksy5pr,0.013202328234910965,0.9515268206596375,0.03527083247900009
huggingface_uit-sentiment-dataset-reddit-2000-balanced::1ksylxq,0.013252023607492447,0.9021815061569214,0.08456652611494064
huggingface_uit-sentiment-dataset-reddit-2000-balanced::1ksyqo9,0.39792510867118835,0.5844797492027283,0.01759513095021248
huggingface_uit-sentiment-dataset-reddit-2000-balanced::1kszxmj,0.49743908643722534,0.48913130164146423,0.013429542072117329
huggingface_uit-sentiment-dataset-reddit-2000-balanced::1kt26hn,0.67512047290802,0.2665119171142578,0.05836757645010948
huggingface_uit-sentiment-dataset-reddit-2000-balanced::1kt4ea2,0.4057103097438812,0.5079318881034851,0.08635786175727844
huggingface_uit-sentiment-dataset-reddit-2000-balanced::1kt7whv,0.03255552798509598,0.846398651599884,0.121045783162117
huggingface_uit-sentiment-dataset-reddit-2000-balanced::1kt9jxq,0.03607034683227539,0.7697862386703491,0.1941434144973755
huggingface_uit-sentiment-dataset-reddit-2000-balanced::1kta3re,0.36020320653915405,0.5933516621589661,0.04644512012600899
huggingface_uit-sentiment-dataset-reddit-2000-balanced::1ktana7,0.028319699689745903,0.8327490091323853,0.13893136382102966
huggingface_uit-sentiment-dataset-reddit-2000-balanced::1ktcqub,0.10594554245471954,0.5003360509872437,0.3937183916568756
huggingface_uit-sentiment-dataset-reddit-2000-balanced::1kteolc,0.005473400931805372,0.19729498028755188,0.7972316145896912
huggingface_uit-sentiment-dataset-reddit-2000-balanced::1ktk1iw,0.3142896294593811,0.6616253852844238,0.024084940552711487
huggingface_uit-sentiment-dataset-reddit-2000-balanced::1ktluek,0.1579553335905075,0.5885949730873108,0.2534496486186981
huggingface_uit-sentiment-dataset-reddit-2000-balanced::1ktmrxh,0.010406269691884518,0.06275837123394012,0.9268353581428528
huggingface_uit-sentiment-dataset-reddit-2000-balanced::1ktpjec,0.00941965077072382,0.9478874802589417,0.0426928773522377
huggingface_uit-sentiment-dataset-reddit-2000-balanced::1ktssg6,0.0126548046246171,0.7914954423904419,0.19584976136684418
huggingface_uit-sentiment-dataset-reddit-2000-balanced::1ktt15l,0.02021057717502117,0.6553426384925842,0.32444676756858826
huggingface_uit-sentiment-dataset-reddit-2000-balanced::1kttk50,0.029284197837114334,0.9096510410308838,0.0610647052526474
huggingface_uit-sentiment-dataset-reddit-2000-balanced::1ktudaj,0.011275667697191238,0.1876443475484848,0.801080048084259
huggingface_uit-sentiment-dataset-reddit-2000-balanced::1ktyd7g,0.745704710483551,0.24198555946350098,0.012309819459915161
huggingface_uit-sentiment-dataset-reddit-2000-balanced::1ktye6u,0.6800147294998169,0.2616080641746521,0.0583772175014019
huggingface_uit-sentiment-dataset-reddit-2000-balanced::1ku1h12,0.10727091133594513,0.7040547132492065,0.18867428600788116
huggingface_uit-sentiment-dataset-reddit-2000-balanced::1ku2jb3,0.017307689413428307,0.1417427808046341,0.840949535369873
huggingface_uit-sentiment-dataset-reddit-2000-balanced::1ku4q5a,0.057342953979969025,0.4292040169239044,0.5134530663490295
huggingface_uit-sentiment-dataset-reddit-2000-balanced::1ku6v30,0.12993203103542328,0.6856727004051208,0.18439532816410065
huggingface_uit-sentiment-dataset-reddit-2000-balanced::1kudioh,0.006934318691492081,0.04429355263710022,0.9487721920013428
huggingface_uit-sentiment-dataset-reddit-2000-balanced::1kuidrk,0.014172662049531937,0.715507447719574,0.2703198492527008
huggingface_uit-sentiment-dataset-reddit-2000-balanced::1kv79ss,0.7318417429924011,0.259194016456604,0.00896422378718853
huggingface_uit-sentiment-dataset-reddit-2000-balanced::1kvknfy,0.2326287180185318,0.7138581871986389,0.05351307615637779
huggingface_uit-sentiment-dataset-reddit-2000-balanced::1kvlmpt,0.024121036753058434,0.9199029803276062,0.05597605183720589
huggingface_uit-sentiment-dataset-reddit-2000-balanced::1kvlr59,0.12539143860340118,0.8248218297958374,0.04978673532605171
huggingface_uit-sentiment-dataset-reddit-2000-balanced::1kvqgpv,0.002441528020426631,0.23310266435146332,0.7644557952880859
huggingface_uit-sentiment-dataset-reddit-2000-balanced::1kvx7fa,0.009577064774930477,0.7385783195495605,0.2518446147441864
huggingface_uit-sentiment-dataset-reddit-2000-balanced::1kw24tk,0.35503825545310974,0.6213032603263855,0.023658499121665955
huggingface_uit-sentiment-dataset-reddit-2000-balanced::1kwjl76,0.1979055255651474,0.6667019724845886,0.13539251685142517
huggingface_uit-sentiment-dataset-reddit-2000-balanced::1kwq54v,0.5264864563941956,0.45988184213638306,0.013631758280098438
huggingface_uit-sentiment-dataset-reddit-2000-balanced::1kwucpn,0.9366238117218018,0.05671283230185509,0.00666326517239213
huggingface_uit-sentiment-dataset-reddit-2000-balanced::1kwxrjz,0.01136509608477354,0.9141488075256348,0.07448603957891464
huggingface_uit-sentiment-dataset-reddit-2000-balanced::1kwypd0,0.007620026357471943,0.9095396995544434,0.08284027874469757
huggingface_uit-sentiment-dataset-reddit-2000-balanced::1kx0amy,0.011097034439444542,0.5232906341552734,0.46561235189437866
huggingface_uit-sentiment-dataset-reddit-2000-balanced::1kx896q,0.006105571985244751,0.8144466876983643,0.1794476956129074
huggingface_uit-sentiment-dataset-reddit-2000-balanced::1kxd1so,0.05930248647928238,0.8488295674324036,0.09186803549528122
huggingface_uit-sentiment-dataset-reddit-2000-balanced::1kxll6n,0.5007176995277405,0.465800017118454,0.03348232060670853
huggingface_uit-sentiment-dataset-reddit-2000-balanced::1kxmgtr,0.3203027844429016,0.6227415800094604,0.05695563182234764
huggingface_uit-sentiment-dataset-reddit-2000-balanced::1kxnrcd,0.019007334485650063,0.8895323872566223,0.09146031737327576
huggingface_uit-sentiment-dataset-reddit-2000-balanced::1kxnyun,0.66581791639328,0.3187377452850342,0.015444314107298851
huggingface_uit-sentiment-dataset-reddit-2000-balanced::1kxqpoc,0.3266420066356659,0.6406590938568115,0.03269887715578079
huggingface_uit-sentiment-dataset-reddit-2000-balanced::1kxybgo,0.035803597420454025,0.884563148021698,0.07963330298662186
huggingface_uit-sentiment-dataset-reddit-2000-balanced::1ky3x8f,0.013006200082600117,0.39801234006881714,0.5889814496040344
huggingface_uit-sentiment-dataset-reddit-2000-balanced::1kyca0p,0.009939546696841717,0.03462649881839752,0.9554339647293091
huggingface_uit-sentiment-dataset-reddit-2000-balanced::1kyimt5,0.7089896202087402,0.2769080400466919,0.014102328568696976
huggingface_uit-sentiment-dataset-reddit-2000-balanced::1kyt62c,0.1374172866344452,0.8135693669319153,0.049013324081897736
huggingface_uit-sentiment-dataset-reddit-2000-balanced::1kz1mcp,0.5565695762634277,0.42558375000953674,0.01784667745232582
huggingface_uit-sentiment-dataset-reddit-2000-balanced::1kzf9nl,0.09824923425912857,0.6467841863632202,0.2549665570259094
huggingface_uit-sentiment-dataset-reddit-2000-balanced::1kzgt5q,0.004282784648239613,0.3717053532600403,0.6240118741989136
huggingface_uit-sentiment-dataset-reddit-2000-balanced::1kzjc9b,0.025698836892843246,0.5310816168785095,0.4432196021080017
huggingface_uit-sentiment-dataset-reddit-2000-balanced::1kzxh04,0.0051279086619615555,0.282983660697937,0.7118884325027466
huggingface_uit-sentiment-dataset-reddit-2000-balanced::1kzz7t4,0.007024683058261871,0.7832992076873779,0.209676131606102
huggingface_uit-sentiment-dataset-reddit-2000-balanced::1l03btj,0.28931012749671936,0.6815832853317261,0.029106561094522476
huggingface_uit-sentiment-dataset-reddit-2000-balanced::1l0qz64,0.05418463051319122,0.604481041431427,0.34133434295654297
huggingface_uit-sentiment-dataset-reddit-2000-balanced::1l1dpic,0.11815023422241211,0.721930742263794,0.15991908311843872
huggingface_uit-sentiment-dataset-reddit-2000-balanced::1l1l0ow,0.5025687217712402,0.45476841926574707,0.04266282543540001
huggingface_uit-sentiment-dataset-reddit-2000-balanced::1l1w4fb,0.011917981319129467,0.73000568151474,0.25807636976242065
huggingface_uit-sentiment-dataset-reddit-2000-balanced::1l2nz4t,0.005645454861223698,0.7904717326164246,0.2038828730583191
huggingface_uit-sentiment-dataset-reddit-2000-balanced::1l2vh87,0.032056666910648346,0.9233081340789795,0.04463517293334007
huggingface_uit-sentiment-dataset-reddit-2000-balanced::1l3edw8,0.5732887983322144,0.4113920331001282,0.015319129452109337
huggingface_uit-sentiment-dataset-reddit-2000-balanced::1l3pyhq,0.017070500180125237,0.9194466471672058,0.06348294019699097
huggingface_uit-sentiment-dataset-reddit-2000-balanced::1l3q336,0.5396202206611633,0.4466746151447296,0.013705223798751831
huggingface_uit-sentiment-dataset-reddit-2000-balanced::1l3susp,0.6500248312950134,0.3271671533584595,0.022807998582720757
huggingface_uit-sentiment-dataset-reddit-2000-balanced::1l69bok,0.1696365624666214,0.7805604934692383,0.049802932888269424
huggingface_uit-sentiment-dataset-reddit-2000-balanced::1l73qx3,0.025799380615353584,0.7987985610961914,0.17540204524993896
huggingface_uit-sentiment-dataset-reddit-2000-balanced::1l7khnj,0.7364295125007629,0.22825267910957336,0.0353177934885025
huggingface_uit-sentiment-dataset-reddit-2000-balanced::1l7o0ut,0.7886435389518738,0.19955211877822876,0.011804306879639626
huggingface_uit-sentiment-dataset-reddit-2000-balanced::1l7x3yz,0.19797872006893158,0.5457721948623657,0.2562490701675415
huggingface_uit-sentiment-dataset-reddit-2000-balanced::1l8l63d,0.5749889612197876,0.4039281904697418,0.02108287811279297
huggingface_uit-sentiment-dataset-reddit-2000-balanced::1l8x2qk,0.3319001793861389,0.6348546743392944,0.03324513137340546
huggingface_uit-sentiment-dataset-reddit-2000-balanced::1l9o8m9,0.4571535885334015,0.5245748162269592,0.01827162504196167
huggingface_uit-sentiment-dataset-reddit-2000-balanced::1la4qnt,0.26819267868995667,0.6720278263092041,0.05977948382496834
huggingface_uit-sentiment-dataset-reddit-2000-balanced::1labaqn,0.0018076333217322826,0.08978704363107681,0.9084053039550781
huggingface_uit-sentiment-dataset-reddit-2000-balanced::1laip79,0.11128082126379013,0.8442814350128174,0.044437751173973083
huggingface_uit-sentiment-dataset-reddit-2000-balanced::1laiz7b,0.16929365694522858,0.7761104106903076,0.054596029222011566
huggingface_uit-sentiment-dataset-reddit-2000-balanced::1largh7,0.4512102007865906,0.5055259466171265,0.04326381906867027
huggingface_uit-sentiment-dataset-reddit-2000-balanced::1lb63j3,0.07298281788825989,0.6032360792160034,0.32378116250038147
huggingface_uit-sentiment-dataset-reddit-2000-balanced::1lbrt2z,0.12601318955421448,0.7912718057632446,0.08271503448486328
huggingface_uit-sentiment-dataset-reddit-2000-balanced::1ldayo0,0.003366441698744893,0.1253049522638321,0.871328592300415
huggingface_uit-sentiment-dataset-reddit-2000-balanced::1ldledk,0.29319435358047485,0.6805800199508667,0.026225663721561432
huggingface_uit-sentiment-dataset-reddit-2000-balanced::1ldsgf1,0.029509972780942917,0.6446496248245239,0.32584038376808167
huggingface_uit-sentiment-dataset-reddit-2000-balanced::1ldv6jb,0.011254746466875076,0.9246228933334351,0.06412241607904434
huggingface_uit-sentiment-dataset-reddit-2000-balanced::1ldvqn5,0.13526219129562378,0.7430807948112488,0.12165706604719162
huggingface_uit-sentiment-dataset-reddit-2000-balanced::1ldvsuc,0.17841996252536774,0.7304226160049438,0.09115742146968842
huggingface_uit-sentiment-dataset-reddit-2000-balanced::1leac4b,0.7722848057746887,0.2130933403968811,0.014621779322624207
huggingface_uit-sentiment-dataset-reddit-2000-balanced::1lf354a,0.7420493960380554,0.22178760170936584,0.036163028329610825
huggingface_uit-sentiment-dataset-reddit-2000-balanced::1lg5jpx,0.26208415627479553,0.6688617467880249,0.06905411928892136
huggingface_uit-sentiment-dataset-reddit-2000-balanced::1lgn6es,0.42331260442733765,0.5426602959632874,0.03402711823582649
huggingface_uit-sentiment-dataset-reddit-2000-balanced::1lgov6y,0.6259679794311523,0.36170652508735657,0.012325448915362358
huggingface_uit-sentiment-dataset-reddit-2000-balanced::1lh0bdk,0.8065299391746521,0.17732250690460205,0.01614759862422943
huggingface_uit-sentiment-dataset-reddit-2000-balanced::1lh0jse,0.5014442205429077,0.47871214151382446,0.019843630492687225
huggingface_uit-sentiment-dataset-reddit-2000-balanced::1lh0vgb,0.194552481174469,0.7632413506507874,0.04220611974596977
huggingface_uit-sentiment-dataset-reddit-2000-balanced::1lh3ai4,0.13826075196266174,0.8141816258430481,0.04755757376551628
huggingface_uit-sentiment-dataset-reddit-2000-balanced::1lhu0yu,0.24803201854228973,0.7311325073242188,0.020835446193814278
huggingface_uit-sentiment-dataset-reddit-2000-balanced::1lhx0c9,0.33415186405181885,0.625564694404602,0.04028342664241791
huggingface_uit-sentiment-dataset-reddit-2000-balanced::1lie4f1,0.0034553534351289272,0.16257061064243317,0.8339740633964539
huggingface_uit-sentiment-dataset-reddit-2000-balanced::1ljcxg9,0.008992070332169533,0.7699897885322571,0.22101812064647675
huggingface_uit-sentiment-dataset-reddit-2000-balanced::1ljdz52,0.014435460790991783,0.7884814143180847,0.19708311557769775
huggingface_uit-sentiment-dataset-reddit-2000-balanced::1ljgc01,0.017227886244654655,0.888033926486969,0.09473826736211777
huggingface_uit-sentiment-dataset-reddit-2000-balanced::1ljjaeu,0.8489822149276733,0.12882359325885773,0.022194163873791695
huggingface_uit-sentiment-dataset-reddit-2000-balanced::1lk4z49,0.06686419248580933,0.8913735747337341,0.04176218435168266
huggingface_uit-sentiment-dataset-reddit-2000-balanced::1lkhgj4,0.2967555820941925,0.5707855224609375,0.13245894014835358
huggingface_uit-sentiment-dataset-reddit-2000-balanced::1lkmbib,0.011343591846525669,0.6286406517028809,0.36001577973365784
huggingface_uit-sentiment-dataset-reddit-2000-balanced::1ll3an2,0.43216636776924133,0.5326002836227417,0.03523334488272667
huggingface_uit-sentiment-dataset-reddit-2000-balanced::1ll3lpx,0.27217212319374084,0.6923516988754272,0.03547615185379982
huggingface_uit-sentiment-dataset-reddit-2000-balanced::1ll8lyv,0.0055162967182695866,0.3881193697452545,0.606364369392395
huggingface_uit-sentiment-dataset-reddit-2000-balanced::1lly0dl,0.12255068868398666,0.8506237268447876,0.026825539767742157
huggingface_uit-sentiment-dataset-reddit-2000-balanced::1lm19lq,0.6587285399436951,0.3301032781600952,0.011168168857693672
huggingface_uit-sentiment-dataset-reddit-2000-balanced::1lm1ec3,0.6503111720085144,0.3387112319469452,0.010977554135024548
huggingface_uit-sentiment-dataset-reddit-2000-balanced::1lmox2e,0.02240421436727047,0.2975650429725647,0.6800307631492615
huggingface_uit-sentiment-dataset-reddit-2000-balanced::1lmrmnz,0.00306145241484046,0.1220828965306282,0.8748556971549988
huggingface_uit-sentiment-dataset-reddit-2000-balanced::1lmvfp2,0.8217701315879822,0.16146577894687653,0.016764190047979355
huggingface_uit-sentiment-dataset-reddit-2000-balanced::1ln4tw0,0.012784412130713463,0.9082099199295044,0.07900573313236237
huggingface_uit-sentiment-dataset-reddit-2000-balanced::1lncsag,0.013606531545519829,0.8436700701713562,0.14272339642047882
huggingface_uit-sentiment-dataset-reddit-2000-balanced::1lnmwfs,0.9262426495552063,0.06706227362155914,0.006695111747831106
huggingface_uit-sentiment-dataset-reddit-2000-balanced::1lnquzb,0.015003066509962082,0.11171489953994751,0.8732820749282837
huggingface_uit-sentiment-dataset-reddit-2000-balanced::1lnsax9,0.7667829990386963,0.20506258308887482,0.02815450355410576
huggingface_uit-sentiment-dataset-reddit-2000-balanced::1lnzg0d,0.016992932185530663,0.9028869271278381,0.08012014627456665
huggingface_uit-sentiment-dataset-reddit-2000-balanced::1lpz355,0.4422926902770996,0.5269167423248291,0.030790623277425766
huggingface_uit-sentiment-dataset-reddit-2000-balanced::1lq2i2m,0.1400255560874939,0.7313930988311768,0.12858133018016815
huggingface_uit-sentiment-dataset-reddit-2000-balanced::1lq5wmh,0.20104682445526123,0.7567252516746521,0.042227961122989655
huggingface_uit-sentiment-dataset-reddit-2000-balanced::1lqu8q7,0.012506552040576935,0.6285334825515747,0.35896003246307373
huggingface_uit-sentiment-dataset-reddit-2000-balanced::1lrgomi,0.11313185095787048,0.8334066271781921,0.05346148833632469
huggingface_uit-sentiment-dataset-reddit-2000-balanced::1lrlmco,0.07910902798175812,0.8045139312744141,0.11637707054615021
huggingface_uit-sentiment-dataset-reddit-2000-balanced::1lrq827,0.007679983042180538,0.33638840913772583,0.6559315919876099
huggingface_uit-sentiment-dataset-reddit-2000-balanced::1ls6tc7,0.8830118179321289,0.11195391416549683,0.005034263711422682
huggingface_uit-sentiment-dataset-reddit-2000-balanced::1ls6u7p,0.8915117979049683,0.10370318591594696,0.004784942138940096
huggingface_uit-sentiment-dataset-reddit-2000-balanced::1lsw9vz,0.015983061864972115,0.7020182609558105,0.2819986641407013
huggingface_uit-sentiment-dataset-reddit-2000-balanced::1ltqsbz,0.010637938976287842,0.6960229277610779,0.2933391332626343
huggingface_uit-sentiment-dataset-reddit-2000-balanced::1luah7l,0.0765082910656929,0.8751623630523682,0.0483294278383255
huggingface_uit-sentiment-dataset-reddit-2000-balanced::1luytx2,0.46076589822769165,0.49893999099731445,0.04029418155550957
huggingface_uit-sentiment-dataset-reddit-2000-balanced::1lw4ywb,0.0035044290125370026,0.12238738685846329,0.8741081357002258
huggingface_uit-sentiment-dataset-reddit-2000-balanced::1lwhy37,0.012008821591734886,0.7318965792655945,0.2560945749282837
huggingface_uit-sentiment-dataset-reddit-2000-balanced::1lwjsas,0.23024491965770721,0.7238157987594604,0.04593934118747711
huggingface_uit-sentiment-dataset-reddit-2000-balanced::1lx32mx,0.3913711905479431,0.5737929344177246,0.03483591228723526
huggingface_uit-sentiment-dataset-reddit-2000-balanced::1ly69ky,0.002738193143159151,0.07772992551326752,0.9195318818092346
huggingface_uit-sentiment-dataset-reddit-2000-balanced::1lyk7az,0.028238097205758095,0.92893385887146,0.042828064411878586
huggingface_uit-sentiment-dataset-reddit-2000-balanced::1lyw5u2,0.005212090909481049,0.46537652611732483,0.5294114351272583
huggingface_uit-sentiment-dataset-reddit-2000-balanced::1lyzqzg,0.8188714981079102,0.1441318839788437,0.03699667379260063
huggingface_uit-sentiment-dataset-reddit-2000-balanced::1lz8i84,0.47370412945747375,0.49188846349716187,0.034407444298267365
huggingface_uit-sentiment-dataset-reddit-2000-balanced::1m09bzn,0.021008601412177086,0.32101210951805115,0.6579792499542236
huggingface_uit-sentiment-dataset-reddit-2000-balanced::1m0lyjn,0.003559567965567112,0.05628053471446037,0.9401599168777466
huggingface_uit-sentiment-dataset-reddit-2000-balanced::1m1x2qz,0.0047309789806604385,0.2940167486667633,0.7012522220611572
huggingface_uit-sentiment-dataset-reddit-2000-balanced::1m2oxfz,0.035125911235809326,0.6980087757110596,0.2668653726577759
huggingface_uit-sentiment-dataset-reddit-2000-balanced::1m2r7w6,0.059082504361867905,0.7981080412864685,0.14280939102172852
huggingface_uit-sentiment-dataset-reddit-2000-balanced::1m2visz,0.7934865951538086,0.19515198469161987,0.01136137917637825
huggingface_uit-sentiment-dataset-reddit-2000-balanced::1m3caha,0.0161912739276886,0.9189039468765259,0.06490478664636612
huggingface_uit-sentiment-dataset-reddit-2000-balanced::1m4mscs,0.007181122899055481,0.1519937813282013,0.8408251404762268
huggingface_uit-sentiment-dataset-reddit-2000-balanced::1m5e9me,0.008649217896163464,0.6663181185722351,0.32503265142440796
huggingface_uit-sentiment-dataset-reddit-2000-balanced::1m5fwpz,0.09863955527544022,0.5477085113525391,0.35365191102027893
huggingface_uit-sentiment-dataset-reddit-2000-balanced::1m5k5di,0.2188984751701355,0.7234793305397034,0.057622190564870834
huggingface_uit-sentiment-dataset-reddit-2000-balanced::1m6b0kp,0.4428701400756836,0.49579572677612305,0.06133418530225754
huggingface_uit-sentiment-dataset-reddit-2000-balanced::1m6fdyo,0.011815071105957031,0.7783403992652893,0.2098444700241089
huggingface_uit-sentiment-dataset-reddit-2000-balanced::1m6wq77,0.004252010025084019,0.19246985018253326,0.8032781481742859
huggingface_uit-sentiment-dataset-reddit-2000-balanced::1m75v7u,0.024724580347537994,0.9355396628379822,0.03973580151796341
huggingface_uit-sentiment-dataset-reddit-2000-balanced::1m79sp9,0.2536773681640625,0.6159276962280273,0.13039496541023254
huggingface_uit-sentiment-dataset-reddit-2000-balanced::1m7ci3s,0.02061052806675434,0.8191405534744263,0.16024893522262573
huggingface_uit-sentiment-dataset-reddit-2000-balanced::1m7e5pi,0.008494718000292778,0.11087413877248764,0.880631148815155
huggingface_uit-sentiment-dataset-reddit-2000-balanced::1m7fiq6,0.17205989360809326,0.8021882772445679,0.02575179748237133
huggingface_uit-sentiment-dataset-reddit-2000-balanced::1m7g5sk,0.020456301048398018,0.7474267482757568,0.2321169376373291
huggingface_uit-sentiment-dataset-reddit-2000-balanced::1m7kz8s,0.01639501005411148,0.2558272182941437,0.7277777791023254
huggingface_uit-sentiment-dataset-reddit-2000-balanced::1m82lwo,0.33260706067085266,0.6464459896087646,0.020947037264704704
huggingface_uit-sentiment-dataset-reddit-2000-balanced::1m8pvgn,0.42030972242355347,0.5507753491401672,0.02891484461724758
huggingface_uit-sentiment-dataset-reddit-2000-balanced::1m8wi62,0.04883337393403053,0.26755738258361816,0.6836092472076416
huggingface_uit-sentiment-dataset-reddit-2000-balanced::1m8z2ut,0.013238327577710152,0.38962113857269287,0.5971405506134033
huggingface_uit-sentiment-dataset-reddit-2000-balanced::1m9ciym,0.14475327730178833,0.6125105619430542,0.24273616075515747
huggingface_uit-sentiment-dataset-reddit-2000-balanced::1m9nwk7,0.34297147393226624,0.5990051031112671,0.05802348256111145
huggingface_uit-sentiment-dataset-reddit-2000-balanced::1m9xwo5,0.014173034578561783,0.23659269511699677,0.7492342591285706
huggingface_uit-sentiment-dataset-reddit-2000-balanced::1m9yhcd,0.0031917255837470293,0.08057966828346252,0.9162285923957825
huggingface_uit-sentiment-dataset-reddit-2000-balanced::1ma2ayu,0.7272931337356567,0.24650202691555023,0.026204785332083702
huggingface_uit-sentiment-dataset-reddit-2000-balanced::1ma5dmr,0.05064017325639725,0.6920886039733887,0.2572712004184723
huggingface_uit-sentiment-dataset-reddit-2000-balanced::1macmej,0.017721444368362427,0.2161969095468521,0.766081690788269
huggingface_uit-sentiment-dataset-reddit-2000-balanced::1madd81,0.40279021859169006,0.5793242454528809,0.01788552664220333
huggingface_uit-sentiment-dataset-reddit-2000-balanced::1maxmeg,0.025005556643009186,0.19333480298519135,0.7816596627235413
huggingface_uit-sentiment-dataset-reddit-2000-balanced::1mb9b1t,0.11430011689662933,0.834078848361969,0.05162105709314346
huggingface_uit-sentiment-dataset-reddit-2000-balanced::1mbp4nm,0.006601361092180014,0.5435011982917786,0.4498974084854126
huggingface_uit-sentiment-dataset-reddit-2000-balanced::1mc8evq,0.025903673842549324,0.47476890683174133,0.4993273615837097
huggingface_uit-sentiment-dataset-reddit-2000-balanced::1mch6sg,0.20039395987987518,0.741409957408905,0.05819612741470337
huggingface_uit-sentiment-dataset-reddit-2000-balanced::1mchsyd,0.022126631811261177,0.8695232272148132,0.10835006088018417
huggingface_uit-sentiment-dataset-reddit-2000-balanced::1mcjz8j,0.021075060591101646,0.23272861540317535,0.7461963295936584
huggingface_uit-sentiment-dataset-reddit-2000-balanced::1mcp4lj,0.012813083827495575,0.7133364677429199,0.2738504409790039
huggingface_uit-sentiment-dataset-reddit-2000-balanced::1md9yc1,0.008913388475775719,0.811701774597168,0.17938491702079773
huggingface_uit-sentiment-dataset-reddit-2000-balanced::1mda326,0.0518195740878582,0.8357281684875488,0.11245224624872208
huggingface_uit-sentiment-dataset-reddit-2000-balanced::1mdg707,0.6806029081344604,0.295844167470932,0.02355295792222023
huggingface_uit-sentiment-dataset-reddit-2000-balanced::1mdgeww,0.010617420077323914,0.8144751191139221,0.17490755021572113
huggingface_uit-sentiment-dataset-reddit-2000-balanced::1mdwv4f,0.020685914903879166,0.6323162317276001,0.34699785709381104
huggingface_uit-sentiment-dataset-reddit-2000-balanced::1med9hx,0.028506102040410042,0.8400377631187439,0.13145606219768524
huggingface_uit-sentiment-dataset-reddit-2000-balanced::1meen33,0.018325407058000565,0.7277337908744812,0.2539408206939697
huggingface_uit-sentiment-dataset-reddit-2000-balanced::1mewq9h,0.07471399754285812,0.4727615416049957,0.45252442359924316
huggingface_uit-sentiment-dataset-reddit-2000-balanced::1mf27z6,0.5598618388175964,0.4244454801082611,0.015692640095949173
huggingface_uit-sentiment-dataset-reddit-2000-balanced::1mf7rut,0.266491562128067,0.6696195006370544,0.06388895958662033
huggingface_uit-sentiment-dataset-reddit-2000-balanced::1mf9exw,0.1686636060476303,0.7998793125152588,0.0314570888876915
huggingface_uit-sentiment-dataset-reddit-2000-balanced::1mfa9tj,0.04853888228535652,0.9136243462562561,0.0378367081284523
huggingface_uit-sentiment-dataset-reddit-2000-balanced::1mfe77f,0.18592554330825806,0.5535096526145935,0.2605648934841156
huggingface_uit-sentiment-dataset-reddit-2000-balanced::1mgbk2y,0.024074986577033997,0.7887014150619507,0.18722352385520935
huggingface_uit-sentiment-dataset-reddit-2000-balanced::1mggdxz,0.01569351926445961,0.7291663289070129,0.2551402151584625
huggingface_uit-sentiment-dataset-reddit-2000-balanced::1mggnjy,0.6805322766304016,0.3066783845424652,0.01278938353061676
huggingface_uit-sentiment-dataset-reddit-2000-balanced::1mgo662,0.8024168014526367,0.1875423938035965,0.010040751658380032
huggingface_uit-sentiment-dataset-reddit-2000-balanced::1mh0n5h,0.2907940447330475,0.6425198912620544,0.0666859969496727
huggingface_uit-sentiment-dataset-reddit-2000-balanced::1mhehrb,0.008961225859820843,0.7986239194869995,0.19241495430469513
huggingface_uit-sentiment-dataset-reddit-2000-balanced::1mi0co2,0.7550657391548157,0.23390398919582367,0.01103028655052185
huggingface_uit-sentiment-dataset-reddit-2000-balanced::1mie0uw,0.1857781559228897,0.7722766399383545,0.041945215314626694
huggingface_uit-sentiment-dataset-reddit-2000-balanced::1miedlx,0.0019993605092167854,0.14229486882686615,0.8557057976722717
huggingface_uit-sentiment-dataset-reddit-2000-balanced::1mizyz9,0.7865298986434937,0.2029118537902832,0.010558223351836205
huggingface_uit-sentiment-dataset-reddit-2000-balanced::1mj172j,0.671127200126648,0.30822116136550903,0.02065162919461727
huggingface_uit-sentiment-dataset-reddit-2000-balanced::1mjzggi,0.06619137525558472,0.8493878841400146,0.0844208151102066
huggingface_uit-sentiment-dataset-reddit-2000-balanced::1mkerwz,0.06782566010951996,0.20998790860176086,0.7221863865852356
huggingface_uit-sentiment-dataset-reddit-2000-balanced::1mkjo8s,0.5350521802902222,0.3526444733142853,0.11230332404375076
huggingface_uit-sentiment-dataset-reddit-2000-balanced::1mku9qe,0.05145636945962906,0.7240294814109802,0.22451409697532654
huggingface_uit-sentiment-dataset-reddit-2000-balanced::1ml0pt7,0.06897067278623581,0.3803412914276123,0.5506879687309265
huggingface_uit-sentiment-dataset-reddit-2000-balanced::1ml44it,0.1921299695968628,0.7272465825080872,0.08062349259853363
huggingface_uit-sentiment-dataset-reddit-2000-balanced::1mlgjl7,0.5330562591552734,0.4395153820514679,0.02742835506796837
huggingface_uit-sentiment-dataset-reddit-2000-balanced::1mllt5x,0.07652085274457932,0.820454478263855,0.10302469879388809
huggingface_uit-sentiment-dataset-reddit-2000-balanced::1mlujlq,0.7498103976249695,0.2321045994758606,0.018085049465298653
huggingface_uit-sentiment-dataset-reddit-2000-balanced::1mlyepa,0.6502275466918945,0.2485385239124298,0.10123396664857864
huggingface_uit-sentiment-dataset-reddit-2000-balanced::1mm27gt,0.025476772338151932,0.7093239426612854,0.2651993930339813
huggingface_uit-sentiment-dataset-reddit-2000-balanced::1mncd7i,0.029107077047228813,0.7357457280158997,0.23514726758003235
huggingface_uit-sentiment-dataset-reddit-2000-balanced::1mnj6gd,0.3147389590740204,0.6011990308761597,0.08406197279691696
huggingface_uit-sentiment-dataset-reddit-2000-balanced::1mnsk9s,0.012545078061521053,0.4134981036186218,0.5739567875862122
huggingface_uit-sentiment-dataset-reddit-2000-balanced::1mod1dh,0.056973572820425034,0.4029519855976105,0.540074348449707
huggingface_uit-sentiment-dataset-reddit-2000-balanced::1mokc5e,0.5157466530799866,0.45452195405960083,0.029731385409832
huggingface_uit-sentiment-dataset-reddit-2000-balanced::1motbnk,0.009611648507416248,0.26339250802993774,0.7269957661628723
huggingface_uit-sentiment-dataset-reddit-2000-balanced::1mppqtu,0.01122521422803402,0.5210645198822021,0.4677102863788605
huggingface_uit-sentiment-dataset-reddit-2000-balanced::1mq8paa,0.610820472240448,0.3440680503845215,0.04511146619915962
huggingface_uit-sentiment-dataset-reddit-2000-balanced::1mr9nsk,0.34074482321739197,0.5731155276298523,0.08613964915275574
huggingface_uit-sentiment-dataset-reddit-2000-balanced::1mrab6t,0.06052983179688454,0.8598961234092712,0.0795741155743599
huggingface_uit-sentiment-dataset-reddit-2000-balanced::1mrnhmg,0.2674936354160309,0.697361171245575,0.03514518588781357
huggingface_uit-sentiment-dataset-reddit-2000-balanced::1mry7sl,0.029853982850909233,0.7616868615150452,0.20845913887023926
huggingface_uit-sentiment-dataset-reddit-2000-balanced::1ms6xyc,0.15759555995464325,0.6419529318809509,0.20045159757137299
huggingface_uit-sentiment-dataset-reddit-2000-balanced::1msaaxb,0.16107921302318573,0.7391785383224487,0.09974229335784912
huggingface_uit-sentiment-dataset-reddit-2000-balanced::1mssp1i,0.14890430867671967,0.7565837502479553,0.09451190382242203
huggingface_uit-sentiment-dataset-reddit-2000-balanced::1mt6qfc,0.3683133125305176,0.611579954624176,0.02010677568614483
huggingface_uit-sentiment-dataset-reddit-2000-balanced::1mtpd49,0.074015773832798,0.7642424702644348,0.16174180805683136
huggingface_uit-sentiment-dataset-reddit-2000-balanced::1mttftg,0.0989994928240776,0.8334135413169861,0.06758695095777512
huggingface_uit-sentiment-dataset-reddit-2000-balanced::1mu6a9s,0.00973379798233509,0.17188774049282074,0.8183784484863281
huggingface_uit-sentiment-dataset-reddit-2000-balanced::1muljbd,0.8596853017807007,0.13249188661575317,0.007822762243449688
huggingface_uit-sentiment-dataset-reddit-2000-balanced::1munvst,0.018306441605091095,0.7392881512641907,0.24240539968013763
huggingface_uit-sentiment-dataset-reddit-2000-balanced::1muw3b8,0.21588249504566193,0.7130377292633057,0.0710797905921936
huggingface_uit-sentiment-dataset-reddit-2000-balanced::1mux1sv,0.015966106206178665,0.8767510652542114,0.107282854616642
huggingface_uit-sentiment-dataset-reddit-2000-balanced::1mvmoy2,0.008699505589902401,0.9156812429428101,0.07561924308538437
huggingface_uit-sentiment-dataset-reddit-2000-balanced::1mvto90,0.04703092947602272,0.762692391872406,0.19027672708034515
huggingface_uit-sentiment-dataset-reddit-2000-balanced::1mw3nat,0.037946440279483795,0.7849356532096863,0.17711788415908813
huggingface_uit-sentiment-dataset-reddit-2000-balanced::1mweeod,0.12521891295909882,0.7926025390625,0.08217859268188477
huggingface_uit-sentiment-dataset-reddit-2000-balanced::1myb09v,0.37651634216308594,0.5753109455108643,0.0481727309525013
huggingface_uit-sentiment-dataset-reddit-2000-balanced::1myfej4,0.07053161412477493,0.3107200562953949,0.6187483072280884
huggingface_uit-sentiment-dataset-reddit-2000-balanced::1mz5bkk,0.0499819815158844,0.926011860370636,0.024006128311157227
huggingface_uit-sentiment-dataset-reddit-2000-balanced::1mzrqwy,0.20388154685497284,0.7236127257347107,0.07250571250915527
huggingface_uit-sentiment-dataset-reddit-2000-balanced::1mzu9z6,0.006136593408882618,0.06236838921904564,0.9314950108528137
huggingface_uit-sentiment-dataset-reddit-2000-balanced::1n03j7s,0.006849149242043495,0.13008324801921844,0.863067626953125
huggingface_uit-sentiment-dataset-reddit-2000-balanced::1n0mtvd,0.6208853125572205,0.3403523564338684,0.038762323558330536
huggingface_uit-sentiment-dataset-reddit-2000-balanced::1n0unc9,0.014578546397387981,0.8970206379890442,0.08840084820985794
huggingface_uit-sentiment-dataset-reddit-2000-balanced::1n0vsti,0.10836993157863617,0.851357638835907,0.040272459387779236
huggingface_uit-sentiment-dataset-reddit-2000-balanced::1n1egt1,0.6607796549797058,0.3255763351917267,0.013644049875438213
huggingface_uit-sentiment-dataset-reddit-2000-balanced::1n1gfru,0.018059857189655304,0.9004569053649902,0.08148324489593506
huggingface_uit-sentiment-dataset-reddit-2000-balanced::1n1igz7,0.006502929143607616,0.2792367935180664,0.7142602205276489
huggingface_uit-sentiment-dataset-reddit-2000-balanced::1n1m3tb,0.10961995273828506,0.5649480819702148,0.32543203234672546
huggingface_uit-sentiment-dataset-reddit-2000-balanced::1n26l8r,0.022229928523302078,0.8972808718681335,0.0804891511797905
huggingface_uit-sentiment-dataset-reddit-2000-balanced::1n26xnz,0.015276202000677586,0.7910370826721191,0.19368667900562286
huggingface_uit-sentiment-dataset-reddit-2000-balanced::1n39kz3,0.6528390049934387,0.32237300276756287,0.024787960574030876
huggingface_uit-sentiment-dataset-reddit-2000-balanced::1n3vwd7,0.7768234014511108,0.2096010148525238,0.01357567124068737
huggingface_uit-sentiment-dataset-reddit-2000-balanced::1n45lx2,0.005501429550349712,0.25416770577430725,0.7403308153152466
huggingface_uit-sentiment-dataset-reddit-2000-balanced::1n4gk3w,0.5346935987472534,0.41985517740249634,0.04545120894908905
huggingface_uit-sentiment-dataset-reddit-2000-balanced::1n5xv65,0.0034391889348626137,0.23433145880699158,0.7622293829917908
huggingface_uit-sentiment-dataset-reddit-2000-balanced::1n6kklk,0.026240341365337372,0.8611243963241577,0.1126352995634079
huggingface_uit-sentiment-dataset-reddit-2000-balanced::1n6nm30,0.0045910244807600975,0.5820682644844055,0.41334068775177
huggingface_uit-sentiment-dataset-reddit-2000-balanced::1n6oa99,0.011177481152117252,0.4745165705680847,0.5143058896064758
huggingface_uit-sentiment-dataset-reddit-2000-balanced::1n6ofe9,0.010956714861094952,0.5230582356452942,0.465984970331192
huggingface_uit-sentiment-dataset-reddit-2000-balanced::1n6vgbr,0.07007584720849991,0.8056238889694214,0.12430025637149811
huggingface_uit-sentiment-dataset-reddit-2000-balanced::1n6vvky,0.12171763181686401,0.8152934312820435,0.06298891454935074
huggingface_uit-sentiment-dataset-reddit-2000-balanced::1n79hbj,0.0882241278886795,0.8125380873680115,0.09923780709505081
huggingface_uit-sentiment-dataset-reddit-2000-balanced::1n7n4lv,0.0030990680679678917,0.07716210186481476,0.9197388887405396
huggingface_uit-sentiment-dataset-reddit-2000-balanced::1n836zh,0.18639884889125824,0.7893779277801514,0.024223268032073975
huggingface_uit-sentiment-dataset-reddit-2000-balanced::1n8in1z,0.006784253753721714,0.34247061610221863,0.6507450938224792
huggingface_uit-sentiment-dataset-reddit-2000-balanced::1n8li00,0.03228142857551575,0.8514852523803711,0.11623331904411316
huggingface_uit-sentiment-dataset-reddit-2000-balanced::1n8zpcx,0.35615167021751404,0.592219889163971,0.05162842944264412
huggingface_uit-sentiment-dataset-reddit-2000-balanced::1n9cjbi,0.38330334424972534,0.5760014653205872,0.040695082396268845
huggingface_uit-sentiment-dataset-reddit-2000-balanced::1n9eptx,0.0854940190911293,0.8768405318260193,0.03766544535756111
huggingface_uit-sentiment-dataset-reddit-2000-balanced::1n9omqj,0.011464039795100689,0.15273717045783997,0.8357987403869629
huggingface_uit-sentiment-dataset-reddit-2000-balanced::1na1y55,0.004912682343274355,0.13423241674900055,0.8608548641204834
huggingface_uit-sentiment-dataset-reddit-2000-balanced::1na5nh9,0.7994436621665955,0.18732668459415436,0.013229629024863243
huggingface_uit-sentiment-dataset-reddit-2000-balanced::1na79xn,0.0065671238116919994,0.7868008017539978,0.20663216710090637
huggingface_uit-sentiment-dataset-reddit-2000-balanced::1naoulf,0.7081703543663025,0.27677592635154724,0.015053728595376015
huggingface_uit-sentiment-dataset-reddit-2000-balanced::1nbfq7k,0.5288901925086975,0.39353224635124207,0.07757757604122162
huggingface_uit-sentiment-dataset-reddit-2000-balanced::1nbyf6k,0.4807446300983429,0.46576520800590515,0.05349016562104225
huggingface_uit-sentiment-dataset-reddit-2000-balanced::1nbyw3b,0.013709157705307007,0.4455726444721222,0.5407182574272156
huggingface_uit-sentiment-dataset-reddit-2000-balanced::1nc7ifv,0.40842553973197937,0.4816419780254364,0.10993245989084244
huggingface_uit-sentiment-dataset-reddit-2000-balanced::1nce3ua,0.761664628982544,0.2231171429157257,0.015218189917504787
huggingface_uit-sentiment-dataset-reddit-2000-balanced::1ncfp6q,0.014607926830649376,0.5862395763397217,0.399152547121048
huggingface_uit-sentiment-dataset-reddit-2000-balanced::1ncs89p,0.2897438108921051,0.6850237846374512,0.025232451036572456
huggingface_uit-sentiment-dataset-reddit-2000-balanced::1nd4m2h,0.00485580088570714,0.08919137716293335,0.9059528708457947
huggingface_uit-sentiment-dataset-reddit-2000-balanced::1nd6var,0.002435706788673997,0.04410650208592415,0.953457772731781
huggingface_uit-sentiment-dataset-reddit-2000-balanced::1ndb1oo,0.1698594093322754,0.3007817566394806,0.5293588638305664
huggingface_uit-sentiment-dataset-reddit-2000-balanced::1ne4ttx,0.43670785427093506,0.5351904034614563,0.028101738542318344
huggingface_uit-sentiment-dataset-reddit-2000-balanced::1nemrqa,0.19673235714435577,0.700454592704773,0.10281302779912949
huggingface_uit-sentiment-dataset-reddit-2000-balanced::1nemx7j,0.2221992313861847,0.6748566031455994,0.10294415056705475
huggingface_uit-sentiment-dataset-reddit-2000-balanced::1nf60zl,0.009123718366026878,0.3256283402442932,0.665247917175293
huggingface_uit-sentiment-dataset-reddit-2000-balanced::1nf7n9q,0.028832999989390373,0.5244226455688477,0.4467443525791168
huggingface_uit-sentiment-dataset-reddit-2000-balanced::1nfev71,0.010281217284500599,0.600918710231781,0.38880011439323425
huggingface_uit-sentiment-dataset-reddit-2000-balanced::1nft4qo,0.6026994585990906,0.37231847643852234,0.024982066825032234
huggingface_uit-sentiment-dataset-reddit-2000-balanced::1nfw7js,0.5412360429763794,0.39467260241508484,0.06409139186143875
huggingface_uit-sentiment-dataset-reddit-2000-balanced::1nhn9xh,0.03216034919023514,0.8994704484939575,0.06836913526058197
huggingface_uit-sentiment-dataset-reddit-2000-balanced::1ni1lga,0.49906226992607117,0.48249614238739014,0.01844162680208683
huggingface_uit-sentiment-dataset-reddit-2000-balanced::1nik9qe,0.06551533192396164,0.8476858735084534,0.0867987796664238
huggingface_uit-sentiment-dataset-reddit-2000-balanced::1niz8cg,0.0022707409225404263,0.05596587806940079,0.9417634010314941
huggingface_uit-sentiment-dataset-reddit-2000-balanced::1njb1ni,0.44391801953315735,0.4958200454711914,0.06026187539100647
huggingface_uit-sentiment-dataset-reddit-2000-balanced::1nji6e0,0.053111229091882706,0.6768380999565125,0.27005067467689514
huggingface_uit-sentiment-dataset-reddit-2000-balanced::1nk3zr8,0.5507763624191284,0.43652772903442383,0.012695981189608574
huggingface_uit-sentiment-dataset-reddit-2000-balanced::1nk69iy,0.6680827736854553,0.3098509907722473,0.022066250443458557
huggingface_uit-sentiment-dataset-reddit-2000-balanced::1nkzbtv,0.5846871733665466,0.38853153586387634,0.026781287044286728
huggingface_uit-sentiment-dataset-reddit-2000-balanced::1nl6qd5,0.6668576598167419,0.3103410601615906,0.02280125394463539
huggingface_uit-sentiment-dataset-reddit-2000-balanced::1nldq7l,0.01494553778320551,0.5046643018722534,0.48039016127586365
huggingface_uit-sentiment-dataset-reddit-2000-balanced::1nlfw4g,0.4101742208003998,0.47584086656570435,0.11398493498563766
huggingface_uit-sentiment-dataset-reddit-2000-balanced::1nlh2nb,0.007974440231919289,0.3825565576553345,0.6094690561294556
huggingface_uit-sentiment-dataset-reddit-2000-balanced::1nma63x,0.3689334988594055,0.6174426078796387,0.013623883947730064
huggingface_uit-sentiment-dataset-reddit-2000-balanced::1nmq7am,0.11492632329463959,0.774343729019165,0.11072992533445358
huggingface_uit-sentiment-dataset-reddit-2000-balanced::1nnefs0,0.006053865887224674,0.30323418974876404,0.6907119154930115
huggingface_uit-sentiment-dataset-reddit-2000-balanced::1nnh56u,0.4265028238296509,0.5189194083213806,0.054577719420194626
huggingface_uit-sentiment-dataset-reddit-2000-balanced::1nni7l7,0.7122654914855957,0.23882265388965607,0.04891180619597435
huggingface_uit-sentiment-dataset-reddit-2000-balanced::1nnk4kx,0.34872370958328247,0.5711337924003601,0.080142542719841
huggingface_uit-sentiment-dataset-reddit-2000-balanced::1nnw2n9,0.004603144247084856,0.018413634970784187,0.9769832491874695
huggingface_uit-sentiment-dataset-reddit-2000-balanced::1nnxv8r,0.004954969044774771,0.38439756631851196,0.610647439956665
huggingface_uit-sentiment-dataset-reddit-2000-balanced::1noswpu,0.0225382037460804,0.5032705068588257,0.4741913080215454
huggingface_uit-sentiment-dataset-reddit-2000-balanced::1np69ef,0.08685831725597382,0.8036925792694092,0.10944908112287521
huggingface_uit-sentiment-dataset-reddit-2000-balanced::1npitw2,0.013315487653017044,0.9080936908721924,0.07859090715646744
huggingface_uit-sentiment-dataset-reddit-2000-balanced::1npxerh,0.02942369133234024,0.9040622115135193,0.06651417911052704
huggingface_uit-sentiment-dataset-reddit-2000-balanced::1nq12hq,0.023482725024223328,0.7817532420158386,0.19476398825645447
huggingface_uit-sentiment-dataset-reddit-2000-balanced::1nqef1l,0.01622762531042099,0.6743100881576538,0.30946221947669983
huggingface_uit-sentiment-dataset-reddit-2000-balanced::1nqhvp4,0.024522732943296432,0.3831832706928253,0.592293918132782
huggingface_uit-sentiment-dataset-reddit-2000-balanced::1nqk5oi,0.00662363413721323,0.8398521542549133,0.1535242646932602
huggingface_uit-sentiment-dataset-reddit-2000-balanced::1nr1ufy,0.22294902801513672,0.7527835965156555,0.024267300963401794
huggingface_uit-sentiment-dataset-reddit-2000-balanced::1nr74v9,0.05704336240887642,0.8344192504882812,0.10853735357522964
huggingface_uit-sentiment-dataset-reddit-2000-balanced::1nrrh7d,0.4860224723815918,0.47744476795196533,0.036532651633024216
huggingface_uit-sentiment-dataset-reddit-2000-balanced::1ntnegj,0.009229336865246296,0.9224048256874084,0.06836584210395813
huggingface_uit-sentiment-dataset-reddit-2000-balanced::1ntofd1,0.0038613826036453247,0.7269619107246399,0.26917675137519836
huggingface_uit-sentiment-dataset-reddit-2000-balanced::1ntow9j,0.007208641618490219,0.13425526022911072,0.8585361242294312
huggingface_uit-sentiment-dataset-reddit-2000-balanced::1ntoz5m,0.0041266195476055145,0.4621742069721222,0.5336992144584656
huggingface_uit-sentiment-dataset-reddit-2000-balanced::1ntqs72,0.025296220555901527,0.9065026640892029,0.06820108741521835
huggingface_uit-sentiment-dataset-reddit-2000-balanced::1ntqzar,0.3845359683036804,0.5435067415237427,0.07195736467838287
huggingface_uit-sentiment-dataset-reddit-2000-balanced::1ntrzml,0.01544855535030365,0.5517528057098389,0.4327986538410187
huggingface_uit-sentiment-dataset-reddit-2000-balanced::1nu6dmo,0.03627645596861839,0.881220817565918,0.08250265568494797
huggingface_uit-sentiment-dataset-reddit-2000-balanced::1nu6i00,0.004153976682573557,0.1266903281211853,0.869155764579773
huggingface_uit-sentiment-dataset-reddit-2000-balanced::1nu70yf,0.004658236633986235,0.28114789724349976,0.7141938209533691
huggingface_uit-sentiment-dataset-reddit-2000-balanced::1nu8zmn,0.007698935456573963,0.3333163559436798,0.6589847207069397
huggingface_uit-sentiment-dataset-reddit-2000-balanced::1nub6zm,0.17526239156723022,0.749435544013977,0.0753021240234375
huggingface_uit-sentiment-dataset-reddit-2000-balanced::1nuehtq,0.32304757833480835,0.55242919921875,0.12452325224876404
huggingface_uit-sentiment-dataset-reddit-2000-balanced::1nuerql,0.007391105405986309,0.2904495596885681,0.7021593451499939
huggingface_uit-sentiment-dataset-reddit-2000-balanced::1nutgpb,0.006363262888044119,0.13611945509910583,0.8575173020362854
huggingface_uit-sentiment-dataset-reddit-2000-balanced::1nuw0du,0.0057715666480362415,0.09985700994729996,0.8943713903427124
huggingface_uit-sentiment-dataset-reddit-2000-balanced::1nv3tyt,0.066115602850914,0.6669580936431885,0.2669263184070587
huggingface_uit-sentiment-dataset-reddit-2000-balanced::1nv4bdi,0.22661226987838745,0.7458421587944031,0.027545610442757607
huggingface_uit-sentiment-dataset-reddit-2000-balanced::1nv5uqk,0.03737630695104599,0.8049390316009521,0.15768460929393768
huggingface_uit-sentiment-dataset-reddit-2000-balanced::1nv6a1a,0.005002661608159542,0.32725971937179565,0.667737603187561
huggingface_uit-sentiment-dataset-reddit-2000-balanced::1nv873m,0.0061133261770009995,0.31385135650634766,0.6800352931022644
huggingface_uit-sentiment-dataset-reddit-2000-balanced::1nvgei6,0.06929429620504379,0.7708206176757812,0.15988512337207794
huggingface_uit-sentiment-dataset-reddit-2000-balanced::1nvmaen,0.028740396723151207,0.1773192286491394,0.7939403653144836
huggingface_uit-sentiment-dataset-reddit-2000-balanced::1nwbf5s,0.030399497598409653,0.6334143877029419,0.33618611097335815
huggingface_uit-sentiment-dataset-reddit-2000-balanced::1nxp7v6,0.003868460189551115,0.07770591974258423,0.9184255599975586
huggingface_uit-sentiment-dataset-reddit-2000-balanced::1nydxoq,0.002766599878668785,0.09846765547990799,0.8987658023834229
huggingface_uit-sentiment-dataset-reddit-2000-balanced::1nyvqyx,0.014882816933095455,0.3771519660949707,0.6079652309417725
huggingface_uit-sentiment-dataset-reddit-2000-balanced::1o1b2f7,0.1264728158712387,0.6722133755683899,0.2013137936592102
huggingface_uit-sentiment-dataset-reddit-2000-balanced::1o2dv03,0.12224860489368439,0.8028277158737183,0.07492370903491974
huggingface_uit-sentiment-dataset-reddit-2000-balanced::1o32t0j,0.0073002236895263195,0.765935480594635,0.2267642766237259
huggingface_uit-sentiment-dataset-reddit-2000-balanced::1o3t1t7,0.6773514151573181,0.30191487073898315,0.020733721554279327
huggingface_uit-sentiment-dataset-reddit-2000-balanced::1o408is,0.014884431846439838,0.9170111417770386,0.06810450553894043
huggingface_uit-sentiment-dataset-reddit-2000-balanced::1o42n2x,0.010046981275081635,0.1556210219860077,0.8343319892883301
huggingface_uit-sentiment-dataset-reddit-2000-balanced::1o43mjy,0.6109974980354309,0.3759024739265442,0.013100099749863148
huggingface_uit-sentiment-dataset-reddit-2000-balanced::1o4s1i0,0.517301082611084,0.4489142596721649,0.033784639090299606
huggingface_uit-sentiment-dataset-reddit-2000-balanced::1o5ms7y,0.00868799164891243,0.26239654421806335,0.7289154529571533
huggingface_uit-sentiment-dataset-reddit-2000-balanced::1o6fnoc,0.010998014360666275,0.21230705082416534,0.7766948938369751
huggingface_uit-sentiment-dataset-reddit-2000-balanced::1o6l93a,0.030426451936364174,0.8078639507293701,0.16170957684516907
huggingface_uit-sentiment-dataset-reddit-2000-balanced::1o6zk6e,0.03653015196323395,0.25903573632240295,0.7044341564178467
huggingface_uit-sentiment-dataset-reddit-2000-balanced::1o78vgg,0.9113917350769043,0.07547738403081894,0.01313088834285736
huggingface_uit-sentiment-dataset-reddit-2000-balanced::1o7eevp,0.07810133695602417,0.8140380382537842,0.10786069184541702
huggingface_uit-sentiment-dataset-reddit-2000-balanced::1o7gdv9,0.01860739290714264,0.9317544102668762,0.049638181924819946
huggingface_uit-sentiment-dataset-reddit-2000-balanced::1o7gqte,0.005309576168656349,0.9061551690101624,0.08853527903556824
huggingface_uit-sentiment-dataset-reddit-2000-balanced::1o7rcs7,0.012945810332894325,0.11796823889017105,0.869085967540741
huggingface_uit-sentiment-dataset-reddit-2000-balanced::1o7ulr3,0.16955092549324036,0.7718806862831116,0.05856828764081001
huggingface_uit-sentiment-dataset-reddit-2000-balanced::1o7v8bi,0.015464140102267265,0.4024244248867035,0.5821114182472229
huggingface_uit-sentiment-dataset-reddit-2000-balanced::1o9beqc,0.15010122954845428,0.730189859867096,0.11970890313386917
huggingface_uit-sentiment-dataset-reddit-2000-balanced::1oa2qj2,0.008304188027977943,0.24448706209659576,0.7472087740898132
huggingface_uit-sentiment-dataset-reddit-2000-balanced::1ob8a40,0.12985935807228088,0.7690075635910034,0.1011330708861351
huggingface_uit-sentiment-dataset-reddit-2000-balanced::1ob9k3p,0.016139745712280273,0.09772531688213348,0.886134922504425
huggingface_uit-sentiment-dataset-reddit-2000-balanced::1obkyqe,0.19317051768302917,0.7472526431083679,0.05957688018679619
huggingface_uit-sentiment-dataset-reddit-2000-balanced::1obuzin,0.05570492520928383,0.7174054384231567,0.22688964009284973
huggingface_uit-sentiment-dataset-reddit-2000-balanced::1oc80s4,0.28866755962371826,0.6537601947784424,0.05757230892777443
huggingface_uit-sentiment-dataset-reddit-2000-balanced::1od3mfw,0.02528090961277485,0.9286386370658875,0.0460805669426918
huggingface_uit-sentiment-dataset-reddit-2000-balanced::1ode2yi,0.5460303425788879,0.4341208338737488,0.019848812371492386
huggingface_uit-sentiment-dataset-reddit-2000-balanced::1odqhtm,0.006067376118153334,0.10520114004611969,0.8887314200401306
huggingface_uit-sentiment-dataset-reddit-2000-balanced::1odx2b3,0.018837586045265198,0.6525778770446777,0.32858458161354065
huggingface_uit-sentiment-dataset-reddit-2000-balanced::1oe86ak,0.01419390831142664,0.7028226852416992,0.2829834222793579
huggingface_uit-sentiment-dataset-reddit-2000-balanced::1oejecx,0.0054398332722485065,0.3185708820819855,0.6759892106056213
huggingface_uit-sentiment-dataset-reddit-2000-balanced::1og8mc7,0.35305944085121155,0.6229953169822693,0.023945216089487076
huggingface_uit-sentiment-dataset-reddit-2000-balanced::1ogatwe,0.03474770486354828,0.5853275060653687,0.37992486357688904
huggingface_uit-sentiment-dataset-reddit-2000-balanced::1ogl3yp,0.07313430309295654,0.7904346585273743,0.13643106818199158
huggingface_uit-sentiment-dataset-reddit-2000-balanced::1kbyvof,0.5897394418716431,0.39445969462394714,0.015800809487700462
huggingface_uit-sentiment-dataset-reddit-2000-balanced::1kc8z2l,0.8423969149589539,0.15175451338291168,0.0058485278859734535
huggingface_uit-sentiment-dataset-reddit-2000-balanced::1kcwz6s,0.03520342707633972,0.5033722519874573,0.4614242911338806
huggingface_uit-sentiment-dataset-reddit-2000-balanced::1kd98vt,0.7778899669647217,0.20943249762058258,0.012677510268986225
huggingface_uit-sentiment-dataset-reddit-2000-balanced::1kdcg02,0.8234369158744812,0.1593460589647293,0.01721702702343464
huggingface_uit-sentiment-dataset-reddit-2000-balanced::1kdnxqj,0.35987332463264465,0.6035104393959045,0.036616191267967224
huggingface_uit-sentiment-dataset-reddit-2000-balanced::1kdzamj,0.7123318910598755,0.27450817823410034,0.01315994281321764
huggingface_uit-sentiment-dataset-reddit-2000-balanced::1ke71lr,0.27336356043815613,0.5632073879241943,0.16342905163764954
huggingface_uit-sentiment-dataset-reddit-2000-balanced::1ke7aqj,0.24078398942947388,0.6679322719573975,0.09128378331661224
huggingface_uit-sentiment-dataset-reddit-2000-balanced::1kf32fm,0.37623724341392517,0.5712016820907593,0.052561111748218536
huggingface_uit-sentiment-dataset-reddit-2000-balanced::1kf992z,0.6852594614028931,0.281961053609848,0.032779429107904434
huggingface_uit-sentiment-dataset-reddit-2000-balanced::1kfafpw,0.6997299790382385,0.28875795006752014,0.011512093245983124
huggingface_uit-sentiment-dataset-reddit-2000-balanced::1kgc5y1,0.060510147362947464,0.860719621181488,0.07877028733491898
huggingface_uit-sentiment-dataset-reddit-2000-balanced::1kgfk4k,0.7853453159332275,0.1983439326286316,0.016310766339302063
huggingface_uit-sentiment-dataset-reddit-2000-balanced::1kgn8pc,0.007548552472144365,0.5408817529678345,0.45156964659690857
huggingface_uit-sentiment-dataset-reddit-2000-balanced::1kgqfc2,0.22933794558048248,0.7275478839874268,0.04311426356434822
huggingface_uit-sentiment-dataset-reddit-2000-balanced::1kgr4bz,0.2607930302619934,0.7144441604614258,0.024762799963355064
huggingface_uit-sentiment-dataset-reddit-2000-balanced::1kguwqf,0.153233140707016,0.7977769374847412,0.0489899180829525
huggingface_uit-sentiment-dataset-reddit-2000-balanced::1khc9z7,0.557020366191864,0.4162136912345886,0.02676592580974102
huggingface_uit-sentiment-dataset-reddit-2000-balanced::1ki43l5,0.37233811616897583,0.33377793431282043,0.2938839793205261
huggingface_uit-sentiment-dataset-reddit-2000-balanced::1kibjje,0.00351601536385715,0.7460482120513916,0.2504357695579529
huggingface_uit-sentiment-dataset-reddit-2000-balanced::1kieeog,0.1199706494808197,0.7192016839981079,0.1608276665210724
huggingface_uit-sentiment-dataset-reddit-2000-balanced::1kivnb9,0.11922802776098251,0.7841775417327881,0.09659443795681
huggingface_uit-sentiment-dataset-reddit-2000-balanced::1kjxup7,0.040871474891901016,0.7350543737411499,0.2240740805864334
huggingface_uit-sentiment-dataset-reddit-2000-balanced::1kk2hxq,0.6399759650230408,0.3337487578392029,0.026275258511304855
huggingface_uit-sentiment-dataset-reddit-2000-balanced::1kkt866,0.006076440680772066,0.37770766019821167,0.6162158846855164
huggingface_uit-sentiment-dataset-reddit-2000-balanced::1kkwdmu,0.30996736884117126,0.6362048983573914,0.05382769927382469
huggingface_uit-sentiment-dataset-reddit-2000-balanced::1kl7o4s,0.24177660048007965,0.645891010761261,0.11233235150575638
huggingface_uit-sentiment-dataset-reddit-2000-balanced::1klkj1u,0.01901143789291382,0.49117764830589294,0.48981091380119324
huggingface_uit-sentiment-dataset-reddit-2000-balanced::1klpje1,0.003747276496142149,0.44800901412963867,0.5482437014579773
huggingface_uit-sentiment-dataset-reddit-2000-balanced::1klrio8,0.3303057849407196,0.5985447764396667,0.07114948332309723
huggingface_uit-sentiment-dataset-reddit-2000-balanced::1km59pk,0.5211315155029297,0.437799334526062,0.041069187223911285
huggingface_uit-sentiment-dataset-reddit-2000-balanced::1km7o0j,0.28844258189201355,0.6615682244300842,0.049989260733127594
huggingface_uit-sentiment-dataset-reddit-2000-balanced::1kmg840,0.8362719416618347,0.15600819885730743,0.007719766814261675
huggingface_uit-sentiment-dataset-reddit-2000-balanced::1kmmool,0.014867698773741722,0.5172939896583557,0.4678383469581604
huggingface_uit-sentiment-dataset-reddit-2000-balanced::1kn0u0j,0.15627506375312805,0.6309865117073059,0.21273843944072723
huggingface_uit-sentiment-dataset-reddit-2000-balanced::1knit3k,0.027280986309051514,0.7398470044136047,0.23287200927734375
huggingface_uit-sentiment-dataset-reddit-2000-balanced::1knloti,0.7945765256881714,0.18648886680603027,0.01893462799489498
huggingface_uit-sentiment-dataset-reddit-2000-balanced::1knx0hy,0.7482395172119141,0.21812620759010315,0.03363436833024025
huggingface_uit-sentiment-dataset-reddit-2000-balanced::1kphqe8,0.0070261238142848015,0.24742932617664337,0.7455445528030396
huggingface_uit-sentiment-dataset-reddit-2000-balanced::1kr2w5h,0.9151924252510071,0.07720962166786194,0.0075979456305503845
huggingface_uit-sentiment-dataset-reddit-2000-balanced::1kr3485,0.005980013869702816,0.38522955775260925,0.608790397644043
huggingface_uit-sentiment-dataset-reddit-2000-balanced::1krrstk,0.47252824902534485,0.4710046648979187,0.05646710470318794
huggingface_uit-sentiment-dataset-reddit-2000-balanced::1krvih1,0.05112036317586899,0.9141218066215515,0.03475784510374069
huggingface_uit-sentiment-dataset-reddit-2000-balanced::1krxcjb,0.8195375800132751,0.1716778725385666,0.008784584701061249
huggingface_uit-sentiment-dataset-reddit-2000-balanced::1ks3egn,0.004835094325244427,0.5479313731193542,0.44723355770111084
huggingface_uit-sentiment-dataset-reddit-2000-balanced::1ks3lrr,0.005111177917569876,0.7097054719924927,0.2851834297180176
huggingface_uit-sentiment-dataset-reddit-2000-balanced::1ks49b9,0.022008197382092476,0.884538471698761,0.09345334768295288
huggingface_uit-sentiment-dataset-reddit-2000-balanced::1kt38ww,0.012606077827513218,0.624409556388855,0.36298438906669617
huggingface_uit-sentiment-dataset-reddit-2000-balanced::1ktr5oc,0.6442756056785583,0.34039756655693054,0.015326847322285175
huggingface_uit-sentiment-dataset-reddit-2000-balanced::1ku8xpw,0.00883199367672205,0.8253446221351624,0.16582338511943817
huggingface_uit-sentiment-dataset-reddit-2000-balanced::1kubxdx,0.007841968908905983,0.024426734074950218,0.967731237411499
huggingface_uit-sentiment-dataset-reddit-2000-balanced::1kuk93a,0.00994784850627184,0.4228086769580841,0.5672434568405151
huggingface_uit-sentiment-dataset-reddit-2000-balanced::1kvj0nt,0.004124860744923353,0.19043096899986267,0.8054441213607788
huggingface_uit-sentiment-dataset-reddit-2000-balanced::1kw0st5,0.01024138554930687,0.6809136867523193,0.3088449537754059
huggingface_uit-sentiment-dataset-reddit-2000-balanced::1kxqmgu,0.791832685470581,0.19246895611286163,0.015698328614234924
huggingface_uit-sentiment-dataset-reddit-2000-balanced::1kxw1wa,0.6776503920555115,0.30428066849708557,0.018068986013531685
huggingface_uit-sentiment-dataset-reddit-2000-balanced::1kxxfe5,0.1803997904062271,0.7287848591804504,0.09081538766622543
huggingface_uit-sentiment-dataset-reddit-2000-balanced::1ky14jn,0.00988988857716322,0.6821684241294861,0.3079416751861572
huggingface_uit-sentiment-dataset-reddit-2000-balanced::1ky2eag,0.5510925054550171,0.3949398398399353,0.05396769195795059
huggingface_uit-sentiment-dataset-reddit-2000-balanced::1kyd493,0.01383243314921856,0.94112628698349,0.04504120722413063
huggingface_uit-sentiment-dataset-reddit-2000-balanced::1kygy28,0.2722174823284149,0.6851128935813904,0.04266960546374321
huggingface_uit-sentiment-dataset-reddit-2000-balanced::1kyi3zf,0.03784647583961487,0.28617095947265625,0.6759825348854065
huggingface_uit-sentiment-dataset-reddit-2000-balanced::1kyyjks,0.12750062346458435,0.6015374660491943,0.2709619402885437
huggingface_uit-sentiment-dataset-reddit-2000-balanced::1kyyxcv,0.0036854995414614677,0.607222855091095,0.3890916109085083
huggingface_uit-sentiment-dataset-reddit-2000-balanced::1l05psj,0.6693384647369385,0.3046070635318756,0.02605450339615345
huggingface_uit-sentiment-dataset-reddit-2000-balanced::1l07y3h,0.007655672263354063,0.8415231108665466,0.15082116425037384
huggingface_uit-sentiment-dataset-reddit-2000-balanced::1l19ygg,0.7712808847427368,0.2100292295217514,0.01868990808725357
huggingface_uit-sentiment-dataset-reddit-2000-balanced::1l1ic30,0.08040210604667664,0.6606756448745728,0.2589222490787506
huggingface_uit-sentiment-dataset-reddit-2000-balanced::1l1ipdf,0.054135192185640335,0.5735700726509094,0.37229472398757935
huggingface_uit-sentiment-dataset-reddit-2000-balanced::1l1yuxg,0.007073522545397282,0.45357024669647217,0.5393562912940979
huggingface_uit-sentiment-dataset-reddit-2000-balanced::1l2cp2r,0.6848866939544678,0.3027621805667877,0.01235118880867958
huggingface_uit-sentiment-dataset-reddit-2000-balanced::1l2ivdj,0.5538591742515564,0.4201679229736328,0.02597285993397236
huggingface_uit-sentiment-dataset-reddit-2000-balanced::1l2yva2,0.7017034888267517,0.2779644727706909,0.020332034677267075
huggingface_uit-sentiment-dataset-reddit-2000-balanced::1l3a3yk,0.1434655338525772,0.8082670569419861,0.048267465084791183
huggingface_uit-sentiment-dataset-reddit-2000-balanced::1l3v7dv,0.9404651522636414,0.05520150437951088,0.004333408549427986
huggingface_uit-sentiment-dataset-reddit-2000-balanced::1l43wvg,0.38454699516296387,0.586432933807373,0.02902008406817913
huggingface_uit-sentiment-dataset-reddit-2000-balanced::1l4u9vs,0.5203099250793457,0.4645524322986603,0.01513757836073637
huggingface_uit-sentiment-dataset-reddit-2000-balanced::1l4vn10,0.27635377645492554,0.5622423887252808,0.16140390932559967
huggingface_uit-sentiment-dataset-reddit-2000-balanced::1l5ap1x,0.9281067252159119,0.06495797634124756,0.006935312878340483
huggingface_uit-sentiment-dataset-reddit-2000-balanced::1l5pys0,0.0078015439212322235,0.06818093359470367,0.9240174889564514
huggingface_uit-sentiment-dataset-reddit-2000-balanced::1l6b1f6,0.00529923802241683,0.765964150428772,0.2287365347146988
huggingface_uit-sentiment-dataset-reddit-2000-balanced::1l7gjjn,0.0034018035512417555,0.06691733002662659,0.9296808838844299
huggingface_uit-sentiment-dataset-reddit-2000-balanced::1l7ul9s,0.4546918272972107,0.5121734738349915,0.03313470631837845
huggingface_uit-sentiment-dataset-reddit-2000-balanced::1l7vcva,0.012174330651760101,0.9424647092819214,0.04536097124218941
huggingface_uit-sentiment-dataset-reddit-2000-balanced::1l84lag,0.008120264858007431,0.7736309170722961,0.21824884414672852
huggingface_uit-sentiment-dataset-reddit-2000-balanced::1l89hzk,0.025161080062389374,0.3301711678504944,0.6446678042411804
huggingface_uit-sentiment-dataset-reddit-2000-balanced::1l8q5f7,0.002642199397087097,0.10097862780094147,0.8963791131973267
huggingface_uit-sentiment-dataset-reddit-2000-balanced::1l9axku,0.6522775292396545,0.3156578242778778,0.032064639031887054
huggingface_uit-sentiment-dataset-reddit-2000-balanced::1l9dd55,0.06389853358268738,0.7792850732803345,0.15681643784046173
huggingface_uit-sentiment-dataset-reddit-2000-balanced::1l9fpz2,0.9299366474151611,0.06375511735677719,0.006308169569820166
huggingface_uit-sentiment-dataset-reddit-2000-balanced::1l9j2pi,0.7082112431526184,0.27948305010795593,0.012305686250329018
huggingface_uit-sentiment-dataset-reddit-2000-balanced::1l9qg68,0.9330964684486389,0.06108962744474411,0.005814002361148596
huggingface_uit-sentiment-dataset-reddit-2000-balanced::1l9zj28,0.12299127131700516,0.7141628861427307,0.1628458946943283
huggingface_uit-sentiment-dataset-reddit-2000-balanced::1la98xw,0.5452715158462524,0.37517350912094116,0.07955501228570938
huggingface_uit-sentiment-dataset-reddit-2000-balanced::1la9t0d,0.0092890290543437,0.3840012550354004,0.6067096590995789
huggingface_uit-sentiment-dataset-reddit-2000-balanced::1labqsm,0.6385340690612793,0.3379709720611572,0.023494914174079895
huggingface_uit-sentiment-dataset-reddit-2000-balanced::1lam4zw,0.8028222918510437,0.1851598173379898,0.012017925269901752
huggingface_uit-sentiment-dataset-reddit-2000-balanced::1lb1te6,0.18439233303070068,0.6015313863754272,0.21407634019851685
huggingface_uit-sentiment-dataset-reddit-2000-balanced::1lbjpgc,0.5891187787055969,0.3650829493999481,0.04579833149909973
huggingface_uit-sentiment-dataset-reddit-2000-balanced::1lbu89a,0.005394916515797377,0.24354611337184906,0.7510589957237244
huggingface_uit-sentiment-dataset-reddit-2000-balanced::1lc0db9,0.841776967048645,0.1504203975200653,0.007802657317370176
huggingface_uit-sentiment-dataset-reddit-2000-balanced::1lcd1ke,0.8083946704864502,0.18196091055870056,0.00964443851262331
huggingface_uit-sentiment-dataset-reddit-2000-balanced::1lchlmd,0.0851871594786644,0.8632911443710327,0.051521722227334976
huggingface_uit-sentiment-dataset-reddit-2000-balanced::1lcvxkc,0.31769728660583496,0.615657389163971,0.06664532423019409
huggingface_uit-sentiment-dataset-reddit-2000-balanced::1ldc37r,0.010314461775124073,0.3201441168785095,0.6695414185523987
huggingface_uit-sentiment-dataset-reddit-2000-balanced::1ldmt43,0.006215086672455072,0.02745880000293255,0.9663260579109192
huggingface_uit-sentiment-dataset-reddit-2000-balanced::1ldnfyb,0.8199461698532104,0.16838860511779785,0.011665170080959797
huggingface_uit-sentiment-dataset-reddit-2000-balanced::1ldxnlq,0.015471072867512703,0.24688614904880524,0.737642765045166
huggingface_uit-sentiment-dataset-reddit-2000-balanced::1le6z7n,0.004237663932144642,0.42745718359947205,0.5683051347732544
huggingface_uit-sentiment-dataset-reddit-2000-balanced::1lf6nis,0.004192296881228685,0.1658247709274292,0.8299829959869385
huggingface_uit-sentiment-dataset-reddit-2000-balanced::1lfe3ih,0.007621875498443842,0.6711575984954834,0.3212205171585083
huggingface_uit-sentiment-dataset-reddit-2000-balanced::1lfw1eg,0.10011863708496094,0.8019078969955444,0.09797344356775284
huggingface_uit-sentiment-dataset-reddit-2000-balanced::1lgkrz9,0.009364336729049683,0.946054995059967,0.04458071291446686
huggingface_uit-sentiment-dataset-reddit-2000-balanced::1lh0rhp,0.008205747231841087,0.7373396158218384,0.2544545829296112
huggingface_uit-sentiment-dataset-reddit-2000-balanced::1lhc3zr,0.6217561960220337,0.36427298188209534,0.013970755971968174
huggingface_uit-sentiment-dataset-reddit-2000-balanced::1lir65f,0.4859248995780945,0.4660010039806366,0.04807411879301071
huggingface_uit-sentiment-dataset-reddit-2000-balanced::1ljgp99,0.8645857572555542,0.12913691997528076,0.0062773083336651325
huggingface_uit-sentiment-dataset-reddit-2000-balanced::1ljtj0e,0.01215008832514286,0.5808095335960388,0.40704038739204407
huggingface_uit-sentiment-dataset-reddit-2000-balanced::1lk3kdr,0.03943958133459091,0.8559566736221313,0.10460375994443893
huggingface_uit-sentiment-dataset-reddit-2000-balanced::1lk5dyd,0.7167176604270935,0.2737624943256378,0.009519836865365505
huggingface_uit-sentiment-dataset-reddit-2000-balanced::1lk6p2l,0.0032366332598030567,0.07035084813833237,0.9264125227928162
huggingface_uit-sentiment-dataset-reddit-2000-balanced::1lkwr1e,0.04635840281844139,0.519995927810669,0.43364566564559937
huggingface_uit-sentiment-dataset-reddit-2000-balanced::1lkxhxs,0.9040005207061768,0.08786838501691818,0.00813109427690506
huggingface_uit-sentiment-dataset-reddit-2000-balanced::1lky5j0,0.11841049045324326,0.845789909362793,0.03579956293106079
huggingface_uit-sentiment-dataset-reddit-2000-balanced::1ll2rtu,0.008058273233473301,0.05015664920210838,0.9417850971221924
huggingface_uit-sentiment-dataset-reddit-2000-balanced::1ll5v9f,0.00584386708214879,0.5471381545066833,0.44701796770095825
huggingface_uit-sentiment-dataset-reddit-2000-balanced::1ll7tk8,0.037003908306360245,0.5242248773574829,0.43877112865448
huggingface_uit-sentiment-dataset-reddit-2000-balanced::1llxjkv,0.04520813748240471,0.33192428946495056,0.6228676438331604
huggingface_uit-sentiment-dataset-reddit-2000-balanced::1lnin1x,0.7501780390739441,0.23115704953670502,0.018664931878447533
huggingface_uit-sentiment-dataset-reddit-2000-balanced::1lns27l,0.8431571125984192,0.14980857074260712,0.00703439163044095
huggingface_uit-sentiment-dataset-reddit-2000-balanced::1lnu9t9,0.06128526106476784,0.8370134234428406,0.10170130431652069
huggingface_uit-sentiment-dataset-reddit-2000-balanced::1lnybam,0.023195184767246246,0.3259701430797577,0.6508346796035767
huggingface_uit-sentiment-dataset-reddit-2000-balanced::1loqwl5,0.008540274575352669,0.4319266676902771,0.5595331192016602
huggingface_uit-sentiment-dataset-reddit-2000-balanced::1lpu16h,0.005352509208023548,0.16633956134319305,0.8283079266548157
huggingface_uit-sentiment-dataset-reddit-2000-balanced::1lqacj7,0.39480239152908325,0.5521191358566284,0.053078487515449524
huggingface_uit-sentiment-dataset-reddit-2000-balanced::1lrck4e,0.007672495674341917,0.878612220287323,0.11371523141860962
huggingface_uit-sentiment-dataset-reddit-2000-balanced::1lre4zs,0.6865320801734924,0.2911762595176697,0.022291701287031174
huggingface_uit-sentiment-dataset-reddit-2000-balanced::1lrsjbd,0.20690329372882843,0.771835446357727,0.02126123197376728
huggingface_uit-sentiment-dataset-reddit-2000-balanced::1lrxyaq,0.4339981973171234,0.5216158628463745,0.04438585042953491
huggingface_uit-sentiment-dataset-reddit-2000-balanced::1ltgz98,0.47956782579421997,0.4983672797679901,0.02206489071249962
huggingface_uit-sentiment-dataset-reddit-2000-balanced::1lthby2,0.05854502692818642,0.7674872279167175,0.17396770417690277
huggingface_uit-sentiment-dataset-reddit-2000-balanced::1luddcn,0.012507605366408825,0.4604779779911041,0.5270143747329712
huggingface_uit-sentiment-dataset-reddit-2000-balanced::1lusutn,0.028291383758187294,0.7311798334121704,0.24052883684635162
huggingface_uit-sentiment-dataset-reddit-2000-balanced::1lv241r,0.039850082248449326,0.8773634433746338,0.08278641104698181
huggingface_uit-sentiment-dataset-reddit-2000-balanced::1lw7s86,0.00914938747882843,0.5148727893829346,0.4759778678417206
huggingface_uit-sentiment-dataset-reddit-2000-balanced::1lwptpc,0.06021066755056381,0.8261989951133728,0.11359041929244995
huggingface_uit-sentiment-dataset-reddit-2000-balanced::1lwqnv8,0.5277811288833618,0.4575273394584656,0.014691566117107868
huggingface_uit-sentiment-dataset-reddit-2000-balanced::1lx1ob3,0.44968193769454956,0.524411678314209,0.025906337425112724
huggingface_uit-sentiment-dataset-reddit-2000-balanced::1lx2mps,0.029043717309832573,0.8268327116966248,0.14412356913089752
huggingface_uit-sentiment-dataset-reddit-2000-balanced::1lxgwgo,0.020716655999422073,0.21580302715301514,0.7634803056716919
huggingface_uit-sentiment-dataset-reddit-2000-balanced::1lxjmzc,0.12860095500946045,0.4493672847747803,0.4220317602157593
huggingface_uit-sentiment-dataset-reddit-2000-balanced::1lxw93v,0.0783720314502716,0.8174499273300171,0.10417800396680832
huggingface_uit-sentiment-dataset-reddit-2000-balanced::1ly69lm,0.06299540400505066,0.6324521899223328,0.3045524060726166
huggingface_uit-sentiment-dataset-reddit-2000-balanced::1lyxf1f,0.0056367297656834126,0.609163224697113,0.38519996404647827
huggingface_uit-sentiment-dataset-reddit-2000-balanced::1lz5sm6,0.2020411342382431,0.7245777249336243,0.07338113337755203
huggingface_uit-sentiment-dataset-reddit-2000-balanced::1m0e12x,0.759369969367981,0.21661724150180817,0.02401283197104931
huggingface_uit-sentiment-dataset-reddit-2000-balanced::1m0se1r,0.059651654213666916,0.7418577075004578,0.19849060475826263
huggingface_uit-sentiment-dataset-reddit-2000-balanced::1m14kv7,0.0032763055060058832,0.03301892429590225,0.9637048244476318
huggingface_uit-sentiment-dataset-reddit-2000-balanced::1m1ncr1,0.09098958969116211,0.7721961736679077,0.13681426644325256
huggingface_uit-sentiment-dataset-reddit-2000-balanced::1m1w0y5,0.0043900227174162865,0.8511015772819519,0.14450831711292267
huggingface_uit-sentiment-dataset-reddit-2000-balanced::1m29zpa,0.0662943497300148,0.2654913067817688,0.6682143807411194
huggingface_uit-sentiment-dataset-reddit-2000-balanced::1m2cygz,0.00467549217864871,0.17582371830940247,0.819500744342804
huggingface_uit-sentiment-dataset-reddit-2000-balanced::1m2ds0v,0.09345706552267075,0.8355527520179749,0.07099011540412903
huggingface_uit-sentiment-dataset-reddit-2000-balanced::1m2igfi,0.013695516623556614,0.7984412312507629,0.18786326050758362
huggingface_uit-sentiment-dataset-reddit-2000-balanced::1m2qgm1,0.8310979008674622,0.15628060698509216,0.012621414847671986
huggingface_uit-sentiment-dataset-reddit-2000-balanced::1m2v4t6,0.29753178358078003,0.43642446398735046,0.2660437226295471
huggingface_uit-sentiment-dataset-reddit-2000-balanced::1m2ysw4,0.8152833580970764,0.17392174899578094,0.01079488918185234
huggingface_uit-sentiment-dataset-reddit-2000-balanced::1m3dn66,0.006645838730037212,0.7158710360527039,0.2774832248687744
huggingface_uit-sentiment-dataset-reddit-2000-balanced::1m3hezd,0.0040334658697247505,0.4530625343322754,0.5429040193557739
huggingface_uit-sentiment-dataset-reddit-2000-balanced::1m3p5f2,0.011382129043340683,0.741899847984314,0.24671803414821625
huggingface_uit-sentiment-dataset-reddit-2000-balanced::1m4077q,0.32233962416648865,0.656287431716919,0.021372908726334572
huggingface_uit-sentiment-dataset-reddit-2000-balanced::1m4ge1a,0.16385744512081146,0.762022078037262,0.0741204246878624
huggingface_uit-sentiment-dataset-reddit-2000-balanced::1m5bez1,0.011067998595535755,0.4261721074581146,0.5627598762512207
huggingface_uit-sentiment-dataset-reddit-2000-balanced::1m5gl6e,0.421053022146225,0.5308021903038025,0.04814474284648895
huggingface_uit-sentiment-dataset-reddit-2000-balanced::1m5hi63,0.017582379281520844,0.7218515276908875,0.2605661153793335
huggingface_uit-sentiment-dataset-reddit-2000-balanced::1m75dy0,0.006293072830885649,0.02588118426501751,0.967825710773468
huggingface_uit-sentiment-dataset-reddit-2000-balanced::1m7bd41,0.5820409655570984,0.38182976841926575,0.03612925857305527
huggingface_uit-sentiment-dataset-reddit-2000-balanced::1m7bec4,0.5309844017028809,0.4378774166107178,0.031138118356466293
huggingface_uit-sentiment-dataset-reddit-2000-balanced::1m8pyvr,0.18823827803134918,0.6038494110107422,0.20791229605674744
huggingface_uit-sentiment-dataset-reddit-2000-balanced::1m9eqxw,0.035613588988780975,0.8207311034202576,0.14365525543689728
huggingface_uit-sentiment-dataset-reddit-2000-balanced::1m9mz99,0.01229302491992712,0.14324989914894104,0.8444570899009705
huggingface_uit-sentiment-dataset-reddit-2000-balanced::1m9vewy,0.8961963057518005,0.0971037968993187,0.006699949502944946
huggingface_uit-sentiment-dataset-reddit-2000-balanced::1m9wshe,0.27628061175346375,0.6825889945030212,0.0411304272711277
huggingface_uit-sentiment-dataset-reddit-2000-balanced::1mbgn08,0.007152648642659187,0.6773319244384766,0.3155154287815094
huggingface_uit-sentiment-dataset-reddit-2000-balanced::1mbtva9,0.009659236297011375,0.48659950494766235,0.5037412047386169
huggingface_uit-sentiment-dataset-reddit-2000-balanced::1mci1dy,0.11019830405712128,0.6467173099517822,0.24308432638645172
huggingface_uit-sentiment-dataset-reddit-2000-balanced::1mcnp9q,0.08295310288667679,0.8696298599243164,0.047416962683200836
huggingface_uit-sentiment-dataset-reddit-2000-balanced::1mcp25i,0.023360401391983032,0.3855026066303253,0.5911369919776917
huggingface_uit-sentiment-dataset-reddit-2000-balanced::1mdghxz,0.6032936573028564,0.37863361835479736,0.018072782084345818
huggingface_uit-sentiment-dataset-reddit-2000-balanced::1me0e39,0.04757656902074814,0.8351843357086182,0.11723911762237549
huggingface_uit-sentiment-dataset-reddit-2000-balanced::1me6hrh,0.8031894564628601,0.18496334552764893,0.011847162619233131
huggingface_uit-sentiment-dataset-reddit-2000-balanced::1mefxyx,0.7878876328468323,0.2040117383003235,0.008100642822682858
huggingface_uit-sentiment-dataset-reddit-2000-balanced::1men5d9,0.008981316350400448,0.8206918835639954,0.17032669484615326
huggingface_uit-sentiment-dataset-reddit-2000-balanced::1mepeqh,0.1728789359331131,0.7624902129173279,0.06463085114955902
huggingface_uit-sentiment-dataset-reddit-2000-balanced::1mf6rtq,0.07409124076366425,0.8273851275444031,0.0985235869884491
huggingface_uit-sentiment-dataset-reddit-2000-balanced::1mfjerx,0.0191800557076931,0.9306122660636902,0.0502077080309391
huggingface_uit-sentiment-dataset-reddit-2000-balanced::1mfl0kp,0.6410470008850098,0.34291499853134155,0.016038022935390472
huggingface_uit-sentiment-dataset-reddit-2000-balanced::1mflitc,0.01118203904479742,0.8145163655281067,0.17430168390274048
huggingface_uit-sentiment-dataset-reddit-2000-balanced::1mfw96w,0.08065802603960037,0.8063797354698181,0.1129622533917427
huggingface_uit-sentiment-dataset-reddit-2000-balanced::1mfxkxl,0.006146399769932032,0.33331045508384705,0.6605432033538818
huggingface_uit-sentiment-dataset-reddit-2000-balanced::1mg26g0,0.29823067784309387,0.6716375350952148,0.030131764709949493
huggingface_uit-sentiment-dataset-reddit-2000-balanced::1mg6i0t,0.0094459792599082,0.6717569828033447,0.3187970221042633
huggingface_uit-sentiment-dataset-reddit-2000-balanced::1mg8q5f,0.6568585634231567,0.32561758160591125,0.01752389594912529
huggingface_uit-sentiment-dataset-reddit-2000-balanced::1mh35iq,0.009002598002552986,0.14136968553066254,0.8496277332305908
huggingface_uit-sentiment-dataset-reddit-2000-balanced::1mi8bkb,0.026024948805570602,0.6240932941436768,0.34988176822662354
huggingface_uit-sentiment-dataset-reddit-2000-balanced::1midvvn,0.006564965005964041,0.7227976322174072,0.2706374228000641
huggingface_uit-sentiment-dataset-reddit-2000-balanced::1mif94n,0.007704574149101973,0.7412707209587097,0.2510247230529785
huggingface_uit-sentiment-dataset-reddit-2000-balanced::1mifuqk,0.016424663364887238,0.8056041598320007,0.17797116935253143
huggingface_uit-sentiment-dataset-reddit-2000-balanced::1mignjq,0.0028135357424616814,0.23023048043251038,0.7669559717178345
huggingface_uit-sentiment-dataset-reddit-2000-balanced::1mih2wn,0.016603022813796997,0.9360615015029907,0.04733540117740631
huggingface_uit-sentiment-dataset-reddit-2000-balanced::1milmrl,0.021557888016104698,0.8893185257911682,0.0891236886382103
huggingface_uit-sentiment-dataset-reddit-2000-balanced::1mimwe9,0.03229841962456703,0.8196426630020142,0.14805901050567627
huggingface_uit-sentiment-dataset-reddit-2000-balanced::1mineg9,0.1404261291027069,0.549548864364624,0.31002503633499146
huggingface_uit-sentiment-dataset-reddit-2000-balanced::1minkba,0.0349075011909008,0.9083225131034851,0.05677000805735588
huggingface_uit-sentiment-dataset-reddit-2000-balanced::1mirq08,0.05353512242436409,0.8773640990257263,0.06910084187984467
huggingface_uit-sentiment-dataset-reddit-2000-balanced::1miyz69,0.8125354051589966,0.16476812958717346,0.022696467116475105
huggingface_uit-sentiment-dataset-reddit-2000-balanced::1mj5rta,0.3522093594074249,0.6234126091003418,0.024377992376685143
huggingface_uit-sentiment-dataset-reddit-2000-balanced::1mj6cvx,0.03785799443721771,0.16204282641410828,0.8000991940498352
huggingface_uit-sentiment-dataset-reddit-2000-balanced::1mj78xy,0.5650385618209839,0.3972882032394409,0.03767332434654236
huggingface_uit-sentiment-dataset-reddit-2000-balanced::1mja836,0.006610635668039322,0.9028355479240417,0.090553879737854
huggingface_uit-sentiment-dataset-reddit-2000-balanced::1mjeorc,0.002471406478434801,0.016436345875263214,0.9810922741889954
huggingface_uit-sentiment-dataset-reddit-2000-balanced::1mjfca4,0.02910199761390686,0.8721714019775391,0.09872662276029587
huggingface_uit-sentiment-dataset-reddit-2000-balanced::1mjpgw6,0.0016534298192709684,0.007363810669630766,0.9909828305244446
huggingface_uit-sentiment-dataset-reddit-2000-balanced::1mjtq7o,0.684373676776886,0.28696131706237793,0.028664933517575264
huggingface_uit-sentiment-dataset-reddit-2000-balanced::1mk61k5,0.019844837486743927,0.9213541746139526,0.05880103260278702
huggingface_uit-sentiment-dataset-reddit-2000-balanced::1mk6gkp,0.007041914854198694,0.7819830179214478,0.21097508072853088
huggingface_uit-sentiment-dataset-reddit-2000-balanced::1mk6ou7,0.012457543984055519,0.3872244358062744,0.6003179550170898
huggingface_uit-sentiment-dataset-reddit-2000-balanced::1mk8tm8,0.8282524347305298,0.15869778394699097,0.013049738481640816
huggingface_uit-sentiment-dataset-reddit-2000-balanced::1mk9xd9,0.007145580369979143,0.6517309546470642,0.3411233723163605
huggingface_uit-sentiment-dataset-reddit-2000-balanced::1mkbcvz,0.03282037377357483,0.8986387848854065,0.06854084879159927
huggingface_uit-sentiment-dataset-reddit-2000-balanced::1mkcl3u,0.9016132354736328,0.09131959825754166,0.007067141588777304
huggingface_uit-sentiment-dataset-reddit-2000-balanced::1mkcwiv,0.5002986192703247,0.4586588740348816,0.04104248434305191
huggingface_uit-sentiment-dataset-reddit-2000-balanced::1mkfja0,0.33437931537628174,0.652134358882904,0.01348627358675003
huggingface_uit-sentiment-dataset-reddit-2000-balanced::1mkiciq,0.036955516785383224,0.428489625453949,0.5345548391342163
huggingface_uit-sentiment-dataset-reddit-2000-balanced::1mklm9m,0.7053244709968567,0.26425451040267944,0.030421024188399315
huggingface_uit-sentiment-dataset-reddit-2000-balanced::1mkmajg,0.9463988542556763,0.04852299019694328,0.005078085232526064
huggingface_uit-sentiment-dataset-reddit-2000-balanced::1mknca1,0.004911541007459164,0.33717939257621765,0.657909095287323
huggingface_uit-sentiment-dataset-reddit-2000-balanced::1mkon92,0.009289621375501156,0.3981565833091736,0.5925537347793579
huggingface_uit-sentiment-dataset-reddit-2000-balanced::1mku5nb,0.009809508919715881,0.8591533303260803,0.13103720545768738
huggingface_uit-sentiment-dataset-reddit-2000-balanced::1mkyzp0,0.04534536600112915,0.7452919483184814,0.20936273038387299
huggingface_uit-sentiment-dataset-reddit-2000-balanced::1ml3efw,0.009839742444455624,0.7096154093742371,0.28054487705230713
huggingface_uit-sentiment-dataset-reddit-2000-balanced::1ml401a,0.1013706848025322,0.23320727050304413,0.6654220819473267
huggingface_uit-sentiment-dataset-reddit-2000-balanced::1ml4zk8,0.9172718524932861,0.07378225773572922,0.008945964276790619
huggingface_uit-sentiment-dataset-reddit-2000-balanced::1ml75cs,0.6390219926834106,0.3492420017719269,0.011736051179468632
huggingface_uit-sentiment-dataset-reddit-2000-balanced::1mleucx,0.1763010323047638,0.6310077905654907,0.19269120693206787
huggingface_uit-sentiment-dataset-reddit-2000-balanced::1mlfyja,0.01745486631989479,0.9516316056251526,0.030913522467017174
huggingface_uit-sentiment-dataset-reddit-2000-balanced::1mli9gy,0.47165316343307495,0.4794609248638153,0.04888587072491646
huggingface_uit-sentiment-dataset-reddit-2000-balanced::1mlizsm,0.3277498781681061,0.5338373184204102,0.13841281831264496
huggingface_uit-sentiment-dataset-reddit-2000-balanced::1mljhha,0.8600596189498901,0.1274576038122177,0.012482826597988605
huggingface_uit-sentiment-dataset-reddit-2000-balanced::1mlo6h6,0.3016185760498047,0.628009557723999,0.07037188857793808
huggingface_uit-sentiment-dataset-reddit-2000-balanced::1mlodr1,0.8093529939651489,0.18129929900169373,0.009347699582576752
huggingface_uit-sentiment-dataset-reddit-2000-balanced::1mloh4o,0.8709198832511902,0.11303462088108063,0.016045453026890755
huggingface_uit-sentiment-dataset-reddit-2000-balanced::1mlpf3t,0.023261187598109245,0.4266369640827179,0.5501018166542053
huggingface_uit-sentiment-dataset-reddit-2000-balanced::1mlqayv,0.9555538892745972,0.03899002447724342,0.005456079263240099
huggingface_uit-sentiment-dataset-reddit-2000-balanced::1mlvlnx,0.015613514930009842,0.6404102444648743,0.34397628903388977
huggingface_uit-sentiment-dataset-reddit-2000-balanced::1mlxa19,0.9468679428100586,0.04681035131216049,0.0063217212446033955
huggingface_uit-sentiment-dataset-reddit-2000-balanced::1mlyne0,0.0064520081505179405,0.33723190426826477,0.6563160419464111
huggingface_uit-sentiment-dataset-reddit-2000-balanced::1mm9sg0,0.6109918355941772,0.32657602429389954,0.06243215128779411
huggingface_uit-sentiment-dataset-reddit-2000-balanced::1mmcaww,0.7302671670913696,0.25117412209510803,0.018558712676167488
huggingface_uit-sentiment-dataset-reddit-2000-balanced::1mmcknq,0.10821077972650528,0.8506370186805725,0.04115218669176102
huggingface_uit-sentiment-dataset-reddit-2000-balanced::1mmezqv,0.3875669240951538,0.5186235308647156,0.09380952268838882
huggingface_uit-sentiment-dataset-reddit-2000-balanced::1mmgfxd,0.07986580580472946,0.5433579087257385,0.3767762780189514
huggingface_uit-sentiment-dataset-reddit-2000-balanced::1mmlckl,0.6938217878341675,0.2941366732120514,0.012041542679071426
huggingface_uit-sentiment-dataset-reddit-2000-balanced::1mmpisb,0.6984923481941223,0.2673536241054535,0.0341540090739727
huggingface_uit-sentiment-dataset-reddit-2000-balanced::1mmrb2p,0.7099214196205139,0.2642880976200104,0.02579052932560444
huggingface_uit-sentiment-dataset-reddit-2000-balanced::1mmsjsp,0.03927354887127876,0.9042813777923584,0.056445032358169556
huggingface_uit-sentiment-dataset-reddit-2000-balanced::1mn11wa,0.9463109970092773,0.04877246916294098,0.004916598089039326
huggingface_uit-sentiment-dataset-reddit-2000-balanced::1mn4r0d,0.018695518374443054,0.879957377910614,0.10134713351726532
huggingface_uit-sentiment-dataset-reddit-2000-balanced::1mn9g6u,0.19722546637058258,0.6637122631072998,0.13906222581863403
huggingface_uit-sentiment-dataset-reddit-2000-balanced::1mnc7vq,0.03799981251358986,0.6215506792068481,0.34044960141181946
huggingface_uit-sentiment-dataset-reddit-2000-balanced::1mni6ol,0.3313753008842468,0.5957885980606079,0.07283616065979004
huggingface_uit-sentiment-dataset-reddit-2000-balanced::1mnv1v0,0.07876836508512497,0.26059624552726746,0.6606353521347046
huggingface_uit-sentiment-dataset-reddit-2000-balanced::1mnzjxb,0.6114129424095154,0.34839382767677307,0.04019327834248543
huggingface_uit-sentiment-dataset-reddit-2000-balanced::1mo1sq4,0.2960176169872284,0.5495087504386902,0.1544737070798874
huggingface_uit-sentiment-dataset-reddit-2000-balanced::1mo2x3i,0.8481989502906799,0.1396159678697586,0.012185093946754932
huggingface_uit-sentiment-dataset-reddit-2000-balanced::1mo7i38,0.6053703427314758,0.3801079988479614,0.014521663077175617
huggingface_uit-sentiment-dataset-reddit-2000-balanced::1mo8q7t,0.029856974259018898,0.8716922402381897,0.09845086187124252
huggingface_uit-sentiment-dataset-reddit-2000-balanced::1mogrbf,0.06487652659416199,0.6485422849655151,0.2865811288356781
huggingface_uit-sentiment-dataset-reddit-2000-balanced::1morer4,0.021988442167639732,0.8799505233764648,0.0980609878897667
huggingface_uit-sentiment-dataset-reddit-2000-balanced::1mp6eqt,0.013965090736746788,0.6632552742958069,0.3227796256542206
huggingface_uit-sentiment-dataset-reddit-2000-balanced::1mp8rre,0.5857836604118347,0.3906254172325134,0.023590894415974617
huggingface_uit-sentiment-dataset-reddit-2000-balanced::1mpcblk,0.4876776933670044,0.49215322732925415,0.020169058814644814
huggingface_uit-sentiment-dataset-reddit-2000-balanced::1mphl43,0.01329802442342043,0.8529391288757324,0.13376282155513763
huggingface_uit-sentiment-dataset-reddit-2000-balanced::1mpktpo,0.46437451243400574,0.4552212357521057,0.08040431886911392
huggingface_uit-sentiment-dataset-reddit-2000-balanced::1mprvgo,0.32607364654541016,0.6134353876113892,0.060490932315588
huggingface_uit-sentiment-dataset-reddit-2000-balanced::1mpyqhi,0.28525078296661377,0.6156476736068726,0.09910159558057785
huggingface_uit-sentiment-dataset-reddit-2000-balanced::1mq3b76,0.008734961040318012,0.6913222670555115,0.29994285106658936
huggingface_uit-sentiment-dataset-reddit-2000-balanced::1mqaag2,0.025926806032657623,0.9203828573226929,0.05369025468826294
huggingface_uit-sentiment-dataset-reddit-2000-balanced::1mqpus2,0.10193166136741638,0.8531520962715149,0.04491623491048813
huggingface_uit-sentiment-dataset-reddit-2000-balanced::1mqsfkj,0.037250589579343796,0.7758517861366272,0.1868976354598999
huggingface_uit-sentiment-dataset-reddit-2000-balanced::1mqtn95,0.7961832880973816,0.18693247437477112,0.01688423380255699
huggingface_uit-sentiment-dataset-reddit-2000-balanced::1mr7c52,0.00995294377207756,0.27418428659439087,0.7158626914024353
huggingface_uit-sentiment-dataset-reddit-2000-balanced::1mr7ewz,0.7970744967460632,0.18101228773593903,0.021913163363933563
huggingface_uit-sentiment-dataset-reddit-2000-balanced::1mr9enj,0.6835421323776245,0.2937392592430115,0.022718612104654312
huggingface_uit-sentiment-dataset-reddit-2000-balanced::1mrbvi9,0.038497526198625565,0.5268419981002808,0.43466049432754517
huggingface_uit-sentiment-dataset-reddit-2000-balanced::1mrd3bg,0.5085548162460327,0.40825995802879333,0.08318515121936798
huggingface_uit-sentiment-dataset-reddit-2000-balanced::1mrfpg3,0.5199925899505615,0.4485781490802765,0.03142930194735527
huggingface_uit-sentiment-dataset-reddit-2000-balanced::1mrh153,0.22822386026382446,0.7199185490608215,0.05185758322477341
huggingface_uit-sentiment-dataset-reddit-2000-balanced::1mritfr,0.06945770233869553,0.7687387466430664,0.16180351376533508
huggingface_uit-sentiment-dataset-reddit-2000-balanced::1mrltsz,0.7998212575912476,0.18937499821186066,0.010803673416376114
huggingface_uit-sentiment-dataset-reddit-2000-balanced::1mrmsf5,0.09190979599952698,0.7992945909500122,0.10879556834697723
huggingface_uit-sentiment-dataset-reddit-2000-balanced::1mrpuxl,0.8983454704284668,0.0894002765417099,0.012254266068339348
huggingface_uit-sentiment-dataset-reddit-2000-balanced::1mrttr8,0.09328828752040863,0.7273359894752502,0.17937572300434113
huggingface_uit-sentiment-dataset-reddit-2000-balanced::1ms1mz1,0.4413168728351593,0.5338621139526367,0.02482098713517189
huggingface_uit-sentiment-dataset-reddit-2000-balanced::1ms200u,0.5132616758346558,0.43894410133361816,0.0477941632270813
huggingface_uit-sentiment-dataset-reddit-2000-balanced::1ms4ibq,0.7264325022697449,0.2555675208568573,0.017999980598688126
huggingface_uit-sentiment-dataset-reddit-2000-balanced::1msdo6m,0.7723745703697205,0.21470095217227936,0.01292443834245205
huggingface_uit-sentiment-dataset-reddit-2000-balanced::1msnm3o,0.4902713894844055,0.44472742080688477,0.06500130891799927
huggingface_uit-sentiment-dataset-reddit-2000-balanced::1mt4ojv,0.18915598094463348,0.7709043025970459,0.03993978351354599
huggingface_uit-sentiment-dataset-reddit-2000-balanced::1mtiwy6,0.31983664631843567,0.6116947531700134,0.0684686154127121
huggingface_uit-sentiment-dataset-reddit-2000-balanced::1mtnjqs,0.7159655094146729,0.26242002844810486,0.02161440998315811
huggingface_uit-sentiment-dataset-reddit-2000-balanced::1mty0k2,0.1473931521177292,0.811250627040863,0.0413561649620533
huggingface_uit-sentiment-dataset-reddit-2000-balanced::1mu3su7,0.8941941857337952,0.0984666645526886,0.0073391529731452465
huggingface_uit-sentiment-dataset-reddit-2000-balanced::1mvbixs,0.043855972588062286,0.6715518832206726,0.28459206223487854
huggingface_uit-sentiment-dataset-reddit-2000-balanced::1mvcm4m,0.4565896689891815,0.46804365515708923,0.07536663115024567
huggingface_uit-sentiment-dataset-reddit-2000-balanced::1mvcort,0.8286376595497131,0.16379861533641815,0.007563764229416847
huggingface_uit-sentiment-dataset-reddit-2000-balanced::1mw5512,0.13360564410686493,0.809231698513031,0.05716261640191078
huggingface_uit-sentiment-dataset-reddit-2000-balanced::1mwjw3c,0.9439171552658081,0.05034792050719261,0.005734879057854414
huggingface_uit-sentiment-dataset-reddit-2000-balanced::1mxhh7k,0.004990188870579004,0.40279442071914673,0.5922154188156128
huggingface_uit-sentiment-dataset-reddit-2000-balanced::1mxnbb7,0.49386468529701233,0.48717865347862244,0.018956581130623817
huggingface_uit-sentiment-dataset-reddit-2000-balanced::1mxsuok,0.0290363822132349,0.8054412603378296,0.16552229225635529
huggingface_uit-sentiment-dataset-reddit-2000-balanced::1mxyw7t,0.02091597020626068,0.9107572436332703,0.06832677870988846
huggingface_uit-sentiment-dataset-reddit-2000-balanced::1mydvzs,0.008609877899289131,0.21704959869384766,0.7743405699729919
huggingface_uit-sentiment-dataset-reddit-2000-balanced::1myfedc,0.5349031686782837,0.4395599961280823,0.025536829605698586
huggingface_uit-sentiment-dataset-reddit-2000-balanced::1myjix2,0.17926089465618134,0.7701078653335571,0.05063123255968094
huggingface_uit-sentiment-dataset-reddit-2000-balanced::1myn4h1,0.10295236110687256,0.8575292229652405,0.039518408477306366
huggingface_uit-sentiment-dataset-reddit-2000-balanced::1myzh2k,0.5188785791397095,0.4636276364326477,0.017493752762675285
huggingface_uit-sentiment-dataset-reddit-2000-balanced::1myzthd,0.8851413726806641,0.10447260737419128,0.010386093519628048
huggingface_uit-sentiment-dataset-reddit-2000-balanced::1mz097s,0.07408609986305237,0.7782953381538391,0.1476186066865921
huggingface_uit-sentiment-dataset-reddit-2000-balanced::1mzfhyl,0.029465289786458015,0.10056015104055405,0.8699745535850525
huggingface_uit-sentiment-dataset-reddit-2000-balanced::1mzruby,0.00971163809299469,0.7929455041885376,0.1973428577184677
huggingface_uit-sentiment-dataset-reddit-2000-balanced::1n09g2f,0.1886662244796753,0.7754553556442261,0.03587841987609863
huggingface_uit-sentiment-dataset-reddit-2000-balanced::1n0qpvu,0.8294700384140015,0.13065862655639648,0.03987129032611847
huggingface_uit-sentiment-dataset-reddit-2000-balanced::1n15a85,0.5795073509216309,0.4033201336860657,0.017172396183013916
huggingface_uit-sentiment-dataset-reddit-2000-balanced::1n1ojmx,0.17108848690986633,0.788366973400116,0.040544506162405014
huggingface_uit-sentiment-dataset-reddit-2000-balanced::1n1p83g,0.757007360458374,0.21327996253967285,0.029712719842791557
huggingface_uit-sentiment-dataset-reddit-2000-balanced::1n1rmey,0.6619818210601807,0.31338098645210266,0.024637171998620033
huggingface_uit-sentiment-dataset-reddit-2000-balanced::1n27vhg,0.578857421875,0.36336466670036316,0.05777795612812042
huggingface_uit-sentiment-dataset-reddit-2000-balanced::1n3bhzv,0.30265840888023376,0.6490160226821899,0.048325490206480026
huggingface_uit-sentiment-dataset-reddit-2000-balanced::1n3cfi8,0.1521291881799698,0.6770391464233398,0.1708315759897232
huggingface_uit-sentiment-dataset-reddit-2000-balanced::1n3tlpr,0.8943814039230347,0.09748005121946335,0.00813852809369564
huggingface_uit-sentiment-dataset-reddit-2000-balanced::1n3uxd8,0.03805474191904068,0.9283650517463684,0.033580198884010315
huggingface_uit-sentiment-dataset-reddit-2000-balanced::1n47cov,0.00733603723347187,0.3469276428222656,0.6457363367080688
huggingface_uit-sentiment-dataset-reddit-2000-balanced::1n49d39,0.5563393235206604,0.42100441455841064,0.022656258195638657
huggingface_uit-sentiment-dataset-reddit-2000-balanced::1n4awef,0.009724488481879234,0.05359167233109474,0.9366838335990906
huggingface_uit-sentiment-dataset-reddit-2000-balanced::1n4byb1,0.7336902022361755,0.2536042630672455,0.012705502100288868
huggingface_uit-sentiment-dataset-reddit-2000-balanced::1n5uvk7,0.09590659290552139,0.7488329410552979,0.15526044368743896
huggingface_uit-sentiment-dataset-reddit-2000-balanced::1n6kvkl,0.739312469959259,0.22871509194374084,0.031972408294677734
huggingface_uit-sentiment-dataset-reddit-2000-balanced::1n6kw9t,0.3378881514072418,0.6412476301193237,0.020864170044660568
huggingface_uit-sentiment-dataset-reddit-2000-balanced::1n70d2u,0.0018333859043195844,0.07702265679836273,0.9211440086364746
huggingface_uit-sentiment-dataset-reddit-2000-balanced::1n78kyw,0.6573472023010254,0.32005414366722107,0.02259870246052742
huggingface_uit-sentiment-dataset-reddit-2000-balanced::1n7qz0u,0.8435169458389282,0.14694097638130188,0.009542063809931278
huggingface_uit-sentiment-dataset-reddit-2000-balanced::1n8j6lv,0.8422793745994568,0.14247626066207886,0.015244328416883945
huggingface_uit-sentiment-dataset-reddit-2000-balanced::1n8n3ww,0.8921743631362915,0.09331721067428589,0.014508401975035667
huggingface_uit-sentiment-dataset-reddit-2000-balanced::1n8pwyd,0.0076891272328794,0.7653353214263916,0.22697554528713226
huggingface_uit-sentiment-dataset-reddit-2000-balanced::1n8yjid,0.49319565296173096,0.4882000982761383,0.018604222685098648
huggingface_uit-sentiment-dataset-reddit-2000-balanced::1n9cqhl,0.16253240406513214,0.7311756014823914,0.10629201680421829
huggingface_uit-sentiment-dataset-reddit-2000-balanced::1n9v6la,0.8468850255012512,0.142564594745636,0.010550414212048054
huggingface_uit-sentiment-dataset-reddit-2000-balanced::1nbwp80,0.3096846044063568,0.49722012877464294,0.19309522211551666
huggingface_uit-sentiment-dataset-reddit-2000-balanced::1ncjzvh,0.8451531529426575,0.1467284858226776,0.008118384517729282
huggingface_uit-sentiment-dataset-reddit-2000-balanced::1ncmiab,0.7422673106193542,0.23234812915325165,0.02538449876010418
huggingface_uit-sentiment-dataset-reddit-2000-balanced::1ncpn3v,0.003195367520675063,0.10874275863170624,0.8880619406700134
huggingface_uit-sentiment-dataset-reddit-2000-balanced::1ncukrk,0.8163660168647766,0.17565393447875977,0.00798009056597948
huggingface_uit-sentiment-dataset-reddit-2000-balanced::1ndc7z8,0.007819128222763538,0.8556939959526062,0.13648688793182373
huggingface_uit-sentiment-dataset-reddit-2000-balanced::1nddsk9,0.12966439127922058,0.8184768557548523,0.05185879021883011
huggingface_uit-sentiment-dataset-reddit-2000-balanced::1ndw2y0,0.8720583915710449,0.12250573188066483,0.005435873754322529
huggingface_uit-sentiment-dataset-reddit-2000-balanced::1nedc4s,0.03635922819375992,0.8299252986907959,0.13371548056602478
huggingface_uit-sentiment-dataset-reddit-2000-balanced::1nefx2l,0.8053936958312988,0.18668554723262787,0.007920792326331139
huggingface_uit-sentiment-dataset-reddit-2000-balanced::1nelmku,0.021891871467232704,0.8920782804489136,0.08602984994649887
huggingface_uit-sentiment-dataset-reddit-2000-balanced::1nem7e6,0.6002973318099976,0.38086915016174316,0.018833603709936142
huggingface_uit-sentiment-dataset-reddit-2000-balanced::1nemxad,0.39170974493026733,0.5579772591590881,0.05031292885541916
huggingface_uit-sentiment-dataset-reddit-2000-balanced::1net7sp,0.007862463593482971,0.6882374882698059,0.3039000630378723
huggingface_uit-sentiment-dataset-reddit-2000-balanced::1ng4kpp,0.5983660817146301,0.3737860321998596,0.027847910299897194
huggingface_uit-sentiment-dataset-reddit-2000-balanced::1ngrmwy,0.20777231454849243,0.7619521021842957,0.030275600031018257
huggingface_uit-sentiment-dataset-reddit-2000-balanced::1nhayg1,0.633663535118103,0.3231576979160309,0.043178729712963104
huggingface_uit-sentiment-dataset-reddit-2000-balanced::1nhbn44,0.08504432439804077,0.8840004205703735,0.03095528855919838
huggingface_uit-sentiment-dataset-reddit-2000-balanced::1nhpxp7,0.7289897203445435,0.24045930802822113,0.030550966039299965
huggingface_uit-sentiment-dataset-reddit-2000-balanced::1nhsiq8,0.005693583749234676,0.5686199069023132,0.42568647861480713
huggingface_uit-sentiment-dataset-reddit-2000-balanced::1ni5cg0,0.5355386734008789,0.4464852213859558,0.017976120114326477
huggingface_uit-sentiment-dataset-reddit-2000-balanced::1ni5tq3,0.009689622558653355,0.5867807269096375,0.4035296142101288
huggingface_uit-sentiment-dataset-reddit-2000-balanced::1niaw9p,0.01226318720728159,0.7248855829238892,0.26285117864608765
huggingface_uit-sentiment-dataset-reddit-2000-balanced::1nikn67,0.02045985497534275,0.8929132223129272,0.08662699162960052
huggingface_uit-sentiment-dataset-reddit-2000-balanced::1nj4go8,0.44253072142601013,0.52128666639328,0.036182526499032974
huggingface_uit-sentiment-dataset-reddit-2000-balanced::1njdqh8,0.7637679576873779,0.21542242169380188,0.020809581503272057
huggingface_uit-sentiment-dataset-reddit-2000-balanced::1njgqch,0.008250070735812187,0.43030595779418945,0.5614439845085144
huggingface_uit-sentiment-dataset-reddit-2000-balanced::1nji780,0.885675311088562,0.10150407999753952,0.012820709496736526
huggingface_uit-sentiment-dataset-reddit-2000-balanced::1njjb1e,0.007631138898432255,0.016082702204585075,0.9762861728668213
huggingface_uit-sentiment-dataset-reddit-2000-balanced::1njvsia,0.01083470694720745,0.039739251136779785,0.949425995349884
huggingface_uit-sentiment-dataset-reddit-2000-balanced::1nkbx6w,0.06479143351316452,0.8351870775222778,0.10002154856920242
huggingface_uit-sentiment-dataset-reddit-2000-balanced::1nkotoe,0.9083138108253479,0.08503344655036926,0.006652692332863808
huggingface_uit-sentiment-dataset-reddit-2000-balanced::1nlcbit,0.4529884457588196,0.5070508122444153,0.03996080532670021
huggingface_uit-sentiment-dataset-reddit-2000-balanced::1nlmzh6,0.4972480237483978,0.4765878915786743,0.026164134964346886
huggingface_uit-sentiment-dataset-reddit-2000-balanced::1nmfiw9,0.6443458795547485,0.3251688480377197,0.03048529103398323
huggingface_uit-sentiment-dataset-reddit-2000-balanced::1nn7k2r,0.008103548549115658,0.39087918400764465,0.6010172963142395
huggingface_uit-sentiment-dataset-reddit-2000-balanced::1nnczc6,0.6861860752105713,0.2740425169467926,0.039771486073732376
huggingface_uit-sentiment-dataset-reddit-2000-balanced::1nojhy6,0.30263423919677734,0.6689334511756897,0.02843228541314602
huggingface_uit-sentiment-dataset-reddit-2000-balanced::1np7k09,0.02345622517168522,0.8968174457550049,0.07972626388072968
huggingface_uit-sentiment-dataset-reddit-2000-balanced::1np80ga,0.30629247426986694,0.667952835559845,0.025754710659384727
huggingface_uit-sentiment-dataset-reddit-2000-balanced::1npqc95,0.7011229991912842,0.2822619080543518,0.016615010797977448
huggingface_uit-sentiment-dataset-reddit-2000-balanced::1nq90nr,0.004532595165073872,0.8831779360771179,0.11228939145803452
huggingface_uit-sentiment-dataset-reddit-2000-balanced::1nqh5se,0.004799026995897293,0.2984004616737366,0.6968005299568176
huggingface_uit-sentiment-dataset-reddit-2000-balanced::1nqjspo,0.6122035384178162,0.374009907245636,0.013786585070192814
huggingface_uit-sentiment-dataset-reddit-2000-balanced::1nqs3xd,0.03839399665594101,0.6699752807617188,0.29163068532943726
huggingface_uit-sentiment-dataset-reddit-2000-balanced::1nr0ebl,0.674308180809021,0.3078557252883911,0.017836129292845726
huggingface_uit-sentiment-dataset-reddit-2000-balanced::1nr3t9k,0.6417400240898132,0.32131528854370117,0.03694475069642067
huggingface_uit-sentiment-dataset-reddit-2000-balanced::1ns0cbu,0.04133790358901024,0.6432844996452332,0.3153775930404663
huggingface_uit-sentiment-dataset-reddit-2000-balanced::1nso0e8,0.809479296207428,0.17431126534938812,0.016209490597248077
huggingface_uit-sentiment-dataset-reddit-2000-balanced::1ntdts0,0.023375360295176506,0.8937584757804871,0.08286608010530472
huggingface_uit-sentiment-dataset-reddit-2000-balanced::1ntg48p,0.15955843031406403,0.6632547378540039,0.1771867871284485
huggingface_uit-sentiment-dataset-reddit-2000-balanced::1ntoxyp,0.006990985479205847,0.6440695524215698,0.3489394187927246
huggingface_uit-sentiment-dataset-reddit-2000-balanced::1ntro0b,0.6812471151351929,0.3039650321006775,0.014787794090807438
huggingface_uit-sentiment-dataset-reddit-2000-balanced::1nu7izl,0.09319403022527695,0.836219847202301,0.07058604806661606
huggingface_uit-sentiment-dataset-reddit-2000-balanced::1nu8mrm,0.020890062674880028,0.8472381830215454,0.13187171518802643
huggingface_uit-sentiment-dataset-reddit-2000-balanced::1nuagos,0.007207977585494518,0.7335258722305298,0.2592661678791046
huggingface_uit-sentiment-dataset-reddit-2000-balanced::1nuqbsi,0.06951014697551727,0.17705519497394562,0.7534346580505371
huggingface_uit-sentiment-dataset-reddit-2000-balanced::1nv856m,0.5086454749107361,0.4400188624858856,0.05133567005395889
huggingface_uit-sentiment-dataset-reddit-2000-balanced::1nvh2zj,0.012237200513482094,0.6244940161705017,0.3632688522338867
huggingface_uit-sentiment-dataset-reddit-2000-balanced::1nw95xw,0.7599560022354126,0.23391547799110413,0.006128452718257904
huggingface_uit-sentiment-dataset-reddit-2000-balanced::1nwdwbw,0.6769617795944214,0.2909015715122223,0.03213667497038841
huggingface_uit-sentiment-dataset-reddit-2000-balanced::1nwesz7,0.6356355547904968,0.3335481882095337,0.030816271901130676
huggingface_uit-sentiment-dataset-reddit-2000-balanced::1nwt715,0.011604683473706245,0.11133112013339996,0.8770642280578613
huggingface_uit-sentiment-dataset-reddit-2000-balanced::1nyjhpd,0.7358846068382263,0.2500467002391815,0.01406872272491455
huggingface_uit-sentiment-dataset-reddit-2000-balanced::1nyqmhv,0.0029753141570836306,0.05639641359448433,0.9406282901763916
huggingface_uit-sentiment-dataset-reddit-2000-balanced::1nzgehj,0.003037714399397373,0.24700838327407837,0.7499539256095886
huggingface_uit-sentiment-dataset-reddit-2000-balanced::1nzghq5,0.09687107056379318,0.7309873104095459,0.17214156687259674
huggingface_uit-sentiment-dataset-reddit-2000-balanced::1nzuam6,0.002712031826376915,0.030251244083046913,0.9670366644859314
huggingface_uit-sentiment-dataset-reddit-2000-balanced::1o17bn8,0.04633801057934761,0.4970403015613556,0.4566216766834259
huggingface_uit-sentiment-dataset-reddit-2000-balanced::1o1ghv7,0.015894317999482155,0.8771961331367493,0.1069096177816391
huggingface_uit-sentiment-dataset-reddit-2000-balanced::1o21hap,0.005279217381030321,0.8167837262153625,0.1779370754957199
huggingface_uit-sentiment-dataset-reddit-2000-balanced::1o22iwo,0.3959885537624359,0.5584537982940674,0.045557595789432526
huggingface_uit-sentiment-dataset-reddit-2000-balanced::1o23bri,0.03572428226470947,0.8440353870391846,0.12024026364088058
huggingface_uit-sentiment-dataset-reddit-2000-balanced::1o23jvu,0.006162672303617001,0.9044704437255859,0.08936689794063568
huggingface_uit-sentiment-dataset-reddit-2000-balanced::1o2q587,0.004731971304863691,0.46599119901657104,0.5292768478393555
huggingface_uit-sentiment-dataset-reddit-2000-balanced::1o2t53m,0.004729301668703556,0.46531182527542114,0.5299588441848755
huggingface_uit-sentiment-dataset-reddit-2000-balanced::1o3bnpd,0.07171875983476639,0.7056726217269897,0.22260858118534088
huggingface_uit-sentiment-dataset-reddit-2000-balanced::1o3qes9,0.06004892662167549,0.582158625125885,0.3577924370765686
huggingface_uit-sentiment-dataset-reddit-2000-balanced::1o4h9hs,0.5157786011695862,0.43673473596572876,0.04748668894171715
huggingface_uit-sentiment-dataset-reddit-2000-balanced::1o4ol0q,0.197381392121315,0.6786685585975647,0.1239500567317009
huggingface_uit-sentiment-dataset-reddit-2000-balanced::1o542qg,0.7710120677947998,0.2177923172712326,0.011195591650903225
huggingface_uit-sentiment-dataset-reddit-2000-balanced::1o5cpuu,0.0096388328820467,0.11908786743879318,0.8712732791900635
huggingface_uit-sentiment-dataset-reddit-2000-balanced::1o5su44,0.6676042079925537,0.2809566855430603,0.05143914371728897
huggingface_uit-sentiment-dataset-reddit-2000-balanced::1o6qfgw,0.018410468474030495,0.9445812702178955,0.03700823336839676
huggingface_uit-sentiment-dataset-reddit-2000-balanced::1o7ktur,0.011923177167773247,0.7638652920722961,0.22421158850193024
huggingface_uit-sentiment-dataset-reddit-2000-balanced::1o7ngw8,0.35561057925224304,0.6157512068748474,0.028638210147619247
huggingface_uit-sentiment-dataset-reddit-2000-balanced::1o7zdeg,0.6491206288337708,0.3399816155433655,0.010897723026573658
huggingface_uit-sentiment-dataset-reddit-2000-balanced::1o8198b,0.6500822901725769,0.33653897047042847,0.013378755189478397
huggingface_uit-sentiment-dataset-reddit-2000-balanced::1o9ghwq,0.8244670629501343,0.16578547656536102,0.009747456759214401
huggingface_uit-sentiment-dataset-reddit-2000-balanced::1oa2p1q,0.016775181517004967,0.7219152450561523,0.26130956411361694
huggingface_uit-sentiment-dataset-reddit-2000-balanced::1oa6bd8,0.014581133611500263,0.6192889213562012,0.366129994392395
huggingface_uit-sentiment-dataset-reddit-2000-balanced::1ob6fo3,0.006022625602781773,0.1571667194366455,0.8368105888366699
huggingface_uit-sentiment-dataset-reddit-2000-balanced::1obszym,0.923332929611206,0.0707702562212944,0.0058967419900000095
huggingface_uit-sentiment-dataset-reddit-2000-balanced::1ocfrw4,0.003539451165124774,0.8320032358169556,0.164457306265831
huggingface_uit-sentiment-dataset-reddit-2000-balanced::1ocl8ha,0.007077537477016449,0.8967539668083191,0.09616846591234207
huggingface_uit-sentiment-dataset-reddit-2000-balanced::1ocpbto,0.06980278342962265,0.6876677870750427,0.24252943694591522
huggingface_uit-sentiment-dataset-reddit-2000-balanced::1oczmg0,0.33414334058761597,0.31682148575782776,0.3490351736545563
huggingface_uit-sentiment-dataset-reddit-2000-balanced::1od0mju,0.8345556855201721,0.15665489435195923,0.00878944806754589
huggingface_uit-sentiment-dataset-reddit-2000-balanced::1od4q3p,0.00907950196415186,0.6848746538162231,0.30604586005210876
huggingface_uit-sentiment-dataset-reddit-2000-balanced::1od98ow,0.7176638245582581,0.27052968740463257,0.011806457303464413
huggingface_uit-sentiment-dataset-reddit-2000-balanced::1odr0nh,0.06856292486190796,0.8609644174575806,0.07047264277935028
huggingface_uit-sentiment-dataset-reddit-2000-balanced::1oe3ntv,0.8316501975059509,0.15447723865509033,0.013872519135475159
huggingface_uit-sentiment-dataset-reddit-2000-balanced::1oerqcf,0.7185114622116089,0.25796860456466675,0.02351987361907959
huggingface_uit-sentiment-dataset-reddit-2000-balanced::1ofiebp,0.4232645630836487,0.47351890802383423,0.10321656614542007
huggingface_uit-sentiment-dataset-reddit-2000-balanced::1ofshgy,0.2720741033554077,0.5618633031845093,0.16606256365776062
huggingface_uit-sentiment-dataset-reddit-2000-balanced::1ogsb5s,0.34338608384132385,0.6356291770935059,0.020984675735235214
huggingface_uit-sentiment-dataset-reddit-2000-balanced::1ogtbts,0.4728161096572876,0.4982594847679138,0.028924424201250076
huggingface_uit-sentiment-dataset-reddit-2000-balanced::1ogtgn6,0.004873544909060001,0.3455846905708313,0.6495417952537537
huggingface_uit-sentiment-dataset-reddit-2000-balanced::1kbu8jw,0.41451042890548706,0.5286560654640198,0.05683344230055809
huggingface_uit-sentiment-dataset-reddit-2000-balanced::1kc4aj0,0.1367424875497818,0.7375918626785278,0.1256655901670456
huggingface_uit-sentiment-dataset-reddit-2000-balanced::1kc6cp7,0.32735922932624817,0.45042121410369873,0.22221946716308594
huggingface_uit-sentiment-dataset-reddit-2000-balanced::1kc6wqm,0.026977406814694405,0.8535599708557129,0.11946266889572144
huggingface_uit-sentiment-dataset-reddit-2000-balanced::1kcu0rs,0.1670357584953308,0.5710226893424988,0.2619415819644928
huggingface_uit-sentiment-dataset-reddit-2000-balanced::1kcxr8u,0.03451651334762573,0.722886860370636,0.24259662628173828
huggingface_uit-sentiment-dataset-reddit-2000-balanced::1kd5lwe,0.024568909779191017,0.8546633720397949,0.12076772004365921
huggingface_uit-sentiment-dataset-reddit-2000-balanced::1kd9cil,0.007468352094292641,0.8238489627838135,0.16868272423744202
huggingface_uit-sentiment-dataset-reddit-2000-balanced::1kdes6e,0.003289039246737957,0.16761115193367004,0.8290998339653015
huggingface_uit-sentiment-dataset-reddit-2000-balanced::1kdkg0j,0.002723741577938199,0.060446929186582565,0.9368293285369873
huggingface_uit-sentiment-dataset-reddit-2000-balanced::1kdlwhp,0.008678535930812359,0.5801766514778137,0.411144882440567
huggingface_uit-sentiment-dataset-reddit-2000-balanced::1kdre5f,0.01043788343667984,0.6358391642570496,0.3537229001522064
huggingface_uit-sentiment-dataset-reddit-2000-balanced::1kei8uj,0.5174549221992493,0.4305395483970642,0.05200555548071861
huggingface_uit-sentiment-dataset-reddit-2000-balanced::1kfebga,0.462192177772522,0.48895108699798584,0.04885674640536308
huggingface_uit-sentiment-dataset-reddit-2000-balanced::1kg1rgx,0.43900394439697266,0.45803284645080566,0.10296322405338287
huggingface_uit-sentiment-dataset-reddit-2000-balanced::1kg249v,0.34242987632751465,0.5792862176895142,0.07828394323587418
huggingface_uit-sentiment-dataset-reddit-2000-balanced::1kg4pdo,0.009874070063233376,0.8689509034156799,0.12117496877908707
huggingface_uit-sentiment-dataset-reddit-2000-balanced::1kg6ce3,0.017525602132081985,0.5411892533302307,0.4412851333618164
huggingface_uit-sentiment-dataset-reddit-2000-balanced::1kg70ya,0.005744451656937599,0.35490885376930237,0.6393467783927917
huggingface_uit-sentiment-dataset-reddit-2000-balanced::1kg71ul,0.004829022102057934,0.8253545165061951,0.1698165088891983
huggingface_uit-sentiment-dataset-reddit-2000-balanced::1kg72t3,0.0018104480113834143,0.03602897375822067,0.9621606469154358
huggingface_uit-sentiment-dataset-reddit-2000-balanced::1kg74gx,0.013619753532111645,0.9128574728965759,0.07352279126644135
huggingface_uit-sentiment-dataset-reddit-2000-balanced::1kg75xx,0.003922041971236467,0.4140169322490692,0.5820609927177429
huggingface_uit-sentiment-dataset-reddit-2000-balanced::1kg79tf,0.009482838213443756,0.7250605225563049,0.26545658707618713
huggingface_uit-sentiment-dataset-reddit-2000-balanced::1kg7snu,0.009877920150756836,0.22934456169605255,0.760777473449707
huggingface_uit-sentiment-dataset-reddit-2000-balanced::1kg80ps,0.23154976963996887,0.61122727394104,0.15722297132015228
huggingface_uit-sentiment-dataset-reddit-2000-balanced::1kg8wlw,0.010175328701734543,0.9244985580444336,0.06532599776983261
huggingface_uit-sentiment-dataset-reddit-2000-balanced::1kg8zm9,0.010830653831362724,0.8554680943489075,0.13370127975940704
huggingface_uit-sentiment-dataset-reddit-2000-balanced::1kgb040,0.012908105738461018,0.9174525141716003,0.06963935494422913
huggingface_uit-sentiment-dataset-reddit-2000-balanced::1kgcjz6,0.009994291700422764,0.20947222411632538,0.780533492565155
huggingface_uit-sentiment-dataset-reddit-2000-balanced::1kggydh,0.032570552080869675,0.4633254408836365,0.5041040778160095
huggingface_uit-sentiment-dataset-reddit-2000-balanced::1kglr2x,0.014653438702225685,0.934074342250824,0.051272161304950714
huggingface_uit-sentiment-dataset-reddit-2000-balanced::1kguqmd,0.005015137139707804,0.1995362937450409,0.7954485416412354
huggingface_uit-sentiment-dataset-reddit-2000-balanced::1kgx5z3,0.798477053642273,0.19021731615066528,0.011305706575512886
huggingface_uit-sentiment-dataset-reddit-2000-balanced::1kh5vrx,0.019279688596725464,0.6229397058486938,0.35778069496154785
huggingface_uit-sentiment-dataset-reddit-2000-balanced::1kh6aa7,0.7580683827400208,0.21417726576328278,0.027754371985793114
huggingface_uit-sentiment-dataset-reddit-2000-balanced::1khhyuz,0.025920705869793892,0.8782564997673035,0.0958227664232254
huggingface_uit-sentiment-dataset-reddit-2000-balanced::1khpgx2,0.18298569321632385,0.700005054473877,0.11700930446386337
huggingface_uit-sentiment-dataset-reddit-2000-balanced::1khvm9d,0.015626607462763786,0.49494996666908264,0.48942336440086365
huggingface_uit-sentiment-dataset-reddit-2000-balanced::1kido1m,0.06137918680906296,0.30424964427948,0.6343711614608765
huggingface_uit-sentiment-dataset-reddit-2000-balanced::1kiforw,0.35897907614707947,0.5993636250495911,0.041657280176877975
huggingface_uit-sentiment-dataset-reddit-2000-balanced::1kigmfo,0.011175155639648438,0.5722933411598206,0.4165315330028534
huggingface_uit-sentiment-dataset-reddit-2000-balanced::1kiup00,0.0041599576361477375,0.7320443987846375,0.2637956440448761
huggingface_uit-sentiment-dataset-reddit-2000-balanced::1kj0mcn,0.4241275191307068,0.5214465856552124,0.05442585423588753
huggingface_uit-sentiment-dataset-reddit-2000-balanced::1kj7xjz,0.02207680232822895,0.6910315752029419,0.2868916094303131
huggingface_uit-sentiment-dataset-reddit-2000-balanced::1kjnl3l,0.20324935019016266,0.5863267183303833,0.21042393147945404
huggingface_uit-sentiment-dataset-reddit-2000-balanced::1kjnqig,0.03383820876479149,0.9112930297851562,0.05486881360411644
huggingface_uit-sentiment-dataset-reddit-2000-balanced::1kjvwk4,0.3277500867843628,0.5041553974151611,0.16809451580047607
huggingface_uit-sentiment-dataset-reddit-2000-balanced::1klfcu0,0.04641265049576759,0.7615755200386047,0.19201187789440155
huggingface_uit-sentiment-dataset-reddit-2000-balanced::1klrfjt,0.004510868340730667,0.5073490738868713,0.4881400465965271
huggingface_uit-sentiment-dataset-reddit-2000-balanced::1klshlu,0.3359498381614685,0.5980057120323181,0.066044382750988
huggingface_uit-sentiment-dataset-reddit-2000-balanced::1km2jyz,0.7856921553611755,0.19943450391292572,0.01487339660525322
huggingface_uit-sentiment-dataset-reddit-2000-balanced::1km7719,0.5141432285308838,0.4719400703907013,0.013916721567511559
huggingface_uit-sentiment-dataset-reddit-2000-balanced::1kmhti8,0.005967387929558754,0.6333420872688293,0.36069056391716003
huggingface_uit-sentiment-dataset-reddit-2000-balanced::1kmnsol,0.00409517390653491,0.1693532019853592,0.826551616191864
huggingface_uit-sentiment-dataset-reddit-2000-balanced::1kmtrq9,0.7639843225479126,0.22514930367469788,0.010866424068808556
huggingface_uit-sentiment-dataset-reddit-2000-balanced::1kn69mp,0.046635646373033524,0.8225293159484863,0.13083502650260925
huggingface_uit-sentiment-dataset-reddit-2000-balanced::1kna33l,0.01300045009702444,0.32428890466690063,0.6627106666564941
huggingface_uit-sentiment-dataset-reddit-2000-balanced::1kndy0o,0.01555749960243702,0.5315009951591492,0.4529414772987366
huggingface_uit-sentiment-dataset-reddit-2000-balanced::1ko6oks,0.00517866387963295,0.23037323355674744,0.7644480466842651
huggingface_uit-sentiment-dataset-reddit-2000-balanced::1koho5i,0.5940437316894531,0.3799307644367218,0.026025457307696342
huggingface_uit-sentiment-dataset-reddit-2000-balanced::1kp44r3,0.0028025410138070583,0.06601013243198395,0.9311873912811279
huggingface_uit-sentiment-dataset-reddit-2000-balanced::1kp4ce9,0.0031131161376833916,0.08145462721586227,0.9154322147369385
huggingface_uit-sentiment-dataset-reddit-2000-balanced::1kqdl9o,0.016055477783083916,0.5069625377655029,0.4769819378852844
huggingface_uit-sentiment-dataset-reddit-2000-balanced::1kqv8w5,0.016312316060066223,0.7352123260498047,0.2484753578901291
huggingface_uit-sentiment-dataset-reddit-2000-balanced::1kqzkjl,0.008035387843847275,0.4048789441585541,0.5870857238769531
huggingface_uit-sentiment-dataset-reddit-2000-balanced::1kr16pq,0.19180147349834442,0.701395571231842,0.10680294781923294
huggingface_uit-sentiment-dataset-reddit-2000-balanced::1kr4lg2,0.004532568622380495,0.38399094343185425,0.611476480960846
huggingface_uit-sentiment-dataset-reddit-2000-balanced::1kr5epm,0.04124175012111664,0.313856840133667,0.6449013948440552
huggingface_uit-sentiment-dataset-reddit-2000-balanced::1kr867y,0.43981605768203735,0.400460809469223,0.159723162651062
huggingface_uit-sentiment-dataset-reddit-2000-balanced::1krazi4,0.02344193123281002,0.8893181085586548,0.08723997324705124
huggingface_uit-sentiment-dataset-reddit-2000-balanced::1krba3i,0.012907013297080994,0.9449495077133179,0.04214337468147278
huggingface_uit-sentiment-dataset-reddit-2000-balanced::1krbg70,0.005306565202772617,0.06409024447202682,0.9306032061576843
huggingface_uit-sentiment-dataset-reddit-2000-balanced::1krblrv,0.004867142997682095,0.39950084686279297,0.5956320762634277
huggingface_uit-sentiment-dataset-reddit-2000-balanced::1krbrvl,0.005200791638344526,0.5286588072776794,0.4661403298377991
huggingface_uit-sentiment-dataset-reddit-2000-balanced::1krc2uy,0.5487538576126099,0.3683929443359375,0.08285321295261383
huggingface_uit-sentiment-dataset-reddit-2000-balanced::1krc5kv,0.0049424078315496445,0.5414660573005676,0.4535914659500122
huggingface_uit-sentiment-dataset-reddit-2000-balanced::1krc797,0.011672734282910824,0.3461333215236664,0.6421939730644226
huggingface_uit-sentiment-dataset-reddit-2000-balanced::1krcdg5,0.013242491520941257,0.9333260655403137,0.05343141034245491
huggingface_uit-sentiment-dataset-reddit-2000-balanced::1krfl2n,0.0038795832078903913,0.77362060546875,0.2224997729063034
huggingface_uit-sentiment-dataset-reddit-2000-balanced::1krgxw8,0.028541285544633865,0.8778391480445862,0.09361958503723145
huggingface_uit-sentiment-dataset-reddit-2000-balanced::1krj45y,0.1797967255115509,0.7590999007225037,0.06110336259007454
huggingface_uit-sentiment-dataset-reddit-2000-balanced::1krqyy3,0.024328405037522316,0.9176658391952515,0.05800580978393555
huggingface_uit-sentiment-dataset-reddit-2000-balanced::1kru9v3,0.3134956359863281,0.5122894644737244,0.17421495914459229
huggingface_uit-sentiment-dataset-reddit-2000-balanced::1krvoz2,0.0077083357609808445,0.07921204715967178,0.9130796790122986
huggingface_uit-sentiment-dataset-reddit-2000-balanced::1ksas7b,0.040585003793239594,0.6933234930038452,0.266091525554657
huggingface_uit-sentiment-dataset-reddit-2000-balanced::1kstdhn,0.008659321814775467,0.30650487542152405,0.6848357319831848
huggingface_uit-sentiment-dataset-reddit-2000-balanced::1ksu9vi,0.05175838619470596,0.7908936738967896,0.15734799206256866
huggingface_uit-sentiment-dataset-reddit-2000-balanced::1kt4afr,0.01908499002456665,0.7833338379859924,0.19758112728595734
huggingface_uit-sentiment-dataset-reddit-2000-balanced::1ktm0hd,0.7444251775741577,0.23872938752174377,0.0168454572558403
huggingface_uit-sentiment-dataset-reddit-2000-balanced::1ktvhtl,0.019091282039880753,0.6724548935890198,0.30845382809638977
huggingface_uit-sentiment-dataset-reddit-2000-balanced::1ktyit8,0.01174311526119709,0.7036277651786804,0.28462910652160645
huggingface_uit-sentiment-dataset-reddit-2000-balanced::1ku6wol,0.28704124689102173,0.6322129368782043,0.08074583113193512
huggingface_uit-sentiment-dataset-reddit-2000-balanced::1ku88w6,0.006963819731026888,0.02820887789130211,0.964827299118042
huggingface_uit-sentiment-dataset-reddit-2000-balanced::1ku8n9w,0.004177556838840246,0.871048092842102,0.12477432936429977
huggingface_uit-sentiment-dataset-reddit-2000-balanced::1kucii6,0.2920171320438385,0.5911566615104675,0.11682622879743576
huggingface_uit-sentiment-dataset-reddit-2000-balanced::1kui17w,0.7805185914039612,0.1978882998228073,0.02159312553703785
huggingface_uit-sentiment-dataset-reddit-2000-balanced::1kumkrx,0.011760784313082695,0.6878232955932617,0.3004159927368164
huggingface_uit-sentiment-dataset-reddit-2000-balanced::1kuxvgt,0.3523089587688446,0.5261264443397522,0.12156457453966141
huggingface_uit-sentiment-dataset-reddit-2000-balanced::1kuzane,0.01478566788136959,0.09880197793245316,0.8864123821258545
huggingface_uit-sentiment-dataset-reddit-2000-balanced::1kvab9y,0.6192200779914856,0.351683646440506,0.029096204787492752
huggingface_uit-sentiment-dataset-reddit-2000-balanced::1kvcpf4,0.023696737363934517,0.7282586693763733,0.24804456532001495
huggingface_uit-sentiment-dataset-reddit-2000-balanced::1kvh6df,0.15452320873737335,0.7797641754150391,0.0657125785946846
huggingface_uit-sentiment-dataset-reddit-2000-balanced::1kvj149,0.13737577199935913,0.4626307785511017,0.39999350905418396
huggingface_uit-sentiment-dataset-reddit-2000-balanced::1kvsnj4,0.028436586260795593,0.8391794562339783,0.13238397240638733
huggingface_uit-sentiment-dataset-reddit-2000-balanced::1kvxfge,0.021799439564347267,0.2647325098514557,0.7134680151939392
huggingface_uit-sentiment-dataset-reddit-2000-balanced::1kw5ltp,0.018748056143522263,0.28858253359794617,0.6926693916320801
huggingface_uit-sentiment-dataset-reddit-2000-balanced::1kwas79,0.2346498966217041,0.7189305424690247,0.04641957953572273
huggingface_uit-sentiment-dataset-reddit-2000-balanced::1kws5wd,0.018126027658581734,0.9323706030845642,0.04950343817472458
huggingface_uit-sentiment-dataset-reddit-2000-balanced::1kxa5hx,0.05891799554228783,0.6484876275062561,0.29259440302848816
huggingface_uit-sentiment-dataset-reddit-2000-balanced::1kxqnha,0.004666252993047237,0.8535028100013733,0.1418309062719345
huggingface_uit-sentiment-dataset-reddit-2000-balanced::1ky3l4f,0.007668042089790106,0.6867416501045227,0.30559030175209045
huggingface_uit-sentiment-dataset-reddit-2000-balanced::1kya3c2,0.016913117840886116,0.8447818160057068,0.13830503821372986
huggingface_uit-sentiment-dataset-reddit-2000-balanced::1kyopqh,0.44395712018013,0.5203605890274048,0.03568226844072342
huggingface_uit-sentiment-dataset-reddit-2000-balanced::1kyyhce,0.0026306798681616783,0.08777390420436859,0.9095953702926636
huggingface_uit-sentiment-dataset-reddit-2000-balanced::1kzc0ca,0.039871182292699814,0.4609290361404419,0.499199777841568
huggingface_uit-sentiment-dataset-reddit-2000-balanced::1l07llz,0.06969933211803436,0.8316138386726379,0.09868676960468292
huggingface_uit-sentiment-dataset-reddit-2000-balanced::1l0hpha,0.015484800562262535,0.8698309659957886,0.11468426138162613
huggingface_uit-sentiment-dataset-reddit-2000-balanced::1l0n5dn,0.6872542500495911,0.27788403630256653,0.03486168012022972
huggingface_uit-sentiment-dataset-reddit-2000-balanced::1l27g8d,0.004214571323245764,0.07641935348510742,0.9193661212921143
huggingface_uit-sentiment-dataset-reddit-2000-balanced::1l2fj2k,0.07527904957532883,0.7438889741897583,0.18083201348781586
huggingface_uit-sentiment-dataset-reddit-2000-balanced::1l2tp1g,0.011579898186028004,0.9164425134658813,0.07197761535644531
huggingface_uit-sentiment-dataset-reddit-2000-balanced::1l2z8jw,0.004890091251581907,0.33284991979599,0.6622599959373474
huggingface_uit-sentiment-dataset-reddit-2000-balanced::1l30iat,0.007428393699228764,0.5709891319274902,0.42158252000808716
huggingface_uit-sentiment-dataset-reddit-2000-balanced::1l3ece4,0.5375948548316956,0.4305671453475952,0.03183797374367714
huggingface_uit-sentiment-dataset-reddit-2000-balanced::1l3jxll,0.41438689827919006,0.5461260080337524,0.039487093687057495
huggingface_uit-sentiment-dataset-reddit-2000-balanced::1l3rjff,0.0014800546923652291,0.018707383424043655,0.979812502861023
huggingface_uit-sentiment-dataset-reddit-2000-balanced::1l42uye,0.006469296757131815,0.9243186116218567,0.06921213865280151
huggingface_uit-sentiment-dataset-reddit-2000-balanced::1l43129,0.004318652208894491,0.7682064175605774,0.2274748831987381
huggingface_uit-sentiment-dataset-reddit-2000-balanced::1l4348i,0.2638319432735443,0.5708171129226685,0.16535095870494843
huggingface_uit-sentiment-dataset-reddit-2000-balanced::1l434ek,0.014396858401596546,0.9072843790054321,0.07831882685422897
huggingface_uit-sentiment-dataset-reddit-2000-balanced::1l438nd,0.014195176772773266,0.7434297800064087,0.24237501621246338
huggingface_uit-sentiment-dataset-reddit-2000-balanced::1l43axg,0.02033362165093422,0.9218958616256714,0.05777044594287872
huggingface_uit-sentiment-dataset-reddit-2000-balanced::1l48yz9,0.36565858125686646,0.5995421409606934,0.03479922190308571
huggingface_uit-sentiment-dataset-reddit-2000-balanced::1l4bp2g,0.003737185848876834,0.05553291365504265,0.9407299160957336
huggingface_uit-sentiment-dataset-reddit-2000-balanced::1l4c50z,0.005431064870208502,0.020703013986349106,0.9738658666610718
huggingface_uit-sentiment-dataset-reddit-2000-balanced::1l4fbou,0.5528253316879272,0.4222542345523834,0.024920381605625153
huggingface_uit-sentiment-dataset-reddit-2000-balanced::1l4w6k0,0.008987444452941418,0.856185257434845,0.13482728600502014
huggingface_uit-sentiment-dataset-reddit-2000-balanced::1l4xluf,0.35363397002220154,0.5536539554595947,0.09271213412284851
huggingface_uit-sentiment-dataset-reddit-2000-balanced::1l5fesz,0.020093023777008057,0.35245513916015625,0.6274518370628357
huggingface_uit-sentiment-dataset-reddit-2000-balanced::1l5mqjj,0.010689489543437958,0.7813560962677002,0.20795443654060364
huggingface_uit-sentiment-dataset-reddit-2000-balanced::1l5uym2,0.18127141892910004,0.6344412565231323,0.18428738415241241
huggingface_uit-sentiment-dataset-reddit-2000-balanced::1l5x3hu,0.44426843523979187,0.5392633676528931,0.016468213871121407
huggingface_uit-sentiment-dataset-reddit-2000-balanced::1l6rrcf,0.30372005701065063,0.6340105533599854,0.06226939707994461
huggingface_uit-sentiment-dataset-reddit-2000-balanced::1l6urvw,0.2433292269706726,0.7212561964988708,0.035414550453424454
huggingface_uit-sentiment-dataset-reddit-2000-balanced::1l6utok,0.2759612202644348,0.6830582022666931,0.040980517864227295
huggingface_uit-sentiment-dataset-reddit-2000-balanced::1l754k9,0.005988149903714657,0.8523532748222351,0.1416584998369217
huggingface_uit-sentiment-dataset-reddit-2000-balanced::1l7olcw,0.1015544906258583,0.7972338795661926,0.10121166706085205
huggingface_uit-sentiment-dataset-reddit-2000-balanced::1l8x080,0.2770591974258423,0.6587104201316833,0.06423033773899078
huggingface_uit-sentiment-dataset-reddit-2000-balanced::1l92pp8,0.1593066155910492,0.7054286599159241,0.13526475429534912
huggingface_uit-sentiment-dataset-reddit-2000-balanced::1lb7h7z,0.009624570608139038,0.12837417423725128,0.8620012402534485
huggingface_uit-sentiment-dataset-reddit-2000-balanced::1lbqwfs,0.006923278793692589,0.032655321061611176,0.9604214429855347
huggingface_uit-sentiment-dataset-reddit-2000-balanced::1lcbygl,0.31644493341445923,0.5510374903678894,0.13251754641532898
huggingface_uit-sentiment-dataset-reddit-2000-balanced::1ld9a9f,0.24887876212596893,0.6935957074165344,0.057525455951690674
huggingface_uit-sentiment-dataset-reddit-2000-balanced::1ldr05l,0.020581183955073357,0.8705800175666809,0.1088387668132782
huggingface_uit-sentiment-dataset-reddit-2000-balanced::1ldr0hk,0.004848664626479149,0.8603456020355225,0.13480573892593384
huggingface_uit-sentiment-dataset-reddit-2000-balanced::1ldsez0,0.003708311589434743,0.48108065128326416,0.5152111053466797
huggingface_uit-sentiment-dataset-reddit-2000-balanced::1ldxuk1,0.1474832445383072,0.5335050821304321,0.3190116882324219
huggingface_uit-sentiment-dataset-reddit-2000-balanced::1ldz6pj,0.019476722925901413,0.9231234192848206,0.05739980190992355
huggingface_uit-sentiment-dataset-reddit-2000-balanced::1led0lb,0.15239953994750977,0.7716715931892395,0.07592892646789551
huggingface_uit-sentiment-dataset-reddit-2000-balanced::1leesej,0.00905739888548851,0.7152089476585388,0.2757336497306824
huggingface_uit-sentiment-dataset-reddit-2000-balanced::1lekwqg,0.7530665397644043,0.22754381597042084,0.019389592111110687
huggingface_uit-sentiment-dataset-reddit-2000-balanced::1lelzpn,0.465518981218338,0.5014752745628357,0.033005692064762115
huggingface_uit-sentiment-dataset-reddit-2000-balanced::1letslu,0.016069797798991203,0.36208969354629517,0.6218404769897461
huggingface_uit-sentiment-dataset-reddit-2000-balanced::1letuk8,0.005964388605207205,0.5569785833358765,0.4370570182800293
huggingface_uit-sentiment-dataset-reddit-2000-balanced::1lfkq5g,0.06322900205850601,0.4549877345561981,0.48178327083587646
huggingface_uit-sentiment-dataset-reddit-2000-balanced::1lfmi0z,0.018158940598368645,0.2146638184785843,0.7671772241592407
huggingface_uit-sentiment-dataset-reddit-2000-balanced::1lg27hk,0.4161785840988159,0.5339394807815552,0.0498819574713707
huggingface_uit-sentiment-dataset-reddit-2000-balanced::1lg72jn,0.20201332867145538,0.7244688868522644,0.07351768016815186
huggingface_uit-sentiment-dataset-reddit-2000-balanced::1lgx222,0.018332073464989662,0.8690621852874756,0.11260572820901871
huggingface_uit-sentiment-dataset-reddit-2000-balanced::1lh3sad,0.3495163321495056,0.6117926239967346,0.03869105875492096
huggingface_uit-sentiment-dataset-reddit-2000-balanced::1lh3zuv,0.09410800039768219,0.8563687205314636,0.04952331632375717
huggingface_uit-sentiment-dataset-reddit-2000-balanced::1lhey7g,0.5536777973175049,0.41090503334999084,0.03541721776127815
huggingface_uit-sentiment-dataset-reddit-2000-balanced::1ljxa2e,0.003765573026612401,0.0774032473564148,0.9188311696052551
huggingface_uit-sentiment-dataset-reddit-2000-balanced::1ljxou6,0.023091744631528854,0.8722764253616333,0.10463190078735352
huggingface_uit-sentiment-dataset-reddit-2000-balanced::1lk2yq6,0.5330203771591187,0.4325368106365204,0.03444285690784454
huggingface_uit-sentiment-dataset-reddit-2000-balanced::1lk48vg,0.004312135279178619,0.6986612677574158,0.297026664018631
huggingface_uit-sentiment-dataset-reddit-2000-balanced::1lk5h19,0.0032309764064848423,0.41426408290863037,0.5825049877166748
huggingface_uit-sentiment-dataset-reddit-2000-balanced::1lk63od,0.0042392718605697155,0.3311825394630432,0.6645781397819519
huggingface_uit-sentiment-dataset-reddit-2000-balanced::1lkgayx,0.02260955236852169,0.79360032081604,0.18379013240337372
huggingface_uit-sentiment-dataset-reddit-2000-balanced::1lks1sz,0.007249750662595034,0.7926185131072998,0.2001318335533142
huggingface_uit-sentiment-dataset-reddit-2000-balanced::1ll340q,0.09500055015087128,0.6914818286895752,0.21351760625839233
huggingface_uit-sentiment-dataset-reddit-2000-balanced::1ll94db,0.017966685816645622,0.7951648831367493,0.18686844408512115
huggingface_uit-sentiment-dataset-reddit-2000-balanced::1llaiuy,0.04703144729137421,0.48298966884613037,0.4699788987636566
huggingface_uit-sentiment-dataset-reddit-2000-balanced::1llbp9u,0.36358240246772766,0.451905220746994,0.18451239168643951
huggingface_uit-sentiment-dataset-reddit-2000-balanced::1lleks2,0.2251218855381012,0.742232084274292,0.0326460599899292
huggingface_uit-sentiment-dataset-reddit-2000-balanced::1llka0e,0.010118535719811916,0.64359450340271,0.3462870121002197
huggingface_uit-sentiment-dataset-reddit-2000-balanced::1lllv3l,0.07455965876579285,0.8475977778434753,0.07784257084131241
huggingface_uit-sentiment-dataset-reddit-2000-balanced::1llopqo,0.04973575845360756,0.07137835025787354,0.8788858652114868
huggingface_uit-sentiment-dataset-reddit-2000-balanced::1llpnxt,0.3295382857322693,0.5392622947692871,0.1311994045972824
huggingface_uit-sentiment-dataset-reddit-2000-balanced::1llpu8k,0.0525236502289772,0.6937980651855469,0.25367817282676697
huggingface_uit-sentiment-dataset-reddit-2000-balanced::1lm9xlq,0.0043306248262524605,0.1455620676279068,0.8501073122024536
huggingface_uit-sentiment-dataset-reddit-2000-balanced::1lmc6dp,0.4980437755584717,0.41119879484176636,0.09075744450092316
huggingface_uit-sentiment-dataset-reddit-2000-balanced::1lmgp62,0.00256501161493361,0.03241084888577461,0.9650241136550903
huggingface_uit-sentiment-dataset-reddit-2000-balanced::1lmt957,0.01681656949222088,0.7838834524154663,0.19929994642734528
huggingface_uit-sentiment-dataset-reddit-2000-balanced::1lmwpsv,0.31352490186691284,0.6353554129600525,0.051119644194841385
huggingface_uit-sentiment-dataset-reddit-2000-balanced::1ln7rll,0.0044928016141057014,0.2609529197216034,0.7345542907714844
huggingface_uit-sentiment-dataset-reddit-2000-balanced::1lnax9s,0.22487983107566833,0.6442459225654602,0.1308741718530655
huggingface_uit-sentiment-dataset-reddit-2000-balanced::1lnjto6,0.007731845136731863,0.4930110275745392,0.4992571175098419
huggingface_uit-sentiment-dataset-reddit-2000-balanced::1loieqb,0.22432786226272583,0.5721146464347839,0.20355752110481262
huggingface_uit-sentiment-dataset-reddit-2000-balanced::1loyba7,0.6650229692459106,0.2893030643463135,0.04567394778132439
huggingface_uit-sentiment-dataset-reddit-2000-balanced::1lp2xhu,0.8748303055763245,0.11400341242551804,0.011166351847350597
huggingface_uit-sentiment-dataset-reddit-2000-balanced::1lpdfkf,0.006993785500526428,0.0351443886756897,0.9578618407249451
huggingface_uit-sentiment-dataset-reddit-2000-balanced::1lpffhh,0.025687918066978455,0.22784917056560516,0.746462881565094
huggingface_uit-sentiment-dataset-reddit-2000-balanced::1lpkzi7,0.014628147706389427,0.775245189666748,0.21012668311595917
huggingface_uit-sentiment-dataset-reddit-2000-balanced::1lq3omq,0.0264583732932806,0.6132277250289917,0.36031392216682434
huggingface_uit-sentiment-dataset-reddit-2000-balanced::1lqsvf6,0.8662676811218262,0.12479663640260696,0.008935711346566677
huggingface_uit-sentiment-dataset-reddit-2000-balanced::1lrvlf0,0.44889554381370544,0.515285313129425,0.0358191579580307
huggingface_uit-sentiment-dataset-reddit-2000-balanced::1lrzgc3,0.014993390068411827,0.8462916612625122,0.1387149840593338
huggingface_uit-sentiment-dataset-reddit-2000-balanced::1ls0d8u,0.055014003068208694,0.5167884230613708,0.4281975328922272
huggingface_uit-sentiment-dataset-reddit-2000-balanced::1lsevb1,0.06642786413431168,0.7264081835746765,0.2071639448404312
huggingface_uit-sentiment-dataset-reddit-2000-balanced::1lsfv8c,0.05987174063920975,0.6794396638870239,0.2606886625289917
huggingface_uit-sentiment-dataset-reddit-2000-balanced::1lsses1,0.04186579957604408,0.7827531099319458,0.17538109421730042
huggingface_uit-sentiment-dataset-reddit-2000-balanced::1lsyd1a,0.5711442232131958,0.37071919441223145,0.05813654512166977
huggingface_uit-sentiment-dataset-reddit-2000-balanced::1ltkkxd,0.15140289068222046,0.7376263737678528,0.11097072809934616
huggingface_uit-sentiment-dataset-reddit-2000-balanced::1lu9lmg,0.02961045317351818,0.6436091661453247,0.32678037881851196
huggingface_uit-sentiment-dataset-reddit-2000-balanced::1lumebd,0.006945946719497442,0.07295415550470352,0.9200999140739441
huggingface_uit-sentiment-dataset-reddit-2000-balanced::1lv4pag,0.055339936167001724,0.8700728416442871,0.07458730041980743
huggingface_uit-sentiment-dataset-reddit-2000-balanced::1lvbvru,0.005717417690902948,0.8945751190185547,0.09970754384994507
huggingface_uit-sentiment-dataset-reddit-2000-balanced::1lvoyu4,0.07483667880296707,0.8386803865432739,0.08648289740085602
huggingface_uit-sentiment-dataset-reddit-2000-balanced::1lw6u69,0.0731310024857521,0.877519965171814,0.04934906214475632
huggingface_uit-sentiment-dataset-reddit-2000-balanced::1lwe5a0,0.08607393503189087,0.776147723197937,0.1377784013748169
huggingface_uit-sentiment-dataset-reddit-2000-balanced::1lwmtam,0.006496127229183912,0.05981549993157387,0.9336883425712585
huggingface_uit-sentiment-dataset-reddit-2000-balanced::1lx10ja,0.03394804522395134,0.8031035661697388,0.16294841468334198
huggingface_uit-sentiment-dataset-reddit-2000-balanced::1lx20ye,0.07953227311372757,0.49791866540908813,0.4225490689277649
huggingface_uit-sentiment-dataset-reddit-2000-balanced::1lxuu5m,0.046599969267845154,0.88045334815979,0.07294673472642899
huggingface_uit-sentiment-dataset-reddit-2000-balanced::1lyqbbd,0.34303420782089233,0.5916497111320496,0.0653160810470581
huggingface_uit-sentiment-dataset-reddit-2000-balanced::1lzh0cf,0.05772130563855171,0.7602638602256775,0.18201476335525513
huggingface_uit-sentiment-dataset-reddit-2000-balanced::1m084lw,0.668928325176239,0.3201141655445099,0.01095749344676733
huggingface_uit-sentiment-dataset-reddit-2000-balanced::1m0ufjq,0.8606205582618713,0.13238345086574554,0.006995954550802708
huggingface_uit-sentiment-dataset-reddit-2000-balanced::1m0vlu3,0.598060131072998,0.3243769407272339,0.07756293565034866
huggingface_uit-sentiment-dataset-reddit-2000-balanced::1m15mgm,0.0040177153423428535,0.37697795033454895,0.6190043091773987
huggingface_uit-sentiment-dataset-reddit-2000-balanced::1m1dj34,0.011246902868151665,0.6782456636428833,0.3105074465274811
huggingface_uit-sentiment-dataset-reddit-2000-balanced::1m2e8vc,0.07265249639749527,0.8334908485412598,0.09385661035776138
huggingface_uit-sentiment-dataset-reddit-2000-balanced::1m2u7i8,0.0035971759352833033,0.19067123532295227,0.8057315945625305
huggingface_uit-sentiment-dataset-reddit-2000-balanced::1m2w1ez,0.00927763618528843,0.5003493428230286,0.49037307500839233
huggingface_uit-sentiment-dataset-reddit-2000-balanced::1m33o5x,0.004355078563094139,0.5313534140586853,0.464291512966156
huggingface_uit-sentiment-dataset-reddit-2000-balanced::1m46w7u,0.011499997228384018,0.42977914214134216,0.5587208271026611
huggingface_uit-sentiment-dataset-reddit-2000-balanced::1m4edyx,0.003557289717718959,0.07700412720441818,0.9194385409355164
huggingface_uit-sentiment-dataset-reddit-2000-balanced::1m4gy17,0.08508724719285965,0.8051375150680542,0.10977528244256973
huggingface_uit-sentiment-dataset-reddit-2000-balanced::1m4rbqv,0.4542461633682251,0.5002970695495605,0.04545670002698898
huggingface_uit-sentiment-dataset-reddit-2000-balanced::1m5ek1z,0.5862485766410828,0.3493155241012573,0.06443589180707932
huggingface_uit-sentiment-dataset-reddit-2000-balanced::1m5o1jh,0.0022061176132410765,0.3223509192466736,0.6754429936408997
huggingface_uit-sentiment-dataset-reddit-2000-balanced::1m5o1ll,0.007871846668422222,0.36945006251335144,0.6226781606674194
huggingface_uit-sentiment-dataset-reddit-2000-balanced::1m5owur,0.00632099062204361,0.7936885952949524,0.19999046623706818
huggingface_uit-sentiment-dataset-reddit-2000-balanced::1m5p0vm,0.5879160761833191,0.3726819157600403,0.039402056485414505
huggingface_uit-sentiment-dataset-reddit-2000-balanced::1m5wxw6,0.29984208941459656,0.5884639620780945,0.11169397085905075
huggingface_uit-sentiment-dataset-reddit-2000-balanced::1m60shw,0.00864484254270792,0.9076935648918152,0.0836615264415741
huggingface_uit-sentiment-dataset-reddit-2000-balanced::1m65l0f,0.009427218697965145,0.10103563964366913,0.8895370960235596
huggingface_uit-sentiment-dataset-reddit-2000-balanced::1m6qdet,0.0027972159441560507,0.09413029253482819,0.9030725359916687
huggingface_uit-sentiment-dataset-reddit-2000-balanced::1m6vbds,0.0025954830925911665,0.02470276691019535,0.9727017283439636
huggingface_uit-sentiment-dataset-reddit-2000-balanced::1m73ohk,0.3668094873428345,0.5936320424079895,0.039558470249176025
huggingface_uit-sentiment-dataset-reddit-2000-balanced::1m7aefj,0.21732519567012787,0.7412182092666626,0.04145658388733864
huggingface_uit-sentiment-dataset-reddit-2000-balanced::1m7av4q,0.8408742547035217,0.14963720738887787,0.009488562121987343
huggingface_uit-sentiment-dataset-reddit-2000-balanced::1m7gv2d,0.39514556527137756,0.5628548264503479,0.04199959710240364
huggingface_uit-sentiment-dataset-reddit-2000-balanced::1m7k4ix,0.006382553372532129,0.5877355337142944,0.4058818519115448
huggingface_uit-sentiment-dataset-reddit-2000-balanced::1m8b72y,0.04380258545279503,0.48238468170166016,0.4738127589225769
huggingface_uit-sentiment-dataset-reddit-2000-balanced::1m91mt6,0.0018060606671497226,0.0441645123064518,0.9540294408798218
huggingface_uit-sentiment-dataset-reddit-2000-balanced::1mafrre,0.12742434442043304,0.7395788431167603,0.13299672305583954
huggingface_uit-sentiment-dataset-reddit-2000-balanced::1mammv5,0.02044757641851902,0.12737372517585754,0.8521786332130432
huggingface_uit-sentiment-dataset-reddit-2000-balanced::1marx3v,0.03118143230676651,0.8133662939071655,0.15545226633548737
huggingface_uit-sentiment-dataset-reddit-2000-balanced::1mb4h6d,0.0738387405872345,0.8045787215232849,0.12158253788948059
huggingface_uit-sentiment-dataset-reddit-2000-balanced::1mbaho0,0.326328843832016,0.6196733117103577,0.05399783328175545
huggingface_uit-sentiment-dataset-reddit-2000-balanced::1mbbphk,0.011568074114620686,0.3320193886756897,0.6564125418663025
huggingface_uit-sentiment-dataset-reddit-2000-balanced::1mbejz8,0.12457221746444702,0.5378606915473938,0.3375670611858368
huggingface_uit-sentiment-dataset-reddit-2000-balanced::1mbmkkp,0.6121537685394287,0.356403648853302,0.031442537903785706
huggingface_uit-sentiment-dataset-reddit-2000-balanced::1mbq5zp,0.09210001677274704,0.7589805722236633,0.14891943335533142
huggingface_uit-sentiment-dataset-reddit-2000-balanced::1mbypp7,0.4377472996711731,0.5127415657043457,0.049511127173900604
huggingface_uit-sentiment-dataset-reddit-2000-balanced::1mc3t40,0.005249787587672472,0.6220605969429016,0.3726895749568939
huggingface_uit-sentiment-dataset-reddit-2000-balanced::1mce9tt,0.015255481004714966,0.9579281210899353,0.026816418394446373
huggingface_uit-sentiment-dataset-reddit-2000-balanced::1mcyay8,0.8231894373893738,0.16621974110603333,0.010590908117592335
huggingface_uit-sentiment-dataset-reddit-2000-balanced::1mdu5l4,0.21276317536830902,0.7392922639846802,0.04794459789991379
huggingface_uit-sentiment-dataset-reddit-2000-balanced::1me72as,0.006228664889931679,0.6436873078346252,0.35008397698402405
huggingface_uit-sentiment-dataset-reddit-2000-balanced::1metnbi,0.006953984498977661,0.8682332038879395,0.12481281906366348
huggingface_uit-sentiment-dataset-reddit-2000-balanced::1metslk,0.028093833476305008,0.7546356320381165,0.21727055311203003
huggingface_uit-sentiment-dataset-reddit-2000-balanced::1meu3jn,0.008329620584845543,0.7054226398468018,0.2862476706504822
huggingface_uit-sentiment-dataset-reddit-2000-balanced::1mewr06,0.026752013713121414,0.8087428212165833,0.16450516879558563
huggingface_uit-sentiment-dataset-reddit-2000-balanced::1mf1w49,0.005918262992054224,0.3842066526412964,0.6098750233650208
huggingface_uit-sentiment-dataset-reddit-2000-balanced::1mf6s85,0.007812247611582279,0.2848831117153168,0.7073045969009399
huggingface_uit-sentiment-dataset-reddit-2000-balanced::1mf8833,0.0054510473273694515,0.0538642555475235,0.9406846165657043
huggingface_uit-sentiment-dataset-reddit-2000-balanced::1mfst9t,0.3079243004322052,0.6717703342437744,0.020305342972278595
huggingface_uit-sentiment-dataset-reddit-2000-balanced::1mgv384,0.022141357883810997,0.6239826083183289,0.3538760244846344
huggingface_uit-sentiment-dataset-reddit-2000-balanced::1mh6zja,0.005846032407134771,0.13361547887325287,0.8605384230613708
huggingface_uit-sentiment-dataset-reddit-2000-balanced::1mhnqe4,0.09122726321220398,0.8426235318183899,0.06614916026592255
huggingface_uit-sentiment-dataset-reddit-2000-balanced::1mhpcxo,0.022524302825331688,0.9056235551834106,0.07185220718383789
huggingface_uit-sentiment-dataset-reddit-2000-balanced::1mhzxsv,0.004215649329125881,0.025195511057972908,0.9705888032913208
huggingface_uit-sentiment-dataset-reddit-2000-balanced::1mig8ab,0.005594518501311541,0.03577650338411331,0.9586289525032043
huggingface_uit-sentiment-dataset-reddit-2000-balanced::1mj5265,0.7050834894180298,0.2847818434238434,0.010134714655578136
huggingface_uit-sentiment-dataset-reddit-2000-balanced::1mjx60i,0.6335698962211609,0.3529137969017029,0.013516344130039215
huggingface_uit-sentiment-dataset-reddit-2000-balanced::1mjyyx3,0.2315329760313034,0.6691157221794128,0.09935130178928375
huggingface_uit-sentiment-dataset-reddit-2000-balanced::1mkyt6q,0.6680184006690979,0.3162705898284912,0.015711070969700813
huggingface_uit-sentiment-dataset-reddit-2000-balanced::1ml3yph,0.9241241812705994,0.06983765959739685,0.006038086023181677
huggingface_uit-sentiment-dataset-reddit-2000-balanced::1ml5l3j,0.03619510680437088,0.5524976849555969,0.411307156085968
huggingface_uit-sentiment-dataset-reddit-2000-balanced::1ml90ww,0.9058231711387634,0.08721783012151718,0.006958990357816219
huggingface_uit-sentiment-dataset-reddit-2000-balanced::1mleg2a,0.00450081517919898,0.2800382971763611,0.7154608368873596
huggingface_uit-sentiment-dataset-reddit-2000-balanced::1mlh4oc,0.8423616290092468,0.14437317848205566,0.013265091925859451
huggingface_uit-sentiment-dataset-reddit-2000-balanced::1mlwtba,0.025950701907277107,0.9205039739608765,0.053545355796813965
huggingface_uit-sentiment-dataset-reddit-2000-balanced::1mmd68w,0.00825609639286995,0.6618156433105469,0.32992827892303467
huggingface_uit-sentiment-dataset-reddit-2000-balanced::1mnnkp5,0.24587659537792206,0.6669236421585083,0.08719976991415024
huggingface_uit-sentiment-dataset-reddit-2000-balanced::1mnp1e2,0.09117802232503891,0.8803632259368896,0.028458718210458755
huggingface_uit-sentiment-dataset-reddit-2000-balanced::1mnqepu,0.045192062854766846,0.8816691040992737,0.07313883304595947
huggingface_uit-sentiment-dataset-reddit-2000-balanced::1monpdx,0.38450586795806885,0.5232080817222595,0.09228605777025223
huggingface_uit-sentiment-dataset-reddit-2000-balanced::1mowsxv,0.16689731180667877,0.7171512246131897,0.11595147848129272
huggingface_uit-sentiment-dataset-reddit-2000-balanced::1mp30wv,0.1264134794473648,0.7609286308288574,0.11265789717435837
huggingface_uit-sentiment-dataset-reddit-2000-balanced::1mpdq4c,0.46284380555152893,0.436970591545105,0.10018563270568848
huggingface_uit-sentiment-dataset-reddit-2000-balanced::1mqmfxk,0.2588579058647156,0.6502124667167664,0.09092967212200165
huggingface_uit-sentiment-dataset-reddit-2000-balanced::1mr823x,0.36451441049575806,0.596607506275177,0.038878124207258224
huggingface_uit-sentiment-dataset-reddit-2000-balanced::1mra5l8,0.3524017333984375,0.6209666728973389,0.026631586253643036
huggingface_uit-sentiment-dataset-reddit-2000-balanced::1mri2ug,0.01680026203393936,0.6912227869033813,0.2919769287109375
huggingface_uit-sentiment-dataset-reddit-2000-balanced::1mry2bz,0.0014401486841961741,0.010435592383146286,0.9881243109703064
huggingface_uit-sentiment-dataset-reddit-2000-balanced::1msu4h4,0.10105351358652115,0.8473508358001709,0.05159567669034004
huggingface_uit-sentiment-dataset-reddit-2000-balanced::1mt5ecq,0.013815640471875668,0.7477226257324219,0.23846174776554108
huggingface_uit-sentiment-dataset-reddit-2000-balanced::1mt8yax,0.5830496549606323,0.37461933493614197,0.04233098030090332
huggingface_uit-sentiment-dataset-reddit-2000-balanced::1mtp0y0,0.08555033057928085,0.7340137362480164,0.1804359257221222
huggingface_uit-sentiment-dataset-reddit-2000-balanced::1mtp4u9,0.012016158550977707,0.8760803937911987,0.11190341413021088
huggingface_uit-sentiment-dataset-reddit-2000-balanced::1muir3t,0.6855714321136475,0.27361181378364563,0.040816809982061386
huggingface_uit-sentiment-dataset-reddit-2000-balanced::1mumcil,0.005043860990554094,0.051016077399253845,0.9439399838447571
huggingface_uit-sentiment-dataset-reddit-2000-balanced::1muslis,0.2392454445362091,0.6223820447921753,0.13837246596813202
huggingface_uit-sentiment-dataset-reddit-2000-balanced::1mvncu0,0.010592466220259666,0.8193260431289673,0.1700814962387085
huggingface_uit-sentiment-dataset-reddit-2000-balanced::1mvpcxe,0.1364017277956009,0.8085163831710815,0.055081892758607864
huggingface_uit-sentiment-dataset-reddit-2000-balanced::1mw0xn6,0.04277196153998375,0.8713003396987915,0.08592772483825684
huggingface_uit-sentiment-dataset-reddit-2000-balanced::1mw7gbf,0.13073717057704926,0.7353540658950806,0.13390883803367615
huggingface_uit-sentiment-dataset-reddit-2000-balanced::1mw9uk8,0.01594225876033306,0.8507925868034363,0.1332651525735855
huggingface_uit-sentiment-dataset-reddit-2000-balanced::1mwfru3,0.018380118533968925,0.8320645093917847,0.14955538511276245
huggingface_uit-sentiment-dataset-reddit-2000-balanced::1mwp67h,0.63763427734375,0.3403666615486145,0.021999068558216095
huggingface_uit-sentiment-dataset-reddit-2000-balanced::1mwz9k6,0.192723348736763,0.705462634563446,0.10181407630443573
huggingface_uit-sentiment-dataset-reddit-2000-balanced::1mxa77h,0.2576877176761627,0.5568264126777649,0.1854858547449112
huggingface_uit-sentiment-dataset-reddit-2000-balanced::1mxa806,0.20565123856067657,0.6105136871337891,0.18383504450321198
huggingface_uit-sentiment-dataset-reddit-2000-balanced::1mxcjdg,0.013376534916460514,0.8159672617912292,0.1706562042236328
huggingface_uit-sentiment-dataset-reddit-2000-balanced::1mxg4be,0.008905908092856407,0.6434904932975769,0.34760358929634094
huggingface_uit-sentiment-dataset-reddit-2000-balanced::1mxobcn,0.017367742955684662,0.7968242764472961,0.1858079880475998
huggingface_uit-sentiment-dataset-reddit-2000-balanced::1mxrtgv,0.00855421181768179,0.9049527645111084,0.08649301528930664
huggingface_uit-sentiment-dataset-reddit-2000-balanced::1mymak3,0.23085443675518036,0.7140675783157349,0.05507807806134224
huggingface_uit-sentiment-dataset-reddit-2000-balanced::1mypnk4,0.02039916254580021,0.22718070447444916,0.7524201273918152
huggingface_uit-sentiment-dataset-reddit-2000-balanced::1mytcuu,0.14523223042488098,0.6774485111236572,0.1773192435503006
huggingface_uit-sentiment-dataset-reddit-2000-balanced::1mytilm,0.11171439290046692,0.7938783764839172,0.09440723806619644
huggingface_uit-sentiment-dataset-reddit-2000-balanced::1mz323b,0.004146907478570938,0.302123486995697,0.6937296390533447
huggingface_uit-sentiment-dataset-reddit-2000-balanced::1mz4l65,0.541130781173706,0.4317638874053955,0.02710537612438202
huggingface_uit-sentiment-dataset-reddit-2000-balanced::1mz4wib,0.033239156007766724,0.4295908212661743,0.5371699929237366
huggingface_uit-sentiment-dataset-reddit-2000-balanced::1mzba2v,0.7936872839927673,0.188012957572937,0.018299734219908714
huggingface_uit-sentiment-dataset-reddit-2000-balanced::1mzfcby,0.04273466765880585,0.8031708598136902,0.15409454703330994
huggingface_uit-sentiment-dataset-reddit-2000-balanced::1mzu401,0.02373085543513298,0.8690570592880249,0.10721208155155182
huggingface_uit-sentiment-dataset-reddit-2000-balanced::1mzubda,0.006070302799344063,0.5418945550918579,0.452035129070282
huggingface_uit-sentiment-dataset-reddit-2000-balanced::1mzvvkb,0.008665397763252258,0.8206585645675659,0.17067594826221466
huggingface_uit-sentiment-dataset-reddit-2000-balanced::1mzymp5,0.017266370356082916,0.9325703978538513,0.050163138657808304
huggingface_uit-sentiment-dataset-reddit-2000-balanced::1n0l6bj,0.004143212456256151,0.4425428509712219,0.5533139109611511
huggingface_uit-sentiment-dataset-reddit-2000-balanced::1n0myx8,0.020357435569167137,0.8279549479484558,0.15168754756450653
huggingface_uit-sentiment-dataset-reddit-2000-balanced::1n0mz9p,0.032016508281230927,0.7923455238342285,0.17563797533512115
huggingface_uit-sentiment-dataset-reddit-2000-balanced::1n0n3mb,0.006887725088745356,0.4961950182914734,0.4969172477722168
huggingface_uit-sentiment-dataset-reddit-2000-balanced::1n0qnen,0.0498727522790432,0.7493407130241394,0.2007865160703659
huggingface_uit-sentiment-dataset-reddit-2000-balanced::1n0wrau,0.8443593382835388,0.14188465476036072,0.013755973428487778
huggingface_uit-sentiment-dataset-reddit-2000-balanced::1n0zi13,0.07923266291618347,0.6383470892906189,0.28242018818855286
huggingface_uit-sentiment-dataset-reddit-2000-balanced::1n0zmkc,0.00552115635946393,0.08579768240451813,0.9086811542510986
huggingface_uit-sentiment-dataset-reddit-2000-balanced::1n1qjrt,0.4579244554042816,0.4635089933872223,0.07856657356023788
huggingface_uit-sentiment-dataset-reddit-2000-balanced::1n1rs6v,0.09123607724905014,0.7027133703231812,0.2060505896806717
huggingface_uit-sentiment-dataset-reddit-2000-balanced::1n1v68e,0.7578561305999756,0.23396795988082886,0.00817588996142149
huggingface_uit-sentiment-dataset-reddit-2000-balanced::1n2falp,0.03841350972652435,0.6786155104637146,0.28297093510627747
huggingface_uit-sentiment-dataset-reddit-2000-balanced::1n2l01s,0.6416147947311401,0.3353704512119293,0.023014772683382034
huggingface_uit-sentiment-dataset-reddit-2000-balanced::1n2rq4o,0.14531147480010986,0.5435456037521362,0.3111429214477539
huggingface_uit-sentiment-dataset-reddit-2000-balanced::1n4747a,0.01626269519329071,0.29605188965797424,0.6876854300498962
huggingface_uit-sentiment-dataset-reddit-2000-balanced::1n4gm0f,0.014003665186464787,0.22591683268547058,0.7600795030593872
huggingface_uit-sentiment-dataset-reddit-2000-balanced::1n4t2wh,0.29069629311561584,0.6868158578872681,0.022487878799438477
huggingface_uit-sentiment-dataset-reddit-2000-balanced::1n52f43,0.20608556270599365,0.729805588722229,0.06410885602235794
huggingface_uit-sentiment-dataset-reddit-2000-balanced::1n54rqw,0.00857542920857668,0.23139841854572296,0.7600261569023132
huggingface_uit-sentiment-dataset-reddit-2000-balanced::1n57jnc,0.35674595832824707,0.6023616194725037,0.04089232161641121
huggingface_uit-sentiment-dataset-reddit-2000-balanced::1n5wgw0,0.4286821782588959,0.5459487438201904,0.025369083508849144
huggingface_uit-sentiment-dataset-reddit-2000-balanced::1n62snk,0.06204997003078461,0.45391348004341125,0.48403653502464294
huggingface_uit-sentiment-dataset-reddit-2000-balanced::1n638gv,0.0035518486984074116,0.196547731757164,0.7999003529548645
huggingface_uit-sentiment-dataset-reddit-2000-balanced::1n6a7np,0.02680322155356407,0.7889950275421143,0.18420171737670898
huggingface_uit-sentiment-dataset-reddit-2000-balanced::1n6cvgt,0.21695269644260406,0.6642781496047974,0.11876920610666275
huggingface_uit-sentiment-dataset-reddit-2000-balanced::1n74kym,0.01437617652118206,0.7155392169952393,0.2700846493244171
huggingface_uit-sentiment-dataset-reddit-2000-balanced::1n7cark,0.0038725261110812426,0.19032421708106995,0.8058032989501953
huggingface_uit-sentiment-dataset-reddit-2000-balanced::1n80p5i,0.019170738756656647,0.8959675431251526,0.08486175537109375
huggingface_uit-sentiment-dataset-reddit-2000-balanced::1n88ybz,0.3212485611438751,0.6162329912185669,0.06251849979162216
huggingface_uit-sentiment-dataset-reddit-2000-balanced::1n8x1gv,0.03250328078866005,0.8541859984397888,0.11331071704626083
huggingface_uit-sentiment-dataset-reddit-2000-balanced::1n9f225,0.005987788550555706,0.4525986611843109,0.5414135456085205
huggingface_uit-sentiment-dataset-reddit-2000-balanced::1n9sjvu,0.5395747423171997,0.4400186538696289,0.020406626164913177
huggingface_uit-sentiment-dataset-reddit-2000-balanced::1naqu4d,0.018862679600715637,0.689156711101532,0.2919805645942688
huggingface_uit-sentiment-dataset-reddit-2000-balanced::1navjgf,0.007914512418210506,0.4662361145019531,0.5258494019508362
huggingface_uit-sentiment-dataset-reddit-2000-balanced::1nb3b8l,0.010663165710866451,0.4164016544818878,0.5729352235794067
huggingface_uit-sentiment-dataset-reddit-2000-balanced::1nb7vct,0.015837740153074265,0.2645663619041443,0.7195959091186523
huggingface_uit-sentiment-dataset-reddit-2000-balanced::1nbf3ai,0.005544718820601702,0.3442768156528473,0.6501784920692444
huggingface_uit-sentiment-dataset-reddit-2000-balanced::1nbqh2c,0.5885614156723022,0.3965352475643158,0.01490340381860733
huggingface_uit-sentiment-dataset-reddit-2000-balanced::1nbzypk,0.0035806556697934866,0.18845732510089874,0.8079620003700256
huggingface_uit-sentiment-dataset-reddit-2000-balanced::1nchfay,0.0024173411075025797,0.12345409393310547,0.8741285800933838
huggingface_uit-sentiment-dataset-reddit-2000-balanced::1ndee5b,0.005303465761244297,0.2799549400806427,0.7147416472434998
huggingface_uit-sentiment-dataset-reddit-2000-balanced::1ndnehb,0.00591307831928134,0.3157773017883301,0.6783096790313721
huggingface_uit-sentiment-dataset-reddit-2000-balanced::1ndqk1f,0.05459117889404297,0.4178623557090759,0.5275464653968811
huggingface_uit-sentiment-dataset-reddit-2000-balanced::1ne0dit,0.538609504699707,0.43224966526031494,0.02914085052907467
huggingface_uit-sentiment-dataset-reddit-2000-balanced::1neee9u,0.002977547235786915,0.10895270854234695,0.888069748878479
huggingface_uit-sentiment-dataset-reddit-2000-balanced::1nefmzr,0.00316344085149467,0.1519182026386261,0.8449183702468872
huggingface_uit-sentiment-dataset-reddit-2000-balanced::1nexloc,0.045866645872592926,0.708434522151947,0.24569883942604065
huggingface_uit-sentiment-dataset-reddit-2000-balanced::1nf79lr,0.025365125387907028,0.171473428606987,0.8031615018844604
huggingface_uit-sentiment-dataset-reddit-2000-balanced::1nfzgge,0.019247213378548622,0.1927143633365631,0.7880384922027588
huggingface_uit-sentiment-dataset-reddit-2000-balanced::1ngaoj6,0.353965163230896,0.6057208180427551,0.04031405597925186
huggingface_uit-sentiment-dataset-reddit-2000-balanced::1ngaw86,0.002371209906414151,0.18321014940738678,0.814418613910675
huggingface_uit-sentiment-dataset-reddit-2000-balanced::1nghylz,0.3857809901237488,0.5452873706817627,0.06893158704042435
huggingface_uit-sentiment-dataset-reddit-2000-balanced::1ngornp,0.8143378496170044,0.16814717650413513,0.01751495711505413
huggingface_uit-sentiment-dataset-reddit-2000-balanced::1nhn1zp,0.7379787564277649,0.24853360652923584,0.013487651012837887
huggingface_uit-sentiment-dataset-reddit-2000-balanced::1ni1ai0,0.3040542006492615,0.6007630228996277,0.09518285095691681
huggingface_uit-sentiment-dataset-reddit-2000-balanced::1nimfrt,0.08092430233955383,0.835029125213623,0.08404666185379028
huggingface_uit-sentiment-dataset-reddit-2000-balanced::1njn6mi,0.02678932063281536,0.7025683522224426,0.27064234018325806
huggingface_uit-sentiment-dataset-reddit-2000-balanced::1njt0m7,0.6828587651252747,0.2928959131240845,0.0242453720420599
huggingface_uit-sentiment-dataset-reddit-2000-balanced::1nk1u8s,0.024106603115797043,0.8906630873680115,0.08523035049438477
huggingface_uit-sentiment-dataset-reddit-2000-balanced::1nk4j47,0.04281158372759819,0.5568222403526306,0.4003661274909973
huggingface_uit-sentiment-dataset-reddit-2000-balanced::1nku5r1,0.009316954761743546,0.8531771302223206,0.1375059336423874
huggingface_uit-sentiment-dataset-reddit-2000-balanced::1nkx3tm,0.005721853114664555,0.39766740798950195,0.5966107249259949
huggingface_uit-sentiment-dataset-reddit-2000-balanced::1nl97i5,0.008655047975480556,0.5208669900894165,0.47047799825668335
huggingface_uit-sentiment-dataset-reddit-2000-balanced::1nlo4on,0.3935944736003876,0.5406870245933533,0.06571855396032333
huggingface_uit-sentiment-dataset-reddit-2000-balanced::1nlpqq0,0.0033776001073420048,0.08600164204835892,0.9106206893920898
huggingface_uit-sentiment-dataset-reddit-2000-balanced::1nmcm7s,0.5054728388786316,0.4295446574687958,0.06498246639966965
huggingface_uit-sentiment-dataset-reddit-2000-balanced::1nmii5y,0.006605948321521282,0.031111612915992737,0.9622824788093567
huggingface_uit-sentiment-dataset-reddit-2000-balanced::1nmp3m1,0.024438362568616867,0.7685697078704834,0.2069919854402542
huggingface_uit-sentiment-dataset-reddit-2000-balanced::1nnq171,0.011762396432459354,0.28822457790374756,0.7000129818916321
huggingface_uit-sentiment-dataset-reddit-2000-balanced::1nnsy8b,0.008147567510604858,0.43989336490631104,0.5519590973854065
huggingface_uit-sentiment-dataset-reddit-2000-balanced::1nnt1bw,0.00758106866851449,0.5754736661911011,0.41694533824920654
huggingface_uit-sentiment-dataset-reddit-2000-balanced::1nnzaev,0.01042176503688097,0.7452967166900635,0.24428150057792664
huggingface_uit-sentiment-dataset-reddit-2000-balanced::1noqpli,0.003352121450006962,0.5314806699752808,0.46516719460487366
huggingface_uit-sentiment-dataset-reddit-2000-balanced::1np9fli,0.15314804017543793,0.7339624762535095,0.11288955807685852
huggingface_uit-sentiment-dataset-reddit-2000-balanced::1nqar8d,0.012150558643043041,0.7918223738670349,0.19602704048156738
huggingface_uit-sentiment-dataset-reddit-2000-balanced::1nqcw3w,0.005635192152112722,0.7434107065200806,0.2509540915489197
huggingface_uit-sentiment-dataset-reddit-2000-balanced::1nqcx2c,0.004639856982976198,0.5330780148506165,0.46228212118148804
huggingface_uit-sentiment-dataset-reddit-2000-balanced::1nqws35,0.010016456246376038,0.7816269397735596,0.20835663378238678
huggingface_uit-sentiment-dataset-reddit-2000-balanced::1nr2c4s,0.011961784213781357,0.8210009932518005,0.1670372188091278
huggingface_uit-sentiment-dataset-reddit-2000-balanced::1nt99fp,0.0029808597173541784,0.12695157527923584,0.8700675964355469
huggingface_uit-sentiment-dataset-reddit-2000-balanced::1nu5me6,0.31434905529022217,0.672020673751831,0.013630258850753307
huggingface_uit-sentiment-dataset-reddit-2000-balanced::1nugpbu,0.6100497245788574,0.28486818075180054,0.10508202761411667
huggingface_uit-sentiment-dataset-reddit-2000-balanced::1numsuq,0.0026819135528057814,0.07647208869457245,0.9208460450172424
huggingface_uit-sentiment-dataset-reddit-2000-balanced::1nv5uw8,0.0073966397903859615,0.41787269711494446,0.5747306942939758
huggingface_uit-sentiment-dataset-reddit-2000-balanced::1nvdyiy,0.009818210266530514,0.4813409447669983,0.5088408589363098
huggingface_uit-sentiment-dataset-reddit-2000-balanced::1nviiax,0.6222730875015259,0.3568148612976074,0.02091209962964058
huggingface_uit-sentiment-dataset-reddit-2000-balanced::1nvkjo8,0.006987081374973059,0.05157763883471489,0.9414352774620056
huggingface_uit-sentiment-dataset-reddit-2000-balanced::1nwehc3,0.01067113596946001,0.8475815653800964,0.1417473405599594
huggingface_uit-sentiment-dataset-reddit-2000-balanced::1nwovl9,0.009797521866858006,0.8811793327331543,0.10902312397956848
huggingface_uit-sentiment-dataset-reddit-2000-balanced::1nwxrji,0.004811129067093134,0.2828517258167267,0.7123371958732605
huggingface_uit-sentiment-dataset-reddit-2000-balanced::1ny6qug,0.22792285680770874,0.6197131872177124,0.15236401557922363
huggingface_uit-sentiment-dataset-reddit-2000-balanced::1o02txe,0.0238021332770586,0.5437449216842651,0.432452917098999
huggingface_uit-sentiment-dataset-reddit-2000-balanced::1o0pata,0.011547350324690342,0.9102045297622681,0.07824810594320297
huggingface_uit-sentiment-dataset-reddit-2000-balanced::1o0puzj,0.01401599496603012,0.4499651789665222,0.5360187888145447
huggingface_uit-sentiment-dataset-reddit-2000-balanced::1o0swy4,0.4313098192214966,0.4866322875022888,0.08205799013376236
huggingface_uit-sentiment-dataset-reddit-2000-balanced::1o13rfk,0.06440272182226181,0.6569233536720276,0.2786739468574524
huggingface_uit-sentiment-dataset-reddit-2000-balanced::1o19wvg,0.003584120888262987,0.1887301504611969,0.8076857328414917
huggingface_uit-sentiment-dataset-reddit-2000-balanced::1o1mnyh,0.024588149040937424,0.7322685122489929,0.24314336478710175
huggingface_uit-sentiment-dataset-reddit-2000-balanced::1o26kt2,0.7632935047149658,0.2233206033706665,0.013385917991399765
huggingface_uit-sentiment-dataset-reddit-2000-balanced::1o2d6ku,0.02852478064596653,0.6392216086387634,0.332253634929657
huggingface_uit-sentiment-dataset-reddit-2000-balanced::1o2e93y,0.0061872974038124084,0.7669281959533691,0.22688448429107666
huggingface_uit-sentiment-dataset-reddit-2000-balanced::1o2qq8m,0.05865775793790817,0.906251072883606,0.03509111329913139
huggingface_uit-sentiment-dataset-reddit-2000-balanced::1o3sstr,0.6539621949195862,0.30068743228912354,0.045350365340709686
huggingface_uit-sentiment-dataset-reddit-2000-balanced::1o5dly2,0.32521161437034607,0.5991361141204834,0.07565226405858994
huggingface_uit-sentiment-dataset-reddit-2000-balanced::1o5it1h,0.8073944449424744,0.18012501299381256,0.012480518780648708
huggingface_uit-sentiment-dataset-reddit-2000-balanced::1o60188,0.008819418027997017,0.5720686912536621,0.41911187767982483
huggingface_uit-sentiment-dataset-reddit-2000-balanced::1o61p2d,0.574543297290802,0.3720760643482208,0.053380634635686874
huggingface_uit-sentiment-dataset-reddit-2000-balanced::1o632xq,0.012433440424501896,0.85223388671875,0.13533276319503784
huggingface_uit-sentiment-dataset-reddit-2000-balanced::1o6mejl,0.01616141013801098,0.86800616979599,0.1158323734998703
huggingface_uit-sentiment-dataset-reddit-2000-balanced::1o6pnoe,0.137394517660141,0.5702760815620422,0.29232946038246155
huggingface_uit-sentiment-dataset-reddit-2000-balanced::1o74ufs,0.03809596225619316,0.796318769454956,0.16558529436588287
huggingface_uit-sentiment-dataset-reddit-2000-balanced::1o76ev6,0.007432948797941208,0.5457648634910583,0.4468022584915161
huggingface_uit-sentiment-dataset-reddit-2000-balanced::1o7dccb,0.006614822894334793,0.3328408896923065,0.6605442762374878
huggingface_uit-sentiment-dataset-reddit-2000-balanced::1o7lynv,0.04594367370009422,0.843643307685852,0.11041302978992462
huggingface_uit-sentiment-dataset-reddit-2000-balanced::1o7up0e,0.002821968402713537,0.02433306723833084,0.9728450179100037
huggingface_uit-sentiment-dataset-reddit-2000-balanced::1o89qzn,0.04966900870203972,0.8534144759178162,0.09691650420427322
huggingface_uit-sentiment-dataset-reddit-2000-balanced::1o8iibt,0.014826279133558273,0.2690451443195343,0.7161285877227783
huggingface_uit-sentiment-dataset-reddit-2000-balanced::1o8tlz3,0.06265575438737869,0.8113726377487183,0.12597161531448364
huggingface_uit-sentiment-dataset-reddit-2000-balanced::1o973ka,0.004314599093049765,0.8264472484588623,0.1692381352186203
huggingface_uit-sentiment-dataset-reddit-2000-balanced::1o9d8ft,0.007480078376829624,0.8797001838684082,0.11281971633434296
huggingface_uit-sentiment-dataset-reddit-2000-balanced::1o9pdt0,0.8578234910964966,0.12804639339447021,0.014130189083516598
huggingface_uit-sentiment-dataset-reddit-2000-balanced::1oauzsa,0.0045998492278158665,0.7835035920143127,0.21189658343791962
huggingface_uit-sentiment-dataset-reddit-2000-balanced::1ob2lrb,0.002045832574367523,0.055600397288799286,0.9423537850379944
huggingface_uit-sentiment-dataset-reddit-2000-balanced::1ob4gcp,0.0029757481534034014,0.05846373736858368,0.9385605454444885
huggingface_uit-sentiment-dataset-reddit-2000-balanced::1obkxqj,0.20419228076934814,0.6699107885360718,0.12589694559574127
huggingface_uit-sentiment-dataset-reddit-2000-balanced::1obwedk,0.012423540465533733,0.7722862362861633,0.21529018878936768
huggingface_uit-sentiment-dataset-reddit-2000-balanced::1occr50,0.08433642983436584,0.8323380947113037,0.08332548290491104
huggingface_uit-sentiment-dataset-reddit-2000-balanced::1ode77b,0.583332359790802,0.38745930790901184,0.029208391904830933
huggingface_uit-sentiment-dataset-reddit-2000-balanced::1odi0ih,0.008618933148682117,0.09838980436325073,0.8929912447929382
huggingface_uit-sentiment-dataset-reddit-2000-balanced::1odrwax,0.005163885653018951,0.578764796257019,0.4160712957382202
huggingface_uit-sentiment-dataset-reddit-2000-balanced::1oe65hl,0.003440644359216094,0.05858326330780983,0.937976062297821
huggingface_uit-sentiment-dataset-reddit-2000-balanced::1oeoyp3,0.17826759815216064,0.6277727484703064,0.19395974278450012
huggingface_uit-sentiment-dataset-reddit-2000-balanced::1oet55i,0.012160899117588997,0.567668616771698,0.42017045617103577
huggingface_uit-sentiment-dataset-reddit-2000-balanced::1og4750,0.6439021825790405,0.34046804904937744,0.01562982052564621
huggingface_uit-sentiment-dataset-reddit-2000-balanced::1og8jil,0.026307998225092888,0.6375832557678223,0.3361087739467621
huggingface_uit-sentiment-dataset-reddit-2000-balanced::1ogm384,0.009695724584162235,0.21992386877536774,0.7703803777694702
huggingface_uit-sentiment-dataset-reddit-2000-balanced::1kbym8v,0.12115372717380524,0.7552059292793274,0.12364032864570618
huggingface_uit-sentiment-dataset-reddit-2000-balanced::1kc0vj8,0.02648709900677204,0.7886115908622742,0.1849013715982437
huggingface_uit-sentiment-dataset-reddit-2000-balanced::1kc3n1z,0.011804068461060524,0.38897329568862915,0.5992226004600525
huggingface_uit-sentiment-dataset-reddit-2000-balanced::1kca20r,0.02007833682000637,0.6962278485298157,0.283693790435791
huggingface_uit-sentiment-dataset-reddit-2000-balanced::1kcfbpp,0.17202581465244293,0.7408978343009949,0.08707640320062637
huggingface_uit-sentiment-dataset-reddit-2000-balanced::1kcghky,0.05224146321415901,0.8966453671455383,0.05111316591501236
huggingface_uit-sentiment-dataset-reddit-2000-balanced::1kcgqbl,0.0024032609071582556,0.5808988213539124,0.4166978597640991
huggingface_uit-sentiment-dataset-reddit-2000-balanced::1kci8iv,0.02413753606379032,0.8527853488922119,0.12307716906070709
huggingface_uit-sentiment-dataset-reddit-2000-balanced::1kcjyxy,0.35238200426101685,0.6026685833930969,0.04494946449995041
huggingface_uit-sentiment-dataset-reddit-2000-balanced::1kckuv8,0.008700630627572536,0.48046913743019104,0.5108302235603333
huggingface_uit-sentiment-dataset-reddit-2000-balanced::1kd2urk,0.3833857774734497,0.43346482515335083,0.18314942717552185
huggingface_uit-sentiment-dataset-reddit-2000-balanced::1kd8t3r,0.004007380455732346,0.04902787506580353,0.9469648003578186
huggingface_uit-sentiment-dataset-reddit-2000-balanced::1kd9b55,0.014725380577147007,0.7338674068450928,0.2514072358608246
huggingface_uit-sentiment-dataset-reddit-2000-balanced::1kdcs5a,0.3103819191455841,0.6372668147087097,0.052351295948028564
huggingface_uit-sentiment-dataset-reddit-2000-balanced::1kddcdp,0.04939514771103859,0.7980583906173706,0.15254642069339752
huggingface_uit-sentiment-dataset-reddit-2000-balanced::1kde9mn,0.44579896330833435,0.507910966873169,0.04629009962081909
huggingface_uit-sentiment-dataset-reddit-2000-balanced::1kdge66,0.028088459745049477,0.8486353754997253,0.12327614426612854
huggingface_uit-sentiment-dataset-reddit-2000-balanced::1kdswby,0.010075288824737072,0.17614422738552094,0.8137804865837097
huggingface_uit-sentiment-dataset-reddit-2000-balanced::1kdt2yb,0.013618961907923222,0.631415843963623,0.3549652397632599
huggingface_uit-sentiment-dataset-reddit-2000-balanced::1keoint,0.003339035902172327,0.06560558080673218,0.9310553669929504
huggingface_uit-sentiment-dataset-reddit-2000-balanced::1kepuli,0.012305239215493202,0.6088058352470398,0.37888890504837036
huggingface_uit-sentiment-dataset-reddit-2000-balanced::1kf62ck,0.01580367423593998,0.10135208070278168,0.8828442692756653
huggingface_uit-sentiment-dataset-reddit-2000-balanced::1kfi1cn,0.845579206943512,0.14626267552375793,0.008158113807439804
huggingface_uit-sentiment-dataset-reddit-2000-balanced::1kfi8xh,0.15667210519313812,0.7723698019981384,0.07095815241336823
huggingface_uit-sentiment-dataset-reddit-2000-balanced::1kfrsdi,0.02087084949016571,0.8814631700515747,0.09766598790884018
huggingface_uit-sentiment-dataset-reddit-2000-balanced::1kg20mu,0.48607948422431946,0.41894733905792236,0.09497317671775818
huggingface_uit-sentiment-dataset-reddit-2000-balanced::1kg9x4d,0.00948166474699974,0.9272478222846985,0.06327047199010849
huggingface_uit-sentiment-dataset-reddit-2000-balanced::1kgkyap,0.034937404096126556,0.329082727432251,0.6359798908233643
huggingface_uit-sentiment-dataset-reddit-2000-balanced::1ki1kh1,0.006076513323932886,0.7757816910743713,0.2181418538093567
huggingface_uit-sentiment-dataset-reddit-2000-balanced::1ki4pme,0.11844031512737274,0.7953077554702759,0.08625194430351257
huggingface_uit-sentiment-dataset-reddit-2000-balanced::1kifg2v,0.40046486258506775,0.5625628232955933,0.036972325295209885
huggingface_uit-sentiment-dataset-reddit-2000-balanced::1kisfu2,0.33258649706840515,0.6318579912185669,0.035555556416511536
huggingface_uit-sentiment-dataset-reddit-2000-balanced::1kj1t1o,0.030082015320658684,0.7972897291183472,0.172628253698349
huggingface_uit-sentiment-dataset-reddit-2000-balanced::1kj6fns,0.36212536692619324,0.5881689786911011,0.04970568045973778
huggingface_uit-sentiment-dataset-reddit-2000-balanced::1kjb9zs,0.005117412656545639,0.04985065385699272,0.9450319409370422
huggingface_uit-sentiment-dataset-reddit-2000-balanced::1kjdg0c,0.011333632282912731,0.7015786170959473,0.28708767890930176
huggingface_uit-sentiment-dataset-reddit-2000-balanced::1kjf4li,0.06741508096456528,0.8664256930351257,0.0661592185497284
huggingface_uit-sentiment-dataset-reddit-2000-balanced::1kjwi3w,0.0035847097169607878,0.1063723936676979,0.8900429010391235
huggingface_uit-sentiment-dataset-reddit-2000-balanced::1kkg73u,0.015677109360694885,0.6288185715675354,0.3555043339729309
huggingface_uit-sentiment-dataset-reddit-2000-balanced::1kko4xu,0.004121805541217327,0.49179795384407043,0.5040802359580994
huggingface_uit-sentiment-dataset-reddit-2000-balanced::1kldquv,0.005562125239521265,0.5073540806770325,0.48708376288414
huggingface_uit-sentiment-dataset-reddit-2000-balanced::1klur6q,0.0022740247659385204,0.08615688234567642,0.9115691184997559
huggingface_uit-sentiment-dataset-reddit-2000-balanced::1klxlbx,0.006183937657624483,0.5509253144264221,0.4428907334804535
huggingface_uit-sentiment-dataset-reddit-2000-balanced::1kmc37p,0.23002968728542328,0.581565797328949,0.18840448558330536
huggingface_uit-sentiment-dataset-reddit-2000-balanced::1kmjr1n,0.00264223525300622,0.0718722939491272,0.9254854917526245
huggingface_uit-sentiment-dataset-reddit-2000-balanced::1kmmq6d,0.11736281961202621,0.6423267126083374,0.240310400724411
huggingface_uit-sentiment-dataset-reddit-2000-balanced::1kmq7gx,0.4223310053348541,0.4520597457885742,0.12560926377773285
huggingface_uit-sentiment-dataset-reddit-2000-balanced::1kmv4q4,0.021691497415304184,0.5113629698753357,0.4669455289840698
huggingface_uit-sentiment-dataset-reddit-2000-balanced::1kmyr7h,0.779956042766571,0.1959829479455948,0.024061055853962898
huggingface_uit-sentiment-dataset-reddit-2000-balanced::1ko1iob,0.8220381736755371,0.16807179152965546,0.009890022687613964
huggingface_uit-sentiment-dataset-reddit-2000-balanced::1ko9bx2,0.006347179412841797,0.8531022071838379,0.1405506283044815
huggingface_uit-sentiment-dataset-reddit-2000-balanced::1kod345,0.007943430915474892,0.23520471155643463,0.7568519115447998
huggingface_uit-sentiment-dataset-reddit-2000-balanced::1kowzqe,0.05398854613304138,0.8541761040687561,0.09183536469936371
huggingface_uit-sentiment-dataset-reddit-2000-balanced::1kptmbk,0.12051592767238617,0.8261409401893616,0.05334309861063957
huggingface_uit-sentiment-dataset-reddit-2000-balanced::1kqa6l0,0.0031245225109159946,0.2766404151916504,0.7202350497245789
huggingface_uit-sentiment-dataset-reddit-2000-balanced::1kqab4m,0.01657617837190628,0.3757074177265167,0.60771644115448
huggingface_uit-sentiment-dataset-reddit-2000-balanced::1kr1hu3,0.009464516304433346,0.4821504056453705,0.5083850026130676
huggingface_uit-sentiment-dataset-reddit-2000-balanced::1krheay,0.04138392210006714,0.7456148266792297,0.2130012810230255
huggingface_uit-sentiment-dataset-reddit-2000-balanced::1krr7hn,0.011056739836931229,0.3381391167640686,0.6508041620254517
huggingface_uit-sentiment-dataset-reddit-2000-balanced::1ks5oxb,0.4367290437221527,0.5244449973106384,0.038825977593660355
huggingface_uit-sentiment-dataset-reddit-2000-balanced::1ks7oss,0.048765938729047775,0.7431668043136597,0.20806729793548584
huggingface_uit-sentiment-dataset-reddit-2000-balanced::1ks7qgk,0.5869932770729065,0.340664267539978,0.07234244048595428
huggingface_uit-sentiment-dataset-reddit-2000-balanced::1kspe8c,0.014119613915681839,0.5679502487182617,0.4179302155971527
huggingface_uit-sentiment-dataset-reddit-2000-balanced::1ksy9hi,0.004400982987135649,0.490395188331604,0.5052038431167603
huggingface_uit-sentiment-dataset-reddit-2000-balanced::1ktvs5j,0.06438425928354263,0.7884511947631836,0.14716456830501556
huggingface_uit-sentiment-dataset-reddit-2000-balanced::1kutgnr,0.8499611020088196,0.13916587829589844,0.010873017832636833
huggingface_uit-sentiment-dataset-reddit-2000-balanced::1kvd0jr,0.00766431400552392,0.5752872824668884,0.4170484244823456
huggingface_uit-sentiment-dataset-reddit-2000-balanced::1kvknlo,0.0029005135875195265,0.10355991870164871,0.8935396075248718
huggingface_uit-sentiment-dataset-reddit-2000-balanced::1kvn51x,0.018883872777223587,0.7865133881568909,0.19460278749465942
huggingface_uit-sentiment-dataset-reddit-2000-balanced::1kvz322,0.003395453793928027,0.06600691378116608,0.9305976033210754
huggingface_uit-sentiment-dataset-reddit-2000-balanced::1kwmlos,0.06436485797166824,0.8589653968811035,0.07666966319084167
huggingface_uit-sentiment-dataset-reddit-2000-balanced::1kwqt64,0.007639348041266203,0.3616938292980194,0.6306668519973755
huggingface_uit-sentiment-dataset-reddit-2000-balanced::1kx2tfl,0.2602396011352539,0.6773016452789307,0.06245873123407364
huggingface_uit-sentiment-dataset-reddit-2000-balanced::1kxdb1n,0.1657884120941162,0.7730844616889954,0.061127133667469025
huggingface_uit-sentiment-dataset-reddit-2000-balanced::1kxdkms,0.0016837212024256587,0.0230824314057827,0.9752339124679565
huggingface_uit-sentiment-dataset-reddit-2000-balanced::1kxk3lk,0.008186008781194687,0.8446755409240723,0.14713844656944275
huggingface_uit-sentiment-dataset-reddit-2000-balanced::1kxkke4,0.07671689987182617,0.8075629472732544,0.11572014540433884
huggingface_uit-sentiment-dataset-reddit-2000-balanced::1kyku6k,0.7408158779144287,0.24453113973140717,0.01465290691703558
huggingface_uit-sentiment-dataset-reddit-2000-balanced::1kytgz7,0.4552588164806366,0.5145105123519897,0.030230700969696045
huggingface_uit-sentiment-dataset-reddit-2000-balanced::1kz0kqi,0.679132878780365,0.27386900782585144,0.04699800908565521
huggingface_uit-sentiment-dataset-reddit-2000-balanced::1kz25r8,0.06372838467359543,0.798911452293396,0.13736017048358917
huggingface_uit-sentiment-dataset-reddit-2000-balanced::1kzcalh,0.004090630915015936,0.05182361230254173,0.9440857768058777
huggingface_uit-sentiment-dataset-reddit-2000-balanced::1kzn4ix,0.14411833882331848,0.7802425622940063,0.07563904672861099
huggingface_uit-sentiment-dataset-reddit-2000-balanced::1l0y4ep,0.0018532583490014076,0.03818926960229874,0.9599575400352478
huggingface_uit-sentiment-dataset-reddit-2000-balanced::1l108b2,0.28536659479141235,0.6766012907028198,0.03803211823105812
huggingface_uit-sentiment-dataset-reddit-2000-balanced::1l17sdd,0.006084435619413853,0.3528628945350647,0.6410527229309082
huggingface_uit-sentiment-dataset-reddit-2000-balanced::1l379ix,0.049297451972961426,0.8326588869094849,0.1180436983704567
huggingface_uit-sentiment-dataset-reddit-2000-balanced::1l3i78l,0.3052516281604767,0.6508047580718994,0.04394358769059181
huggingface_uit-sentiment-dataset-reddit-2000-balanced::1l3lrdq,0.21080324053764343,0.4363563060760498,0.352840393781662
huggingface_uit-sentiment-dataset-reddit-2000-balanced::1l3nwic,0.0153099549934268,0.8515602946281433,0.1331298053264618
huggingface_uit-sentiment-dataset-reddit-2000-balanced::1l3qxas,0.8175404071807861,0.1722360998392105,0.01022347528487444
huggingface_uit-sentiment-dataset-reddit-2000-balanced::1l3tby7,0.007268315181136131,0.5002276301383972,0.4925040900707245
huggingface_uit-sentiment-dataset-reddit-2000-balanced::1l3wloi,0.004071005620062351,0.3853398859500885,0.6105891466140747
huggingface_uit-sentiment-dataset-reddit-2000-balanced::1l53g0m,0.012640544213354588,0.6779102683067322,0.3094491958618164
huggingface_uit-sentiment-dataset-reddit-2000-balanced::1l67afp,0.010785667225718498,0.3400963246822357,0.6491180062294006
huggingface_uit-sentiment-dataset-reddit-2000-balanced::1l75fc8,0.003973299637436867,0.28567802906036377,0.7103487253189087
huggingface_uit-sentiment-dataset-reddit-2000-balanced::1l7rc5e,0.18124143779277802,0.5365270376205444,0.28223156929016113
huggingface_uit-sentiment-dataset-reddit-2000-balanced::1l8c3nb,0.004890582989901304,0.3404126465320587,0.6546967029571533
huggingface_uit-sentiment-dataset-reddit-2000-balanced::1l8h95q,0.891139566898346,0.10139244794845581,0.007468000520020723
huggingface_uit-sentiment-dataset-reddit-2000-balanced::1l8wvvr,0.33835095167160034,0.5930953025817871,0.06855382770299911
huggingface_uit-sentiment-dataset-reddit-2000-balanced::1l9cwi5,0.0031293556094169617,0.09799257665872574,0.8988780975341797
huggingface_uit-sentiment-dataset-reddit-2000-balanced::1l9yk8v,0.14803293347358704,0.7469230890274048,0.10504401475191116
huggingface_uit-sentiment-dataset-reddit-2000-balanced::1la1v4d,0.031769342720508575,0.8089196681976318,0.15931101143360138
huggingface_uit-sentiment-dataset-reddit-2000-balanced::1la91hz,0.019589608535170555,0.5325890183448792,0.44782140851020813
huggingface_uit-sentiment-dataset-reddit-2000-balanced::1lak9yb,0.003722759895026684,0.09223338961601257,0.9040437936782837
huggingface_uit-sentiment-dataset-reddit-2000-balanced::1lb9jqc,0.5258313417434692,0.4457620084285736,0.028406687080860138
huggingface_uit-sentiment-dataset-reddit-2000-balanced::1lbd2jy,0.016926219686865807,0.90738445520401,0.07568932324647903
huggingface_uit-sentiment-dataset-reddit-2000-balanced::1lbfinu,0.011513965204358101,0.8644353151321411,0.12405074387788773
huggingface_uit-sentiment-dataset-reddit-2000-balanced::1lcb4e6,0.7765794396400452,0.19452781975269318,0.028892718255519867
huggingface_uit-sentiment-dataset-reddit-2000-balanced::1ldbh4i,0.011361377313733101,0.16251496970653534,0.8261236548423767
huggingface_uit-sentiment-dataset-reddit-2000-balanced::1ldfyak,0.013699046336114407,0.351470410823822,0.6348305940628052
huggingface_uit-sentiment-dataset-reddit-2000-balanced::1ldk57p,0.10434737801551819,0.7373152375221252,0.15833745896816254
huggingface_uit-sentiment-dataset-reddit-2000-balanced::1leamks,0.004282066132873297,0.10614942014217377,0.8895685076713562
huggingface_uit-sentiment-dataset-reddit-2000-balanced::1lel886,0.16196410357952118,0.5708878040313721,0.26714807748794556
huggingface_uit-sentiment-dataset-reddit-2000-balanced::1lexg9w,0.11083029210567474,0.8034185767173767,0.08575113862752914
huggingface_uit-sentiment-dataset-reddit-2000-balanced::1lf9zph,0.7423368096351624,0.2458987683057785,0.011764373630285263
huggingface_uit-sentiment-dataset-reddit-2000-balanced::1lfgfu5,0.004620843101292849,0.192306250333786,0.8030729293823242
huggingface_uit-sentiment-dataset-reddit-2000-balanced::1lg4mp9,0.011443284340202808,0.5458976030349731,0.44265905022621155
huggingface_uit-sentiment-dataset-reddit-2000-balanced::1lg6r9r,0.05000855401158333,0.8679507970809937,0.08204066008329391
huggingface_uit-sentiment-dataset-reddit-2000-balanced::1lg94vr,0.026590710505843163,0.7909826040267944,0.18242672085762024
huggingface_uit-sentiment-dataset-reddit-2000-balanced::1lgd4tq,0.03759075701236725,0.15216104686260223,0.8102481961250305
huggingface_uit-sentiment-dataset-reddit-2000-balanced::1lhd1j0,0.01918068714439869,0.6099430918693542,0.3708761930465698
huggingface_uit-sentiment-dataset-reddit-2000-balanced::1lhi8p8,0.5589083433151245,0.41371676325798035,0.027374902740120888
huggingface_uit-sentiment-dataset-reddit-2000-balanced::1ljm3pb,0.003047332866117358,0.020294731482863426,0.9766579866409302
huggingface_uit-sentiment-dataset-reddit-2000-balanced::1ljn4h8,0.5504589080810547,0.41722244024276733,0.032318610697984695
huggingface_uit-sentiment-dataset-reddit-2000-balanced::1ljohcu,0.009462425485253334,0.164613276720047,0.825924277305603
huggingface_uit-sentiment-dataset-reddit-2000-balanced::1lk20o4,0.016437970101833344,0.4756544828414917,0.5079075694084167
huggingface_uit-sentiment-dataset-reddit-2000-balanced::1lk6axd,0.21634866297245026,0.7415918111801147,0.0420595146715641
huggingface_uit-sentiment-dataset-reddit-2000-balanced::1lk9a3k,0.3103799521923065,0.6614496111869812,0.028170449659228325
huggingface_uit-sentiment-dataset-reddit-2000-balanced::1lkau4z,0.002504827454686165,0.079421766102314,0.9180734753608704
huggingface_uit-sentiment-dataset-reddit-2000-balanced::1lkorvb,0.013772725127637386,0.7916632890701294,0.19456401467323303
huggingface_uit-sentiment-dataset-reddit-2000-balanced::1lkxxak,0.9023420214653015,0.0897117331624031,0.007946211844682693
huggingface_uit-sentiment-dataset-reddit-2000-balanced::1ll429p,0.01228976622223854,0.8633047342300415,0.12440542131662369
huggingface_uit-sentiment-dataset-reddit-2000-balanced::1llgpxj,0.008470241911709309,0.42997488379478455,0.5615549087524414
huggingface_uit-sentiment-dataset-reddit-2000-balanced::1lllpzt,0.004356461577117443,0.14164911210536957,0.8539944291114807
huggingface_uit-sentiment-dataset-reddit-2000-balanced::1llmu12,0.05726926773786545,0.6697563529014587,0.2729743719100952
huggingface_uit-sentiment-dataset-reddit-2000-balanced::1llqsj9,0.11128510534763336,0.7478687167167664,0.1408461630344391
huggingface_uit-sentiment-dataset-reddit-2000-balanced::1llu89r,0.003961977083235979,0.2469494491815567,0.7490885257720947
huggingface_uit-sentiment-dataset-reddit-2000-balanced::1lmjs43,0.6670105457305908,0.3205779492855072,0.012411548756062984
huggingface_uit-sentiment-dataset-reddit-2000-balanced::1lmk2dj,0.6555024981498718,0.3253392279148102,0.01915830746293068
huggingface_uit-sentiment-dataset-reddit-2000-balanced::1lml8lx,0.003866787999868393,0.30430757999420166,0.6918255686759949
huggingface_uit-sentiment-dataset-reddit-2000-balanced::1lmranc,0.8484829068183899,0.138075053691864,0.013442039489746094
huggingface_uit-sentiment-dataset-reddit-2000-balanced::1lmxg89,0.0038110290188342333,0.4697488844394684,0.5264401435852051
huggingface_uit-sentiment-dataset-reddit-2000-balanced::1ln1gdr,0.15098731219768524,0.6709555387496948,0.17805713415145874
huggingface_uit-sentiment-dataset-reddit-2000-balanced::1ln4iyg,0.026269197463989258,0.44471293687820435,0.5290178060531616
huggingface_uit-sentiment-dataset-reddit-2000-balanced::1lnscnw,0.015291871502995491,0.7485297322273254,0.23617833852767944
huggingface_uit-sentiment-dataset-reddit-2000-balanced::1lnt6yj,0.012068559415638447,0.5100911855697632,0.4778403043746948
huggingface_uit-sentiment-dataset-reddit-2000-balanced::1lo3l7w,0.020241500809788704,0.9276176691055298,0.05214083939790726
huggingface_uit-sentiment-dataset-reddit-2000-balanced::1lp5obe,0.004478830844163895,0.11859177052974701,0.8769293427467346
huggingface_uit-sentiment-dataset-reddit-2000-balanced::1lq79xx,0.0023350357078015804,0.05870916321873665,0.9389558434486389
huggingface_uit-sentiment-dataset-reddit-2000-balanced::1lqnwih,0.04555669054389,0.4325679540634155,0.5218753814697266
huggingface_uit-sentiment-dataset-reddit-2000-balanced::1lqo8q0,0.005130799021571875,0.15504853427410126,0.8398207426071167
huggingface_uit-sentiment-dataset-reddit-2000-balanced::1lrgw16,0.003947654273360968,0.19870002567768097,0.7973523139953613
huggingface_uit-sentiment-dataset-reddit-2000-balanced::1lrqj68,0.04043186828494072,0.42598244547843933,0.5335856676101685
huggingface_uit-sentiment-dataset-reddit-2000-balanced::1lrqtzj,0.005200773943215609,0.25702133774757385,0.7377779483795166
huggingface_uit-sentiment-dataset-reddit-2000-balanced::1ls4kp1,0.20802079141139984,0.7621029615402222,0.029876288026571274
huggingface_uit-sentiment-dataset-reddit-2000-balanced::1lsdjnb,0.036295752972364426,0.839657723903656,0.12404653429985046
huggingface_uit-sentiment-dataset-reddit-2000-balanced::1ltbr1t,0.011330476962029934,0.6323566436767578,0.3563128411769867
huggingface_uit-sentiment-dataset-reddit-2000-balanced::1ltg9ji,0.013924980536103249,0.37661659717559814,0.6094584465026855
huggingface_uit-sentiment-dataset-reddit-2000-balanced::1ltm1mp,0.05712380260229111,0.7524179816246033,0.19045819342136383
huggingface_uit-sentiment-dataset-reddit-2000-balanced::1ltxzad,0.027179468423128128,0.6856701374053955,0.28715038299560547
huggingface_uit-sentiment-dataset-reddit-2000-balanced::1lu7hd6,0.033175013959407806,0.8271943926811218,0.13963066041469574
huggingface_uit-sentiment-dataset-reddit-2000-balanced::1lue5xt,0.03317825868725777,0.7648072838783264,0.2020144909620285
huggingface_uit-sentiment-dataset-reddit-2000-balanced::1luf8d1,0.026611382141709328,0.8299552202224731,0.14343345165252686
huggingface_uit-sentiment-dataset-reddit-2000-balanced::1lusqmt,0.014933093450963497,0.7812100052833557,0.20385687053203583
huggingface_uit-sentiment-dataset-reddit-2000-balanced::1lv5je7,0.018152611330151558,0.8566885590553284,0.12515874207019806
huggingface_uit-sentiment-dataset-reddit-2000-balanced::1lvd7z4,0.0151709895581007,0.8904062509536743,0.09442277252674103
huggingface_uit-sentiment-dataset-reddit-2000-balanced::1lvkw5q,0.7269017696380615,0.2560352683067322,0.017062915489077568
huggingface_uit-sentiment-dataset-reddit-2000-balanced::1lvm7vk,0.0025828008074313402,0.06403189897537231,0.9333853125572205
huggingface_uit-sentiment-dataset-reddit-2000-balanced::1lvpp0e,0.04443642124533653,0.8203830122947693,0.1351805478334427
huggingface_uit-sentiment-dataset-reddit-2000-balanced::1lvun89,0.010355663485825062,0.8439223766326904,0.1457219123840332
huggingface_uit-sentiment-dataset-reddit-2000-balanced::1lw05ob,0.4619612395763397,0.5096250772476196,0.028413720428943634
huggingface_uit-sentiment-dataset-reddit-2000-balanced::1lwk84b,0.5271244049072266,0.45348718762397766,0.019388411194086075
huggingface_uit-sentiment-dataset-reddit-2000-balanced::1lwpi5p,0.03267304599285126,0.6608994603157043,0.3064274787902832
huggingface_uit-sentiment-dataset-reddit-2000-balanced::1lx4ya7,0.01708177849650383,0.5724688172340393,0.4104493260383606
huggingface_uit-sentiment-dataset-reddit-2000-balanced::1lx7kfh,0.10392279922962189,0.8322262167930603,0.06385098397731781
huggingface_uit-sentiment-dataset-reddit-2000-balanced::1lxhjjn,0.09379899501800537,0.7808642387390137,0.12533678114414215
huggingface_uit-sentiment-dataset-reddit-2000-balanced::1lxlgjk,0.4129754602909088,0.4717369079589844,0.11528758704662323
huggingface_uit-sentiment-dataset-reddit-2000-balanced::1lxmldq,0.003914209082722664,0.1468726247549057,0.8492131233215332
huggingface_uit-sentiment-dataset-reddit-2000-balanced::1lysmo9,0.2439415156841278,0.704459011554718,0.05159951373934746
huggingface_uit-sentiment-dataset-reddit-2000-balanced::1lzcuom,0.023049063980579376,0.8377406001091003,0.13921035826206207
huggingface_uit-sentiment-dataset-reddit-2000-balanced::1lzoxbl,0.5777918696403503,0.3971336781978607,0.025074413046240807
huggingface_uit-sentiment-dataset-reddit-2000-balanced::1lzps3b,0.015906300395727158,0.7266258597373962,0.2574678659439087
huggingface_uit-sentiment-dataset-reddit-2000-balanced::1m15yss,0.00992853194475174,0.6100502610206604,0.38002121448516846
huggingface_uit-sentiment-dataset-reddit-2000-balanced::1m18nke,0.00828172080218792,0.5566225647926331,0.43509578704833984
huggingface_uit-sentiment-dataset-reddit-2000-balanced::1m1as5s,0.13488978147506714,0.7059625387191772,0.159147709608078
huggingface_uit-sentiment-dataset-reddit-2000-balanced::1m1g1z2,0.002929949201643467,0.0770585685968399,0.9200115203857422
huggingface_uit-sentiment-dataset-reddit-2000-balanced::1m1h0fy,0.00821157917380333,0.45646557211875916,0.5353228449821472
huggingface_uit-sentiment-dataset-reddit-2000-balanced::1m1jd2r,0.016385039314627647,0.15496781468391418,0.8286471366882324
huggingface_uit-sentiment-dataset-reddit-2000-balanced::1m1k0vh,0.005324549041688442,0.42900604009628296,0.5656694173812866
huggingface_uit-sentiment-dataset-reddit-2000-balanced::1m25d44,0.5186023116111755,0.41578957438468933,0.06560807675123215
huggingface_uit-sentiment-dataset-reddit-2000-balanced::1m29f3p,0.002996633294969797,0.07146487385034561,0.9255384802818298
huggingface_uit-sentiment-dataset-reddit-2000-balanced::1m31z4z,0.0074959732592105865,0.4175463020801544,0.5749577283859253
huggingface_uit-sentiment-dataset-reddit-2000-balanced::1m389gi,0.7560083270072937,0.22241976857185364,0.021571872755885124
huggingface_uit-sentiment-dataset-reddit-2000-balanced::1m3qg3w,0.39811134338378906,0.5517998933792114,0.050088703632354736
huggingface_uit-sentiment-dataset-reddit-2000-balanced::1m4ag6u,0.5860092043876648,0.3693542182445526,0.044636618345975876
huggingface_uit-sentiment-dataset-reddit-2000-balanced::1m4j0sa,0.4558773636817932,0.5155766010284424,0.02854604832828045
huggingface_uit-sentiment-dataset-reddit-2000-balanced::1m4p75g,0.018087251111865044,0.9197368621826172,0.06217588111758232
huggingface_uit-sentiment-dataset-reddit-2000-balanced::1m4r7t5,0.02707597240805626,0.6165857911109924,0.356338232755661
huggingface_uit-sentiment-dataset-reddit-2000-balanced::1m58695,0.012968158349394798,0.8545674085617065,0.1324644684791565
huggingface_uit-sentiment-dataset-reddit-2000-balanced::1m5hksu,0.5274732708930969,0.38928088545799255,0.0832458958029747
huggingface_uit-sentiment-dataset-reddit-2000-balanced::1m69sb6,0.13519111275672913,0.8324601054191589,0.03234875202178955
huggingface_uit-sentiment-dataset-reddit-2000-balanced::1m6ahsu,0.01056264154613018,0.23667290806770325,0.7527644038200378
huggingface_uit-sentiment-dataset-reddit-2000-balanced::1m6dvhi,0.0417889766395092,0.5567198991775513,0.40149104595184326
huggingface_uit-sentiment-dataset-reddit-2000-balanced::1m6hck1,0.04400651529431343,0.8778025507926941,0.07819091528654099
huggingface_uit-sentiment-dataset-reddit-2000-balanced::1m6pjpx,0.6881615519523621,0.2987135052680969,0.013124990276992321
huggingface_uit-sentiment-dataset-reddit-2000-balanced::1m6xrfj,0.033675018697977066,0.8661845326423645,0.1001405417919159
huggingface_uit-sentiment-dataset-reddit-2000-balanced::1m7pqln,0.024561583995819092,0.7704482078552246,0.2049901783466339
huggingface_uit-sentiment-dataset-reddit-2000-balanced::1m7ypyb,0.05727258324623108,0.8241803646087646,0.11854715645313263
huggingface_uit-sentiment-dataset-reddit-2000-balanced::1m820ry,0.010776560753583908,0.7524935007095337,0.2367299646139145
huggingface_uit-sentiment-dataset-reddit-2000-balanced::1m8h89j,0.039566099643707275,0.8036015033721924,0.1568324714899063
huggingface_uit-sentiment-dataset-reddit-2000-balanced::1m8i53g,0.03568197041749954,0.8337368369102478,0.13058118522167206
huggingface_uit-sentiment-dataset-reddit-2000-balanced::1m8n3ry,0.003077940782532096,0.04507355019450188,0.951848566532135
huggingface_uit-sentiment-dataset-reddit-2000-balanced::1m91u38,0.03076758421957493,0.780582845211029,0.1886494904756546
huggingface_uit-sentiment-dataset-reddit-2000-balanced::1m9itnz,0.49274277687072754,0.4552086293697357,0.05204854905605316
huggingface_uit-sentiment-dataset-reddit-2000-balanced::1m9ml0y,0.015806106850504875,0.6364026069641113,0.34779128432273865
huggingface_uit-sentiment-dataset-reddit-2000-balanced::1m9p7bb,0.24219675362110138,0.7335445880889893,0.024258678779006004
huggingface_uit-sentiment-dataset-reddit-2000-balanced::1ma41wu,0.14938288927078247,0.7762040495872498,0.07441303879022598
huggingface_uit-sentiment-dataset-reddit-2000-balanced::1ma6igb,0.0056167785078287125,0.5102688670158386,0.4841143786907196
huggingface_uit-sentiment-dataset-reddit-2000-balanced::1mad6sy,0.35371291637420654,0.6043642163276672,0.041922882199287415
huggingface_uit-sentiment-dataset-reddit-2000-balanced::1majfwi,0.05244600772857666,0.8371266722679138,0.11042732000350952
huggingface_uit-sentiment-dataset-reddit-2000-balanced::1malsci,0.014850069768726826,0.6447200179100037,0.3404298722743988
huggingface_uit-sentiment-dataset-reddit-2000-balanced::1maoody,0.05860403552651405,0.8713486194610596,0.07004742324352264
huggingface_uit-sentiment-dataset-reddit-2000-balanced::1mapvcv,0.8092009425163269,0.18058620393276215,0.010212842375040054
huggingface_uit-sentiment-dataset-reddit-2000-balanced::1max9qz,0.060583293437957764,0.8406923413276672,0.09872433543205261
huggingface_uit-sentiment-dataset-reddit-2000-balanced::1mb2dcp,0.014329199679195881,0.6594871282577515,0.3261837065219879
huggingface_uit-sentiment-dataset-reddit-2000-balanced::1mbei14,0.01326226070523262,0.8945344686508179,0.09220326691865921
huggingface_uit-sentiment-dataset-reddit-2000-balanced::1mbs4dw,0.03929882124066353,0.8307933211326599,0.12990795075893402
huggingface_uit-sentiment-dataset-reddit-2000-balanced::1mby5ct,0.02224205993115902,0.7450569868087769,0.2327008992433548
huggingface_uit-sentiment-dataset-reddit-2000-balanced::1mce7wo,0.017525753006339073,0.5550158023834229,0.4274584650993347
huggingface_uit-sentiment-dataset-reddit-2000-balanced::1mcgpno,0.01780572533607483,0.153485968708992,0.828708291053772
huggingface_uit-sentiment-dataset-reddit-2000-balanced::1mck6o7,0.0018357208464294672,0.04685504361987114,0.9513092637062073
huggingface_uit-sentiment-dataset-reddit-2000-balanced::1mco449,0.0022808462381362915,0.03244008123874664,0.9652790427207947
huggingface_uit-sentiment-dataset-reddit-2000-balanced::1mdaoxi,0.2707429826259613,0.6825161576271057,0.0467408113181591
huggingface_uit-sentiment-dataset-reddit-2000-balanced::1mdbiei,0.09385645389556885,0.5724078416824341,0.33373570442199707
huggingface_uit-sentiment-dataset-reddit-2000-balanced::1mdfi5e,0.20474973320960999,0.7388772368431091,0.0563729926943779
huggingface_uit-sentiment-dataset-reddit-2000-balanced::1mdflyq,0.05076379328966141,0.816062867641449,0.13317333161830902
huggingface_uit-sentiment-dataset-reddit-2000-balanced::1mejkcu,0.013796032406389713,0.6998891234397888,0.28631484508514404
huggingface_uit-sentiment-dataset-reddit-2000-balanced::1mekuwo,0.039001062512397766,0.8297829031944275,0.13121607899665833
huggingface_uit-sentiment-dataset-reddit-2000-balanced::1melcsm,0.20580057799816132,0.7554603815078735,0.038738999515771866
huggingface_uit-sentiment-dataset-reddit-2000-balanced::1men28l,0.021044209599494934,0.6526238918304443,0.3263319134712219
huggingface_uit-sentiment-dataset-reddit-2000-balanced::1mf0fgj,0.6214472651481628,0.3452439308166504,0.03330884501338005
huggingface_uit-sentiment-dataset-reddit-2000-balanced::1mf581n,0.5710557103157043,0.39999914169311523,0.028945131227374077
huggingface_uit-sentiment-dataset-reddit-2000-balanced::1mf6gaa,0.01049555093050003,0.5845733880996704,0.40493103861808777
huggingface_uit-sentiment-dataset-reddit-2000-balanced::1mf72g8,0.052527181804180145,0.8180392384529114,0.1294335275888443
huggingface_uit-sentiment-dataset-reddit-2000-balanced::1mfodac,0.024193063378334045,0.8105277419090271,0.16527915000915527
huggingface_uit-sentiment-dataset-reddit-2000-balanced::1mfs9qn,0.023629646748304367,0.7603434920310974,0.21602681279182434
huggingface_uit-sentiment-dataset-reddit-2000-balanced::1mfxas1,0.0018492883536964655,0.02119920402765274,0.976951539516449
huggingface_uit-sentiment-dataset-reddit-2000-balanced::1mgbprh,0.01317619625478983,0.8368342518806458,0.14998957514762878
huggingface_uit-sentiment-dataset-reddit-2000-balanced::1mgfuf3,0.413670152425766,0.5121505260467529,0.07417932897806168
huggingface_uit-sentiment-dataset-reddit-2000-balanced::1mgpq7a,0.4341433048248291,0.542224109172821,0.02363264374434948
huggingface_uit-sentiment-dataset-reddit-2000-balanced::1mgytca,0.041485633701086044,0.5856279134750366,0.37288644909858704
huggingface_uit-sentiment-dataset-reddit-2000-balanced::1milm9t,0.0037929334212094545,0.025506848469376564,0.9707002639770508
huggingface_uit-sentiment-dataset-reddit-2000-balanced::1mjnhj2,0.049026209861040115,0.31601473689079285,0.6349590420722961
huggingface_uit-sentiment-dataset-reddit-2000-balanced::1mke7ef,0.004972577095031738,0.04740385338664055,0.9476235508918762
huggingface_uit-sentiment-dataset-reddit-2000-balanced::1mlie4i,0.03309683874249458,0.544705331325531,0.4221978783607483
huggingface_uit-sentiment-dataset-reddit-2000-balanced::1mlo0xc,0.2003418505191803,0.7596706748008728,0.03998750075697899
huggingface_uit-sentiment-dataset-reddit-2000-balanced::1mlsurg,0.018907083198428154,0.6691673398017883,0.3119255602359772
huggingface_uit-sentiment-dataset-reddit-2000-balanced::1mm0ssv,0.2466496080160141,0.6763831377029419,0.07696723192930222
huggingface_uit-sentiment-dataset-reddit-2000-balanced::1mmlht7,0.36957767605781555,0.5771238207817078,0.05329858511686325
huggingface_uit-sentiment-dataset-reddit-2000-balanced::1mn6kjg,0.0473865382373333,0.7669265866279602,0.1856868714094162
huggingface_uit-sentiment-dataset-reddit-2000-balanced::1mnevw3,0.21837323904037476,0.6962123513221741,0.08541442453861237
huggingface_uit-sentiment-dataset-reddit-2000-balanced::1mniqgg,0.4997195899486542,0.48309484124183655,0.017185542732477188
huggingface_uit-sentiment-dataset-reddit-2000-balanced::1mnl9lh,0.09433360397815704,0.8305277228355408,0.07513871043920517
huggingface_uit-sentiment-dataset-reddit-2000-balanced::1mo40p5,0.1175830066204071,0.8431217074394226,0.03929532691836357
huggingface_uit-sentiment-dataset-reddit-2000-balanced::1moxk4g,0.23057375848293304,0.7072885036468506,0.06213771551847458
huggingface_uit-sentiment-dataset-reddit-2000-balanced::1mpa1ew,0.007668801583349705,0.4052078127861023,0.5871233940124512
huggingface_uit-sentiment-dataset-reddit-2000-balanced::1mpe9p2,0.41964617371559143,0.5511882305145264,0.029165614396333694
huggingface_uit-sentiment-dataset-reddit-2000-balanced::1mpkuyz,0.2032560557126999,0.7357574105262756,0.060986485332250595
huggingface_uit-sentiment-dataset-reddit-2000-balanced::1mpqtyo,0.02050447091460228,0.7642330527305603,0.2152625024318695
huggingface_uit-sentiment-dataset-reddit-2000-balanced::1mq2ady,0.19891493022441864,0.7543439269065857,0.04674111306667328
huggingface_uit-sentiment-dataset-reddit-2000-balanced::1mq2k00,0.004691454116255045,0.06016486510634422,0.9351436495780945
huggingface_uit-sentiment-dataset-reddit-2000-balanced::1mqakc3,0.6891095638275146,0.29561829566955566,0.015272111631929874
huggingface_uit-sentiment-dataset-reddit-2000-balanced::1mqbwu6,0.0028475376311689615,0.09067539125680923,0.9064770936965942
huggingface_uit-sentiment-dataset-reddit-2000-balanced::1mqme6y,0.2969895303249359,0.6548810601234436,0.048129402101039886
huggingface_uit-sentiment-dataset-reddit-2000-balanced::1mquist,0.006113231647759676,0.8217713832855225,0.17211537063121796
huggingface_uit-sentiment-dataset-reddit-2000-balanced::1mqwt76,0.015719853341579437,0.7555299401283264,0.22875016927719116
huggingface_uit-sentiment-dataset-reddit-2000-balanced::1mqy0b1,0.04921814799308777,0.8370800018310547,0.11370177567005157
huggingface_uit-sentiment-dataset-reddit-2000-balanced::1mr41v6,0.0816173404455185,0.715792179107666,0.20259049534797668
huggingface_uit-sentiment-dataset-reddit-2000-balanced::1msvidx,0.24687273800373077,0.7126807570457458,0.040446583181619644
huggingface_uit-sentiment-dataset-reddit-2000-balanced::1msyzh8,0.0993984118103981,0.7213659286499023,0.17923563718795776
huggingface_uit-sentiment-dataset-reddit-2000-balanced::1mt9htu,0.17667025327682495,0.7845932841300964,0.03873645141720772
huggingface_uit-sentiment-dataset-reddit-2000-balanced::1mtdh1r,0.05077964439988136,0.841098964214325,0.10812141001224518
huggingface_uit-sentiment-dataset-reddit-2000-balanced::1mtrzi0,0.004919094033539295,0.29251915216445923,0.7025617361068726
huggingface_uit-sentiment-dataset-reddit-2000-balanced::1mtv1rr,0.0808015987277031,0.8071154952049255,0.11208285391330719
huggingface_uit-sentiment-dataset-reddit-2000-balanced::1mtzm47,0.11600960791110992,0.8137121200561523,0.07027830928564072
huggingface_uit-sentiment-dataset-reddit-2000-balanced::1mu4wvl,0.606773316860199,0.3673744797706604,0.02585216797888279
huggingface_uit-sentiment-dataset-reddit-2000-balanced::1mu5ytz,0.1406821310520172,0.8005868196487427,0.05873097851872444
huggingface_uit-sentiment-dataset-reddit-2000-balanced::1mu9s9c,0.11555912345647812,0.8293226957321167,0.055118169635534286
huggingface_uit-sentiment-dataset-reddit-2000-balanced::1mucrov,0.6542849540710449,0.3302271366119385,0.01548788696527481
huggingface_uit-sentiment-dataset-reddit-2000-balanced::1mucw6t,0.017430538311600685,0.8733364343643188,0.10923299193382263
huggingface_uit-sentiment-dataset-reddit-2000-balanced::1munu35,0.6572268605232239,0.3041624426841736,0.03861072659492493
huggingface_uit-sentiment-dataset-reddit-2000-balanced::1mupotq,0.6298532485961914,0.3555924594402313,0.014554283581674099
huggingface_uit-sentiment-dataset-reddit-2000-balanced::1mus03v,0.03857477009296417,0.8434292078018188,0.11799599975347519
huggingface_uit-sentiment-dataset-reddit-2000-balanced::1muwsj6,0.6921913027763367,0.29673343896865845,0.011075223796069622
huggingface_uit-sentiment-dataset-reddit-2000-balanced::1mv5a3o,0.006098791491240263,0.2442440241575241,0.749657154083252
huggingface_uit-sentiment-dataset-reddit-2000-balanced::1mvlskw,0.34590697288513184,0.625869870185852,0.028223229572176933
huggingface_uit-sentiment-dataset-reddit-2000-balanced::1mvo9ko,0.015983445569872856,0.5173201560974121,0.4666963517665863
huggingface_uit-sentiment-dataset-reddit-2000-balanced::1mwo7da,0.005430728197097778,0.41425761580467224,0.5803117156028748
huggingface_uit-sentiment-dataset-reddit-2000-balanced::1mx2zk1,0.15303020179271698,0.7377502918243408,0.10921952873468399
huggingface_uit-sentiment-dataset-reddit-2000-balanced::1mx6lms,0.06738066673278809,0.8345139622688293,0.09810541570186615
huggingface_uit-sentiment-dataset-reddit-2000-balanced::1mxm93t,0.028676601126790047,0.9177954196929932,0.05352796986699104
huggingface_uit-sentiment-dataset-reddit-2000-balanced::1mxykmq,0.009490846656262875,0.44150131940841675,0.5490078926086426
huggingface_uit-sentiment-dataset-reddit-2000-balanced::1my70pv,0.01674761064350605,0.5649779438972473,0.4182744324207306
huggingface_uit-sentiment-dataset-reddit-2000-balanced::1myxhda,0.2388206273317337,0.6064591407775879,0.1547202467918396
huggingface_uit-sentiment-dataset-reddit-2000-balanced::1mz6som,0.011202909983694553,0.6545858383178711,0.3342112600803375
huggingface_uit-sentiment-dataset-reddit-2000-balanced::1mzbj6q,0.017169587314128876,0.9053214192390442,0.07750887423753738
huggingface_uit-sentiment-dataset-reddit-2000-balanced::1mziy6p,0.36208006739616394,0.6040319204330444,0.03388803079724312
huggingface_uit-sentiment-dataset-reddit-2000-balanced::1mznzt6,0.07338663190603256,0.7522825002670288,0.17433089017868042
huggingface_uit-sentiment-dataset-reddit-2000-balanced::1mzquqi,0.3571162819862366,0.5913267135620117,0.05155700817704201
huggingface_uit-sentiment-dataset-reddit-2000-balanced::1mzrb4l,0.038609206676483154,0.7994608283042908,0.16192999482154846
huggingface_uit-sentiment-dataset-reddit-2000-balanced::1mzx81t,0.14733877778053284,0.798454225063324,0.05420695245265961
huggingface_uit-sentiment-dataset-reddit-2000-balanced::1n0c2pv,0.6926548480987549,0.29401540756225586,0.01332977693527937
huggingface_uit-sentiment-dataset-reddit-2000-balanced::1n14i2f,0.2905387282371521,0.6088764071464539,0.10058482736349106
huggingface_uit-sentiment-dataset-reddit-2000-balanced::1n1ibql,0.5010779500007629,0.4832861125469208,0.015635980293154716
huggingface_uit-sentiment-dataset-reddit-2000-balanced::1n1kunk,0.01611638069152832,0.832638680934906,0.15124493837356567
huggingface_uit-sentiment-dataset-reddit-2000-balanced::1n1potw,0.003719249740242958,0.34416571259498596,0.652114987373352
huggingface_uit-sentiment-dataset-reddit-2000-balanced::1n2amal,0.013652378693223,0.6339542269706726,0.35239341855049133
huggingface_uit-sentiment-dataset-reddit-2000-balanced::1n2bdal,0.7446731925010681,0.21543201804161072,0.039894867688417435
huggingface_uit-sentiment-dataset-reddit-2000-balanced::1n2ghx4,0.00250836880877614,0.43318039178848267,0.5643112063407898
huggingface_uit-sentiment-dataset-reddit-2000-balanced::1n2xc58,0.004129312466830015,0.6341713666915894,0.36169928312301636
huggingface_uit-sentiment-dataset-reddit-2000-balanced::1n2y1fk,0.31473469734191895,0.647556722164154,0.0377085879445076
huggingface_uit-sentiment-dataset-reddit-2000-balanced::1n312bi,0.008161671459674835,0.3591172993183136,0.6327210664749146
huggingface_uit-sentiment-dataset-reddit-2000-balanced::1n3kjtg,0.007067938335239887,0.5012757778167725,0.49165618419647217
huggingface_uit-sentiment-dataset-reddit-2000-balanced::1n3mvzm,0.008227825164794922,0.23116154968738556,0.7606106400489807
huggingface_uit-sentiment-dataset-reddit-2000-balanced::1n41pon,0.7525997161865234,0.2378298044204712,0.009570508264005184
huggingface_uit-sentiment-dataset-reddit-2000-balanced::1n4358t,0.0020252957474440336,0.013540043495595455,0.9844346642494202
huggingface_uit-sentiment-dataset-reddit-2000-balanced::1n473r0,0.21701593697071075,0.7620173096656799,0.020966725423932076
huggingface_uit-sentiment-dataset-reddit-2000-balanced::1n4go5n,0.01068128366023302,0.6735538840293884,0.31576481461524963
huggingface_uit-sentiment-dataset-reddit-2000-balanced::1n4wrbh,0.3313954770565033,0.6103280782699585,0.05827641487121582
huggingface_uit-sentiment-dataset-reddit-2000-balanced::1n4z23q,0.03516998887062073,0.9047548174858093,0.06007525324821472
huggingface_uit-sentiment-dataset-reddit-2000-balanced::1n587pp,0.473044753074646,0.4843809902667999,0.042574185878038406
huggingface_uit-sentiment-dataset-reddit-2000-balanced::1n5oqti,0.48593205213546753,0.4382126033306122,0.07585534453392029
huggingface_uit-sentiment-dataset-reddit-2000-balanced::1n5ow0z,0.6326087713241577,0.34708523750305176,0.02030603028833866
huggingface_uit-sentiment-dataset-reddit-2000-balanced::1n5uh44,0.49186840653419495,0.4917420744895935,0.0163895171135664
huggingface_uit-sentiment-dataset-reddit-2000-balanced::1n5w9yy,0.013799143955111504,0.2948955297470093,0.6913053393363953
huggingface_uit-sentiment-dataset-reddit-2000-balanced::1n5zed0,0.002488375175744295,0.022137198597192764,0.9753744006156921
huggingface_uit-sentiment-dataset-reddit-2000-balanced::1n62tcc,0.018915407359600067,0.2970757782459259,0.6840088367462158
huggingface_uit-sentiment-dataset-reddit-2000-balanced::1n6esim,0.004534784238785505,0.4492006003856659,0.5462646484375
huggingface_uit-sentiment-dataset-reddit-2000-balanced::1n764be,0.21449793875217438,0.7043757438659668,0.08112628012895584
huggingface_uit-sentiment-dataset-reddit-2000-balanced::1n7oamj,0.00306563638150692,0.049098797142505646,0.9478355646133423
huggingface_uit-sentiment-dataset-reddit-2000-balanced::1na32ws,0.012286832556128502,0.5289773941040039,0.45873570442199707
huggingface_uit-sentiment-dataset-reddit-2000-balanced::1nad1on,0.10728267580270767,0.8565281629562378,0.036189135164022446
huggingface_uit-sentiment-dataset-reddit-2000-balanced::1nan5az,0.011976093053817749,0.18778009712696075,0.8002437353134155
huggingface_uit-sentiment-dataset-reddit-2000-balanced::1nau0qe,0.0048873769119381905,0.2048453986644745,0.7902671694755554
huggingface_uit-sentiment-dataset-reddit-2000-balanced::1nbf3tq,0.35668739676475525,0.6216745376586914,0.021637992933392525
huggingface_uit-sentiment-dataset-reddit-2000-balanced::1nbijao,0.4386780261993408,0.5164183378219604,0.04490358382463455
huggingface_uit-sentiment-dataset-reddit-2000-balanced::1nbqa34,0.0028537041507661343,0.13171005249023438,0.8654362559318542
huggingface_uit-sentiment-dataset-reddit-2000-balanced::1nceqny,0.46005263924598694,0.5220165252685547,0.017930826172232628
huggingface_uit-sentiment-dataset-reddit-2000-balanced::1ncq1zb,0.43300896883010864,0.5312595963478088,0.035731442272663116
huggingface_uit-sentiment-dataset-reddit-2000-balanced::1nctpo0,0.024404920637607574,0.7238389253616333,0.25175613164901733
huggingface_uit-sentiment-dataset-reddit-2000-balanced::1ncy4nz,0.03345809504389763,0.6158246397972107,0.3507172465324402
huggingface_uit-sentiment-dataset-reddit-2000-balanced::1nczatl,0.0027383326087146997,0.056022439152002335,0.9412391781806946
huggingface_uit-sentiment-dataset-reddit-2000-balanced::1ndacaw,0.008643221110105515,0.6820243000984192,0.3093324899673462
huggingface_uit-sentiment-dataset-reddit-2000-balanced::1ndjxdt,0.0014428547583520412,0.05999854952096939,0.9385586380958557
huggingface_uit-sentiment-dataset-reddit-2000-balanced::1ndo6op,0.19818423688411713,0.505832850933075,0.29598286747932434
huggingface_uit-sentiment-dataset-reddit-2000-balanced::1ndqa6d,0.012654176913201809,0.36379119753837585,0.6235546469688416
huggingface_uit-sentiment-dataset-reddit-2000-balanced::1ndwos5,0.007202720269560814,0.27144941687583923,0.7213478684425354
huggingface_uit-sentiment-dataset-reddit-2000-balanced::1ndxjsu,0.010934635065495968,0.6001333594322205,0.3889319896697998
huggingface_uit-sentiment-dataset-reddit-2000-balanced::1ne3o0v,0.6372513175010681,0.3317662179470062,0.030982473865151405
huggingface_uit-sentiment-dataset-reddit-2000-balanced::1ne3t4b,0.15980637073516846,0.7226920127868652,0.11750158667564392
huggingface_uit-sentiment-dataset-reddit-2000-balanced::1neelit,0.3909672200679779,0.5806791186332703,0.028353676199913025
huggingface_uit-sentiment-dataset-reddit-2000-balanced::1nezru6,0.018332935869693756,0.7664042711257935,0.21526284515857697
huggingface_uit-sentiment-dataset-reddit-2000-balanced::1nf9k71,0.07013972848653793,0.8193840980529785,0.11047616600990295
huggingface_uit-sentiment-dataset-reddit-2000-balanced::1nfin72,0.04395894333720207,0.32865121960639954,0.6273899078369141
huggingface_uit-sentiment-dataset-reddit-2000-balanced::1nfnvrk,0.011458257213234901,0.8539760708808899,0.13456569612026215
huggingface_uit-sentiment-dataset-reddit-2000-balanced::1nfrvja,0.4609004855155945,0.45613914728164673,0.08296030759811401
huggingface_uit-sentiment-dataset-reddit-2000-balanced::1nfyjv5,0.6987727284431458,0.2866804301738739,0.014546780847012997
huggingface_uit-sentiment-dataset-reddit-2000-balanced::1ngdriz,0.00625043548643589,0.3564929664134979,0.6372566223144531
huggingface_uit-sentiment-dataset-reddit-2000-balanced::1ngfp45,0.012489170767366886,0.3975509703159332,0.5899599194526672
huggingface_uit-sentiment-dataset-reddit-2000-balanced::1ngrkpb,0.6220940351486206,0.34074556827545166,0.037160396575927734
huggingface_uit-sentiment-dataset-reddit-2000-balanced::1ngvy9i,0.03563670441508293,0.8754679560661316,0.0888952910900116
huggingface_uit-sentiment-dataset-reddit-2000-balanced::1nh5fn0,0.03150031715631485,0.7570631504058838,0.21143656969070435
huggingface_uit-sentiment-dataset-reddit-2000-balanced::1nhn5sy,0.011727829463779926,0.6088360548019409,0.3794361650943756
huggingface_uit-sentiment-dataset-reddit-2000-balanced::1nhpy35,0.008423000574111938,0.4111233055591583,0.5804536938667297
huggingface_uit-sentiment-dataset-reddit-2000-balanced::1nhu7cw,0.21923746168613434,0.7219908237457275,0.05877175182104111
huggingface_uit-sentiment-dataset-reddit-2000-balanced::1nhz4dn,0.8031790256500244,0.18885992467403412,0.007961021736264229
huggingface_uit-sentiment-dataset-reddit-2000-balanced::1nilmr7,0.5217992663383484,0.4544643461704254,0.02373642474412918
huggingface_uit-sentiment-dataset-reddit-2000-balanced::1ninoo3,0.0470195971429348,0.9097182154655457,0.04326215013861656
huggingface_uit-sentiment-dataset-reddit-2000-balanced::1njrbbx,0.06043665483593941,0.6984174847602844,0.24114586412906647
huggingface_uit-sentiment-dataset-reddit-2000-balanced::1njwmtl,0.00804783683270216,0.1516888290643692,0.8402633666992188
huggingface_uit-sentiment-dataset-reddit-2000-balanced::1nk5wtq,0.011392740532755852,0.7847403883934021,0.2038668394088745
huggingface_uit-sentiment-dataset-reddit-2000-balanced::1nka2cl,0.029109520837664604,0.7427502274513245,0.22814027965068817
huggingface_uit-sentiment-dataset-reddit-2000-balanced::1nkax9u,0.08725118637084961,0.7467007040977478,0.1660480946302414
huggingface_uit-sentiment-dataset-reddit-2000-balanced::1nkjpu3,0.004712690133601427,0.06891678273677826,0.9263705611228943
huggingface_uit-sentiment-dataset-reddit-2000-balanced::1nkuj6z,0.0069399322383105755,0.08161187916994095,0.9114481806755066
huggingface_uit-sentiment-dataset-reddit-2000-balanced::1nkvkle,0.6169959902763367,0.33978042006492615,0.043223556131124496
huggingface_uit-sentiment-dataset-reddit-2000-balanced::1nl0lqk,0.07937632501125336,0.797490656375885,0.12313306331634521
huggingface_uit-sentiment-dataset-reddit-2000-balanced::1nl5etj,0.11744990199804306,0.7501892447471619,0.1323607712984085
huggingface_uit-sentiment-dataset-reddit-2000-balanced::1nl8jl2,0.024225078523159027,0.7615155577659607,0.2142593115568161
huggingface_uit-sentiment-dataset-reddit-2000-balanced::1nlguk9,0.003779803868383169,0.3228921890258789,0.6733279824256897
huggingface_uit-sentiment-dataset-reddit-2000-balanced::1nlufzx,0.001600121846422553,0.024313872680068016,0.9740860462188721
huggingface_uit-sentiment-dataset-reddit-2000-balanced::1nme2qf,0.593650221824646,0.38590008020401,0.0204496830701828
huggingface_uit-sentiment-dataset-reddit-2000-balanced::1nmjkd8,0.002414707327261567,0.05832739546895027,0.9392578601837158
huggingface_uit-sentiment-dataset-reddit-2000-balanced::1nn2nqz,0.569714367389679,0.4079534411430359,0.022332146763801575
huggingface_uit-sentiment-dataset-reddit-2000-balanced::1nndqcb,0.018653474748134613,0.7492114901542664,0.23213504254817963
huggingface_uit-sentiment-dataset-reddit-2000-balanced::1nnfwmo,0.0065734959207475185,0.08260417729616165,0.910822331905365
huggingface_uit-sentiment-dataset-reddit-2000-balanced::1nobcui,0.5652337670326233,0.40893125534057617,0.02583502233028412
huggingface_uit-sentiment-dataset-reddit-2000-balanced::1nou6rv,0.009299635887145996,0.4105468690395355,0.5801534652709961
huggingface_uit-sentiment-dataset-reddit-2000-balanced::1nozqw1,0.7809979915618896,0.2027401328086853,0.016261864453554153
huggingface_uit-sentiment-dataset-reddit-2000-balanced::1nozt72,0.01770840212702751,0.6170399188995361,0.36525166034698486
huggingface_uit-sentiment-dataset-reddit-2000-balanced::1npatw9,0.04904450103640556,0.734144926071167,0.21681056916713715
huggingface_uit-sentiment-dataset-reddit-2000-balanced::1nq1rry,0.006300169974565506,0.5710694193840027,0.42263033986091614
huggingface_uit-sentiment-dataset-reddit-2000-balanced::1nqif5c,0.20478226244449615,0.7717843055725098,0.02343338169157505
huggingface_uit-sentiment-dataset-reddit-2000-balanced::1nr99vl,0.005900097545236349,0.17883598804473877,0.8152639865875244
huggingface_uit-sentiment-dataset-reddit-2000-balanced::1ns668t,0.0766146257519722,0.8389121294021606,0.08447331935167313
huggingface_uit-sentiment-dataset-reddit-2000-balanced::1nteiji,0.6001734137535095,0.38204681873321533,0.017779769375920296
huggingface_uit-sentiment-dataset-reddit-2000-balanced::1ntos6t,0.0044971005991101265,0.4791068136692047,0.5163960456848145
huggingface_uit-sentiment-dataset-reddit-2000-balanced::1nuc03x,0.050352808088064194,0.612903356552124,0.3367438316345215
huggingface_uit-sentiment-dataset-reddit-2000-balanced::1nul4ti,0.06563077121973038,0.7974424362182617,0.1369267702102661
huggingface_uit-sentiment-dataset-reddit-2000-balanced::1nutjlm,0.05152178555727005,0.8743109703063965,0.07416724413633347
huggingface_uit-sentiment-dataset-reddit-2000-balanced::1nv77uv,0.006011982448399067,0.39497625827789307,0.5990117788314819
huggingface_uit-sentiment-dataset-reddit-2000-balanced::1nvjtn6,0.013767152093350887,0.8563669919967651,0.129865825176239
huggingface_uit-sentiment-dataset-reddit-2000-balanced::1nw4i4f,0.03696255385875702,0.8487450480461121,0.1142924427986145
huggingface_uit-sentiment-dataset-reddit-2000-balanced::1nw4sv6,0.6213480234146118,0.3632350265979767,0.015416961163282394
huggingface_uit-sentiment-dataset-reddit-2000-balanced::1nw71uz,0.18114714324474335,0.7739117741584778,0.04494098573923111
huggingface_uit-sentiment-dataset-reddit-2000-balanced::1nwgfc4,0.12090504914522171,0.8432979583740234,0.035796914249658585
huggingface_uit-sentiment-dataset-reddit-2000-balanced::1nya0kf,0.4419398009777069,0.5273755788803101,0.03068462572991848
huggingface_uit-sentiment-dataset-reddit-2000-balanced::1nycrd9,0.6621626615524292,0.312017560005188,0.025819826871156693
huggingface_uit-sentiment-dataset-reddit-2000-balanced::1nyhjbc,0.025727370753884315,0.848761260509491,0.12551134824752808
huggingface_uit-sentiment-dataset-reddit-2000-balanced::1nyndnp,0.14615802466869354,0.7818787097930908,0.07196319848299026
huggingface_uit-sentiment-dataset-reddit-2000-balanced::1nyqrjd,0.05687566101551056,0.7332915663719177,0.20983275771141052
huggingface_uit-sentiment-dataset-reddit-2000-balanced::1nyybu7,0.011445560492575169,0.6599465012550354,0.3286080062389374
huggingface_uit-sentiment-dataset-reddit-2000-balanced::1nzskwx,0.005511267576366663,0.3753010630607605,0.6191877126693726
huggingface_uit-sentiment-dataset-reddit-2000-balanced::1o03s6a,0.05000241845846176,0.8115721940994263,0.13842543959617615
huggingface_uit-sentiment-dataset-reddit-2000-balanced::1o19z9u,0.006516975816339254,0.9337782263755798,0.059704795479774475
huggingface_uit-sentiment-dataset-reddit-2000-balanced::1o1e0hq,0.06837845593690872,0.8386533260345459,0.0929681807756424
huggingface_uit-sentiment-dataset-reddit-2000-balanced::1o1wb1p,0.02746756561100483,0.2026037573814392,0.7699286937713623
huggingface_uit-sentiment-dataset-reddit-2000-balanced::1o2x0bv,0.04814014583826065,0.3713095188140869,0.5805503129959106
huggingface_uit-sentiment-dataset-reddit-2000-balanced::1o2zs6f,0.16815857589244843,0.781190812587738,0.050650615245103836
huggingface_uit-sentiment-dataset-reddit-2000-balanced::1o4ez13,0.007941525429487228,0.533216118812561,0.45884236693382263
huggingface_uit-sentiment-dataset-reddit-2000-balanced::1o562l3,0.010366648435592651,0.9011267423629761,0.08850663900375366
huggingface_uit-sentiment-dataset-reddit-2000-balanced::1o570cf,0.02516685053706169,0.6817941069602966,0.2930390238761902
huggingface_uit-sentiment-dataset-reddit-2000-balanced::1o5pvb7,0.06808707863092422,0.7772693037986755,0.15464362502098083
huggingface_uit-sentiment-dataset-reddit-2000-balanced::1o5w7lw,0.3124716281890869,0.638874888420105,0.04865346848964691
huggingface_uit-sentiment-dataset-reddit-2000-balanced::1o677iz,0.026233254000544548,0.8082548379898071,0.16551193594932556
huggingface_uit-sentiment-dataset-reddit-2000-balanced::1o6dfv8,0.029181024059653282,0.5918855667114258,0.3789334297180176
huggingface_uit-sentiment-dataset-reddit-2000-balanced::1o6gi01,0.004582368768751621,0.2347884476184845,0.7606291770935059
huggingface_uit-sentiment-dataset-reddit-2000-balanced::1o6m08t,0.7798959612846375,0.2107914239168167,0.009312610141932964
huggingface_uit-sentiment-dataset-reddit-2000-balanced::1o6yia5,0.007035780698060989,0.2700876295566559,0.7228765487670898
huggingface_uit-sentiment-dataset-reddit-2000-balanced::1o78vh7,0.3477225601673126,0.5976696610450745,0.05460774898529053
huggingface_uit-sentiment-dataset-reddit-2000-balanced::1o7yte3,0.1591963768005371,0.8022043108940125,0.03859933838248253
huggingface_uit-sentiment-dataset-reddit-2000-balanced::1o8clx0,0.011122533120214939,0.7897377014160156,0.199139803647995
huggingface_uit-sentiment-dataset-reddit-2000-balanced::1o8d3gt,0.0020994627848267555,0.0550958476960659,0.942804753780365
huggingface_uit-sentiment-dataset-reddit-2000-balanced::1o8m5ua,0.007639479823410511,0.5498818159103394,0.4424787759780884
huggingface_uit-sentiment-dataset-reddit-2000-balanced::1o8n0kd,0.13793814182281494,0.753835141658783,0.10822674632072449
huggingface_uit-sentiment-dataset-reddit-2000-balanced::1o8qcn7,0.006555795669555664,0.713499128818512,0.27994510531425476
huggingface_uit-sentiment-dataset-reddit-2000-balanced::1o8r62a,0.013273798860609531,0.7407743334770203,0.2459518313407898
huggingface_uit-sentiment-dataset-reddit-2000-balanced::1o90ixr,0.002699787262827158,0.15553221106529236,0.8417680263519287
huggingface_uit-sentiment-dataset-reddit-2000-balanced::1o93ad1,0.24648670852184296,0.6963013410568237,0.057211942970752716
huggingface_uit-sentiment-dataset-reddit-2000-balanced::1o9hvow,0.12153103947639465,0.7785342931747437,0.09993461519479752
huggingface_uit-sentiment-dataset-reddit-2000-balanced::1oa3gh0,0.05102004483342171,0.7207674980163574,0.2282123565673828
huggingface_uit-sentiment-dataset-reddit-2000-balanced::1oa47s0,0.05693250522017479,0.8451926708221436,0.09787487238645554
huggingface_uit-sentiment-dataset-reddit-2000-balanced::1ob7mcy,0.0778852105140686,0.8502318859100342,0.07188285887241364
huggingface_uit-sentiment-dataset-reddit-2000-balanced::1obg11j,0.012488029897212982,0.6669047474861145,0.32060718536376953
huggingface_uit-sentiment-dataset-reddit-2000-balanced::1obgci1,0.01101940032094717,0.24770578742027283,0.7412747740745544
huggingface_uit-sentiment-dataset-reddit-2000-balanced::1ocj4w8,0.00891422200948,0.2828296720981598,0.7082561254501343
huggingface_uit-sentiment-dataset-reddit-2000-balanced::1od8fz0,0.003836160060018301,0.030122114345431328,0.9660417437553406
huggingface_uit-sentiment-dataset-reddit-2000-balanced::1oda8mk,0.016725365072488785,0.3972474932670593,0.5860271453857422
huggingface_uit-sentiment-dataset-reddit-2000-balanced::1oddw6j,0.01776845194399357,0.8556187152862549,0.12661293148994446
huggingface_uit-sentiment-dataset-reddit-2000-balanced::1odiai7,0.3127444386482239,0.6569358110427856,0.030319763347506523
huggingface_uit-sentiment-dataset-reddit-2000-balanced::1odilom,0.010033167898654938,0.46821466088294983,0.5217521786689758
huggingface_uit-sentiment-dataset-reddit-2000-balanced::1oe1eba,0.011931361630558968,0.33294257521629333,0.6551259756088257
huggingface_uit-sentiment-dataset-reddit-2000-balanced::1oe8rtd,0.29653453826904297,0.6579201221466064,0.045545388013124466
huggingface_uit-sentiment-dataset-reddit-2000-balanced::1oeot9c,0.2186027318239212,0.7292537093162537,0.05214358866214752
huggingface_uit-sentiment-dataset-reddit-2000-balanced::1oes4ez,0.010892544873058796,0.15611067414283752,0.8329968452453613
huggingface_uit-sentiment-dataset-reddit-2000-balanced::1ogg6sz,0.2521169185638428,0.707690954208374,0.04019205644726753
huggingface_uit-sentiment-dataset-reddit-2000-balanced::1ogrjo2,0.09877131134271622,0.6518075466156006,0.2494211494922638
arctic_shift::1v0uq09,0.0072094532661139965,0.5464919209480286,0.44629862904548645
arctic_shift::1v0t17b,0.06880670040845871,0.6764978170394897,0.25469541549682617
arctic_shift::1v0srnm,0.044966455549001694,0.8446490168571472,0.1103844940662384
arctic_shift::1v0skpz,0.014392423443496227,0.8894389271736145,0.09616865962743759
arctic_shift::1v0r28u,0.6482657194137573,0.33219054341316223,0.01954372227191925
arctic_shift::1v0pel1,0.01461202371865511,0.9453330039978027,0.04005498066544533
arctic_shift::1v0p8rc,0.5984045267105103,0.3851337134838104,0.01646181009709835
arctic_shift::1v0kfuh,0.7616615891456604,0.22092191874980927,0.01741643063724041
arctic_shift::1v0kdu6,0.017138127237558365,0.92768794298172,0.05517395958304405
arctic_shift::1v0jbmr,0.14371097087860107,0.7291180491447449,0.12717105448246002
arctic_shift::1v0hzyx,0.018325529992580414,0.8965501189231873,0.08512433618307114
arctic_shift::1v0g1v2,0.5491703152656555,0.43304938077926636,0.01778038777410984
arctic_shift::1v0dt1w,0.038903672248125076,0.5761053562164307,0.38499096035957336
arctic_shift::1v0cq49,0.009605646133422852,0.8953080177307129,0.09508643299341202
arctic_shift::1v08fbp,0.07162190973758698,0.8090173602104187,0.11936073750257492
arctic_shift::1v07so1,0.6124030351638794,0.37711960077285767,0.010477354750037193
arctic_shift::1v06c3a,0.7610260844230652,0.23038259148597717,0.008591319434344769
arctic_shift::1v031jq,0.029225124046206474,0.7713123559951782,0.19946254789829254
arctic_shift::1v02yg7,0.22465242445468903,0.6972982883453369,0.07804927229881287
arctic_shift::1v027je,0.862386167049408,0.12642663717269897,0.011187208816409111
arctic_shift::1uzzwul,0.11429263651371002,0.7024138569831848,0.1832934319972992
arctic_shift::1uzz9dl,0.5704362988471985,0.38962364196777344,0.039940014481544495
arctic_shift::1v0ixao,0.6285287737846375,0.34681275486946106,0.024658435955643654
arctic_shift::1uzz81m,0.011390774510800838,0.9160311818122864,0.07257797569036484
arctic_shift::1uzs32h,0.017455630004405975,0.8799017071723938,0.10264267027378082
arctic_shift::1uzmzfh,0.016788071021437645,0.8264466524124146,0.15676532685756683
arctic_shift::1uzju2a,0.7574794292449951,0.22819581627845764,0.014324825257062912
arctic_shift::1uzerp7,0.007828263565897942,0.44468674063682556,0.5474849939346313
arctic_shift::1uzbuor,0.019203780218958855,0.5462327599525452,0.43456342816352844
arctic_shift::1uzadz5,0.27984073758125305,0.6464002728462219,0.07375895231962204
arctic_shift::1uyzfr8,0.10636294633150101,0.755731999874115,0.1379050612449646
arctic_shift::1uyxjmm,0.7976970076560974,0.18890950083732605,0.013393519446253777
arctic_shift::1uyx0cd,0.022220006212592125,0.9092308878898621,0.06854909658432007
arctic_shift::1uyqpiy,0.03973155841231346,0.5863010287284851,0.3739674687385559
arctic_shift::1uypmvd,0.005315948277711868,0.2521354556083679,0.7425485253334045
arctic_shift::1uymyod,0.6324136257171631,0.3511196970939636,0.016466697677969933
arctic_shift::1uymxyq,0.6039229035377502,0.3764973282814026,0.019579794257879257
arctic_shift::1uyfvav,0.0088989632204175,0.8807064294815063,0.110394686460495
arctic_shift::1v0wln3,0.6184208989143372,0.35351598262786865,0.028063137084245682
arctic_shift::1v0swd0,0.1590687781572342,0.7959028482437134,0.04502839595079422
arctic_shift::1v0pv45,0.016065092757344246,0.875726044178009,0.1082088053226471
arctic_shift::1v0pnoq,0.006084059830754995,0.7709250450134277,0.22299091517925262
arctic_shift::1v0pc9u,0.12128759920597076,0.7407623529434204,0.13795003294944763
arctic_shift::1v0lqfh,0.030715513974428177,0.8991926908493042,0.07009187340736389
arctic_shift::1v07xai,0.028303684666752815,0.927977979183197,0.04371829330921173
arctic_shift::1v01g8p,0.006659075617790222,0.3116105794906616,0.681730329990387
arctic_shift::1v012jc,0.15447193384170532,0.7471253275871277,0.09840274602174759
arctic_shift::1uzyf66,0.1482166200876236,0.7465807199478149,0.10520268231630325
arctic_shift::1uzxrn4,0.07617609202861786,0.8996313214302063,0.02419246919453144
arctic_shift::1uzrmtb,0.047987211495637894,0.812933087348938,0.13907970488071442
arctic_shift::1uzr2zc,0.06385117024183273,0.8121893405914307,0.12395947426557541
arctic_shift::1uzik5s,0.01854882948100567,0.7832608819007874,0.1981903463602066
arctic_shift::1uzevbg,0.022806880995631218,0.67087322473526,0.3063198924064636
arctic_shift::1uz355y,0.04035770148038864,0.9141017198562622,0.045540641993284225
arctic_shift::1uyys70,0.2091684341430664,0.7399822473526001,0.05084935575723648
arctic_shift::1uyw4rg,0.38476288318634033,0.585349440574646,0.029887670651078224
arctic_shift::1uytlac,0.018685320392251015,0.9078420996665955,0.07347264140844345
arctic_shift::1uyt8qc,0.01363061647862196,0.9378376603126526,0.048531707376241684
arctic_shift::1uyt6ah,0.015767700970172882,0.80489581823349,0.17933645844459534
arctic_shift::1uyi2mj,0.01672786846756935,0.9530976414680481,0.03017446957528591
arctic_shift::1uyf8oo,0.010569853708148003,0.8642023205757141,0.12522782385349274
arctic_shift::1uyecez,0.43243730068206787,0.4856794476509094,0.0818832516670227
arctic_shift::1uycffg,0.009937084279954433,0.7101927399635315,0.2798701524734497
arctic_shift::1uy8e0v,0.005803398322314024,0.677969217300415,0.31622743606567383
arctic_shift::1uy6yht,0.11380772292613983,0.8465511202812195,0.039641063660383224
arctic_shift::1uy3n70,0.16582107543945312,0.8186134696006775,0.015565542504191399
arctic_shift::1uxty9v,0.027294499799609184,0.8164758086204529,0.15622974932193756
arctic_shift::1uxcryc,0.03248634934425354,0.6066954731941223,0.36081811785697937
arctic_shift::1ux9uc1,0.0021371098700910807,0.11177748441696167,0.8860854506492615
arctic_shift::1ux9rny,0.004084864165633917,0.3818683922290802,0.6140467524528503
arctic_shift::1ux7wsa,0.1723232865333557,0.7832854390144348,0.04439122974872589
arctic_shift::1v0xpsz,0.027114050462841988,0.27940475940704346,0.6934812068939209
arctic_shift::1v0xouz,0.006990963593125343,0.14684729278087616,0.8461617231369019
arctic_shift::1v0wdci,0.011599447578191757,0.8857332468032837,0.10266728699207306
arctic_shift::1v0uf0n,0.009999547153711319,0.8712959885597229,0.11870447546243668
arctic_shift::1v0sedp,0.20646905899047852,0.7040432691574097,0.08948767930269241
arctic_shift::1v0s4kf,0.24870578944683075,0.6083407998085022,0.14295348525047302
arctic_shift::1v0pseh,0.0035760216414928436,0.47859981656074524,0.517824113368988
arctic_shift::1v0ppa9,0.847141683101654,0.13430938124656677,0.018548928201198578
arctic_shift::1v0kxeq,0.1885758340358734,0.7236354351043701,0.08778867870569229
arctic_shift::1v0jxup,0.1486862301826477,0.6872739791870117,0.16403977572917938
arctic_shift::1v0jg7c,0.16363121569156647,0.7771956920623779,0.05917315557599068
arctic_shift::1v0j7i4,0.48609453439712524,0.4721378684043884,0.041767578572034836
arctic_shift::1v0fi23,0.016103142872452736,0.5296709537506104,0.4542258679866791
arctic_shift::1v0ez3r,0.27305445075035095,0.6488582491874695,0.07808734476566315
arctic_shift::1v0ehbc,0.005239824298769236,0.9234288930892944,0.07133124768733978
arctic_shift::1v0aisb,0.008035071194171906,0.5836575627326965,0.40830737352371216
arctic_shift::1v09ie1,0.010796714574098587,0.59617680311203,0.3930265009403229
arctic_shift::1v08x5v,0.1921495944261551,0.7446690797805786,0.0631813108921051
arctic_shift::1uzfvrq,0.6976155042648315,0.28099390864372253,0.021390613168478012
arctic_shift::1uz3abt,0.44159960746765137,0.5347636342048645,0.023636721074581146
arctic_shift::1uyawv9,0.8037703633308411,0.17803031206130981,0.01819935254752636
arctic_shift::1uxppk8,0.35216033458709717,0.6048670411109924,0.042972665280103683
arctic_shift::1uxhais,0.37034931778907776,0.6063498258590698,0.023300830274820328
arctic_shift::1v0z2eb,0.018177302554249763,0.9345797896385193,0.0472428984940052
huggingface_divde-sentiment_posts::text-6f661969a799e35d2079,0.05197228491306305,0.8563218712806702,0.09170588105916977
huggingface_divde-sentiment_posts::text-2358db4e0a3805bf5798,0.5778101086616516,0.40837183594703674,0.013818061910569668
huggingface_divde-sentiment_posts::text-f0f8edbc43ff4d52a196,0.02500947378575802,0.921028196811676,0.05396229028701782
huggingface_divde-sentiment_posts::text-f44d430dc4a1d05ab8e1,0.6161942481994629,0.35372254252433777,0.03008320741355419
huggingface_divde-sentiment_posts::text-1e77e761f27e15af0bd9,0.46132153272628784,0.48831164836883545,0.050366804003715515
huggingface_divde-sentiment_posts::text-57ca4e2f38d295eee399,0.023279273882508278,0.8928948640823364,0.08382588624954224
huggingface_divde-sentiment_posts::text-25330db2f74b5d5815c0,0.011787236668169498,0.5006082057952881,0.4876044988632202
huggingface_divde-sentiment_posts::text-8d3627f1ad5f2feca05d,0.20573373138904572,0.766808807849884,0.02745736762881279
huggingface_divde-sentiment_posts::text-331ae12121f3b3c60770,0.7856376767158508,0.19665193557739258,0.01771027408540249
huggingface_divde-sentiment_posts::text-70540cee86da91a17f05,0.0036466605961322784,0.18094530701637268,0.8154080510139465
huggingface_divde-sentiment_posts::text-5d0d940333c75ca4de60,0.012049451470375061,0.15022079646587372,0.8377296924591064
huggingface_divde-sentiment_posts::text-52407f326dc022c7af5b,0.016989579424262047,0.9177176356315613,0.0652928277850151
huggingface_divde-sentiment_posts::text-23616db54af74b3a6e0f,0.03686503320932388,0.9435713887214661,0.019563598558306694
huggingface_divde-sentiment_posts::text-b23663e938d8f15bcb95,0.04775019362568855,0.9359451532363892,0.016304710879921913
huggingface_divde-sentiment_posts::text-b835c7d8a6c818113147,0.6699689626693726,0.31681761145591736,0.01321349199861288
huggingface_divde-sentiment_posts::text-68f5a1e84037e6f2bf74,0.004564755596220493,0.6221578121185303,0.3732774257659912
huggingface_divde-sentiment_posts::text-d977b89a4905d45e2354,0.023747138679027557,0.9169979095458984,0.05925486236810684
huggingface_divde-sentiment_posts::text-9e51c7c2abc390d2499e,0.5705308318138123,0.41351619362831116,0.01595303975045681
huggingface_divde-sentiment_posts::text-eb1d66fe9144f331a731,0.7768151164054871,0.21427729725837708,0.008907634764909744
huggingface_divde-sentiment_posts::text-f9e3c087fe6963caf44e,0.5680333375930786,0.409679114818573,0.022287530824542046
huggingface_divde-sentiment_posts::text-aff14807110e27e06566,0.5430906414985657,0.3369421660900116,0.11996716260910034
huggingface_divde-sentiment_posts::text-fcec37ecd99dbb9cd8d3,0.005087109282612801,0.3377756178379059,0.6571372747421265
huggingface_divde-sentiment_posts::text-3f1fb3ef21802499e8a2,0.002894256729632616,0.5764443278312683,0.42066147923469543
huggingface_divde-sentiment_posts::text-1771a358383368d486df,0.4232490360736847,0.5344924926757812,0.04225849360227585
huggingface_divde-sentiment_posts::text-5bbe83430a9a07cfcc2c,0.006900344043970108,0.823244571685791,0.1698550581932068
huggingface_divde-sentiment_posts::text-31e9d44ce279020359a5,0.005815114825963974,0.36579418182373047,0.6283907294273376
huggingface_divde-sentiment_posts::text-ed5dec6c86dbf453806b,0.4281795620918274,0.5440893769264221,0.02773106098175049
huggingface_divde-sentiment_posts::text-113d253dc6cafd005a8c,0.5853298902511597,0.4012214243412018,0.013448708690702915
huggingface_divde-sentiment_posts::text-c04f6f644b07a82f2c36,0.011881976388394833,0.7664845585823059,0.22163350880146027
huggingface_divde-sentiment_posts::text-9f527dffd5278f22157a,0.27522072196006775,0.6696327924728394,0.055146511644124985
huggingface_divde-sentiment_posts::text-cc74ab99580ca2553f89,0.22360458970069885,0.7346214056015015,0.04177403822541237
huggingface_divde-sentiment_posts::text-41f2f38e6d352fef0556,0.17096704244613647,0.7812740206718445,0.047758981585502625
huggingface_divde-sentiment_posts::text-d55911c70f2f1c200823,0.013897998258471489,0.8402903079986572,0.14581166207790375
huggingface_divde-sentiment_posts::text-35630317a1b16c5b1b33,0.012325672432780266,0.8929266929626465,0.09474755078554153
huggingface_divde-sentiment_posts::text-6b66a7fcc5ba973b1355,0.016361406072974205,0.9097211360931396,0.07391738891601562
huggingface_divde-sentiment_posts::text-af34618d9d5c32e7e280,0.7584949135780334,0.2321445345878601,0.00936048198491335
huggingface_divde-sentiment_posts::text-b4e37144bebf6a573038,0.03494139015674591,0.8852577805519104,0.07980077713727951
huggingface_divde-sentiment_posts::text-006978d6861fa3bdebd4,0.8560696840286255,0.1367798149585724,0.007150492165237665
huggingface_divde-sentiment_posts::text-ff950390ac9d4005c737,0.16940708458423615,0.8043810725212097,0.026211850345134735
huggingface_divde-sentiment_posts::text-bcda1f174f539ea4d44e,0.1179686114192009,0.8447403907775879,0.037291087210178375
huggingface_divde-sentiment_posts::text-4b0e29abceca8d7313d2,0.0063195922411978245,0.11254868656396866,0.8811317086219788
huggingface_divde-sentiment_posts::text-0513b0784b90d5d9069d,0.5207850337028503,0.46546947956085205,0.01374546904116869
huggingface_divde-sentiment_posts::text-a72c833dc62e01cefb90,0.0069350809790194035,0.8069011569023132,0.1861637681722641
huggingface_divde-sentiment_posts::text-c6656a8de6b57fb3000f,0.00972395483404398,0.6153919100761414,0.37488412857055664
huggingface_divde-sentiment_posts::text-5ce18aac1c8007325e6a,0.17043647170066833,0.7793074250221252,0.05025608837604523
huggingface_divde-sentiment_posts::text-d853d2d4b71ae49bd934,0.19377461075782776,0.677933931350708,0.12829150259494781
huggingface_divde-sentiment_posts::text-0a2738826489465b3ec1,0.011129023507237434,0.4169149696826935,0.5719559788703918
huggingface_divde-sentiment_posts::text-055098e2ce56f5ba73a3,0.01821567304432392,0.44177305698394775,0.5400112271308899
huggingface_divde-sentiment_posts::text-9f17e15aa192b9e8ea4a,0.024788057431578636,0.9243643879890442,0.050847481936216354
huggingface_divde-sentiment_posts::text-3bc40d337440158769e4,0.01947013847529888,0.9185690879821777,0.061960794031620026
huggingface_divde-sentiment_posts::text-d4256f1f807dfcbb1b63,0.3587142527103424,0.6254292726516724,0.01585652492940426
huggingface_divde-sentiment_posts::text-eea8d23efbd7db300dff,0.5549530386924744,0.4239957928657532,0.021051131188869476
huggingface_divde-sentiment_posts::text-476880e79ea5162f205e,0.05196717381477356,0.9109570384025574,0.03707581385970116
huggingface_divde-sentiment_posts::text-b499c53fd06781e0c99a,0.01389257051050663,0.7615132927894592,0.22459416091442108
huggingface_divde-sentiment_posts::text-9c697aaa8fc0f8726740,0.2876870334148407,0.6991525888442993,0.013160452246665955
huggingface_divde-sentiment_posts::text-511e47ba6fcf299c2548,0.00889870896935463,0.8783720135688782,0.11272932589054108
huggingface_divde-sentiment_posts::text-0fb4e5aae843f88cbdd1,0.013657317496836185,0.7394654154777527,0.2468772530555725
huggingface_divde-sentiment_posts::text-21664637ae6961d7c54f,0.003880538512021303,0.6425580382347107,0.3535614311695099
huggingface_divde-sentiment_posts::text-167e2e38a0a7ba6fab5f,0.3653109669685364,0.600711464881897,0.03397762030363083
huggingface_divde-sentiment_posts::text-2ed40c784af55259ac15,0.4024859666824341,0.5617908835411072,0.03572317212820053
huggingface_divde-sentiment_posts::text-3507bcd00709dea34959,0.007508288137614727,0.17588520050048828,0.8166064620018005
huggingface_divde-sentiment_posts::text-1659b4846c21e7ac946a,0.003075256245210767,0.18346168100833893,0.8134630918502808
huggingface_divde-sentiment_posts::text-4121d068ccdcab77fa50,0.0021557933650910854,0.01799788326025009,0.9798462986946106
huggingface_divde-sentiment_posts::text-359ba05d973edc43e5a6,0.4305035471916199,0.5292091965675354,0.04028729349374771
huggingface_divde-sentiment_posts::text-c93ed9d03f4f699b76e3,0.4058270752429962,0.5409965515136719,0.0531763881444931
huggingface_divde-sentiment_posts::text-7bf8974776db45be367a,0.008058429695665836,0.07542714476585388,0.9165143966674805
huggingface_divde-sentiment_posts::text-04f00c4e3bff20754f66,0.004248540848493576,0.8137090802192688,0.18204234540462494
huggingface_divde-sentiment_posts::text-96d804e7304ee9fb9949,0.00217348407022655,0.01315106637775898,0.9846754670143127
huggingface_divde-sentiment_posts::text-6274ef91df16fb87e437,0.017143551260232925,0.443841814994812,0.5390146374702454
huggingface_divde-sentiment_posts::text-9ab5ca96835dcf7e8903,0.008569442667067051,0.6027125716209412,0.38871797919273376
huggingface_divde-sentiment_posts::text-a3e97c0283d663761fcf,0.016925759613513947,0.4084460437297821,0.5746282339096069
huggingface_divde-sentiment_posts::text-389f561d6a617fa1f120,0.006985804997384548,0.7446144223213196,0.2483997493982315
huggingface_divde-sentiment_posts::text-8e242be83a9c341e8be0,0.842534601688385,0.14797461032867432,0.009490761905908585
huggingface_divde-sentiment_posts::text-8b44c00df22d7551461f,0.0017425470286980271,0.06739329546689987,0.930864155292511
huggingface_divde-sentiment_posts::text-c1f5aaef9d789168b9bf,0.11359050124883652,0.7959794998168945,0.09043004363775253
huggingface_divde-sentiment_posts::text-79d2b731ff2066fb814f,0.003620423609390855,0.017410745844244957,0.9789688587188721
huggingface_divde-sentiment_posts::text-2013bb30803dfb28909e,0.01364437397569418,0.9009281992912292,0.0854274183511734
huggingface_divde-sentiment_posts::text-a9e74a8467ceb72ee8d7,0.4700741171836853,0.5051489472389221,0.024776997044682503
huggingface_divde-sentiment_posts::text-83ef7fbd190b920129ec,0.03305632621049881,0.8871635794639587,0.07978010177612305
huggingface_divde-sentiment_posts::text-dd4dd9a579909b69c14d,0.7632277011871338,0.2126118391752243,0.02416052110493183
huggingface_divde-sentiment_posts::text-db20fc61dbf4e730466e,0.008790645748376846,0.27224862575531006,0.718960702419281
huggingface_divde-sentiment_posts::text-91b4833b91f1e8ab01e8,0.012256377376616001,0.8790301084518433,0.10871350020170212
huggingface_divde-sentiment_posts::text-ac168f19c339a5ff5b4b,0.006099104881286621,0.8249697089195251,0.16893121600151062
huggingface_divde-sentiment_posts::text-381f6f58385cdf48cbc4,0.03510790318250656,0.8577117323875427,0.10718028247356415
huggingface_divde-sentiment_posts::text-0534942cb59207706ebb,0.004159432370215654,0.816320538520813,0.17952001094818115
huggingface_divde-sentiment_posts::text-d7d59a284ccf3311cecd,0.01171282958239317,0.9238277077674866,0.06445936113595963
huggingface_divde-sentiment_posts::text-67c62433249cfb0d0012,0.026307864114642143,0.9455211758613586,0.028170999139547348
huggingface_divde-sentiment_posts::text-0683ffc4cf6669c6c23b,0.02300611138343811,0.9531722664833069,0.023821664974093437
huggingface_divde-sentiment_posts::text-1edf7b990002dadccd2d,0.014344816096127033,0.9545234441757202,0.031131770461797714
huggingface_divde-sentiment_posts::text-66a08b40c5439b3e5924,0.004340298939496279,0.3692854046821594,0.6263743042945862
huggingface_divde-sentiment_posts::text-510d847dc64c30cfe4e0,0.22220110893249512,0.6074444055557251,0.17035451531410217
huggingface_divde-sentiment_posts::text-bb1f688fa99c59506fb2,0.03478964418172836,0.8509822487831116,0.11422809958457947
huggingface_divde-sentiment_posts::text-c64917f54e68a94aae36,0.006897205952554941,0.9567433595657349,0.036359433084726334
huggingface_divde-sentiment_posts::text-076e354d908f33575064,0.006738709751516581,0.9637781977653503,0.029483038932085037
huggingface_divde-sentiment_posts::text-1ddb1a680d3d5a0d2b13,0.005742852576076984,0.9293047189712524,0.06495247036218643
huggingface_divde-sentiment_posts::text-94cf1a919aa641ce180e,0.008474466390907764,0.9586560130119324,0.03286958485841751
huggingface_divde-sentiment_posts::text-e6889f8e0b818855a3f8,0.015682021155953407,0.8342165350914001,0.1501014083623886
huggingface_divde-sentiment_posts::text-9f68343cc106d0660f43,0.24252845346927643,0.7255341410636902,0.03193742036819458
huggingface_divde-sentiment_posts::text-ebd40078ba71ae3973b4,0.08569131791591644,0.8734310865402222,0.04087751358747482
huggingface_divde-sentiment_posts::text-f63734bee41fcb202a96,0.014873645268380642,0.7421746253967285,0.24295172095298767
huggingface_divde-sentiment_posts::text-4b4a67945f3e2c6d37a8,0.2029653936624527,0.7649533152580261,0.03208127245306969
huggingface_divde-sentiment_posts::text-705ac0a13150d3f1ed03,0.3364962339401245,0.48785635828971863,0.17564737796783447
huggingface_divde-sentiment_posts::text-3bb854735f1c773dfd3b,0.6299694776535034,0.34978362917900085,0.020246926695108414
huggingface_divde-sentiment_posts::text-c0ee233174edec435cfc,0.32078972458839417,0.6490519046783447,0.030158352106809616
huggingface_divde-sentiment_posts::text-5ec0e20165b4153132ca,0.008881304413080215,0.671168863773346,0.31994983553886414
huggingface_divde-sentiment_posts::text-a0ce29935c7e194dd524,0.050057001411914825,0.915372908115387,0.034570034593343735
huggingface_divde-sentiment_posts::text-a440b3f632ce271a59a0,0.009636703878641129,0.8214991688728333,0.1688641458749771
huggingface_divde-sentiment_posts::text-cfe707a9b5386cfeb6cc,0.0033647571690380573,0.17041261494159698,0.8262226581573486
huggingface_divde-sentiment_posts::text-7659846feb93f5cc21d3,0.010289273224771023,0.8548243045806885,0.13488639891147614
huggingface_divde-sentiment_posts::text-1ad053fd1a3921dbcc1c,0.005529220215976238,0.8300897479057312,0.16438108682632446
huggingface_divde-sentiment_posts::text-48be4c02be70c5596f86,0.023460078984498978,0.7085683941841125,0.26797157526016235
huggingface_divde-sentiment_posts::text-5d4b27ccdbbbca5d01ec,0.13479451835155487,0.7865935564041138,0.07861191779375076
huggingface_divde-sentiment_posts::text-e2d72015a25ec19b4c20,0.7197970151901245,0.2675340473651886,0.012668963521718979
huggingface_divde-sentiment_posts::text-5309751755cada7b0093,0.026491805911064148,0.9102296233177185,0.06327857822179794
huggingface_divde-sentiment_posts::text-c3c2058b3ad40468d7e1,0.02119174599647522,0.950089693069458,0.02871857024729252
huggingface_divde-sentiment_posts::text-150527475d815e782b8a,0.0063247280195355415,0.5304558873176575,0.4632193446159363
huggingface_divde-sentiment_posts::text-b29d20de6623c8cef889,0.2912609279155731,0.6816602945327759,0.0270787812769413
huggingface_divde-sentiment_posts::text-ad6b10957cd977343001,0.45542171597480774,0.5290419459342957,0.015536314807832241
huggingface_divde-sentiment_posts::text-27d30a2a2d238d553bd4,0.6251624822616577,0.36303821206092834,0.011799240484833717
huggingface_divde-sentiment_posts::text-54b82ea9a110926da63d,0.04345712438225746,0.9017020463943481,0.05484090372920036
huggingface_divde-sentiment_posts::text-61edcab52c8cbded622e,0.27644526958465576,0.6937914490699768,0.029763324186205864
huggingface_divde-sentiment_posts::text-e0fc87e348a77e896e6d,0.2936306893825531,0.6307591795921326,0.0756101906299591
huggingface_divde-sentiment_posts::text-e1469454fb84362692f5,0.051804643124341965,0.7848346829414368,0.163360595703125
huggingface_divde-sentiment_posts::text-a0990c6e41e52270e06c,0.03178732469677925,0.6865665912628174,0.28164607286453247
huggingface_divde-sentiment_posts::text-ca5aefc112e4b39ba5f4,0.016105681657791138,0.8887119293212891,0.09518235921859741
huggingface_divde-sentiment_posts::text-cd6ed8e335bac15c22d0,0.5988453030586243,0.3884447515010834,0.012709910050034523
huggingface_divde-sentiment_posts::text-18f648ca5663278fcd09,0.051342740654945374,0.6812685132026672,0.26738879084587097
huggingface_divde-sentiment_posts::text-79cc53dbcb4e0a10fe6d,0.011085672304034233,0.9191160798072815,0.06979825347661972
huggingface_divde-sentiment_posts::text-85f9541eca37c0583d6a,0.06233716383576393,0.8653948307037354,0.07226800918579102
huggingface_divde-sentiment_posts::text-a761472da5e00b504340,0.012679307721555233,0.9031193852424622,0.08420127630233765
huggingface_divde-sentiment_posts::text-af934dc8861168b5e0fc,0.008947153575718403,0.889975368976593,0.10107748955488205
huggingface_divde-sentiment_posts::text-af34d95afabdfd2fe5ad,0.02069667913019657,0.9127131700515747,0.06659013032913208
huggingface_divde-sentiment_posts::text-0c6fd7cf0f3d2bdf7bc6,0.019426003098487854,0.8975105881690979,0.08306340873241425
huggingface_divde-sentiment_posts::text-fe39209eed61540e48cc,0.03827279433608055,0.9089012742042542,0.052825912833213806
huggingface_divde-sentiment_posts::text-fbe2a910de64a3abd825,0.021066132932901382,0.9126508831977844,0.06628291308879852
huggingface_divde-sentiment_posts::text-a210480a690a719da270,0.011523050256073475,0.9227306246757507,0.06574627757072449
huggingface_divde-sentiment_posts::text-0cd0846677b9d45089ef,0.022223010659217834,0.9001096487045288,0.07766740769147873
huggingface_divde-sentiment_posts::text-ffaa2ba2f9a7b6fe49c6,0.027181193232536316,0.9182747602462769,0.05454409122467041
huggingface_divde-sentiment_posts::text-4c0323e3be36e348300a,0.03112248331308365,0.9048888087272644,0.06398875266313553
hackernews::48998262,0.008673319593071938,0.5528395175933838,0.43848714232444763
hackernews::48998261,0.009294861927628517,0.6501114964485168,0.34059369564056396
hackernews::48998187,0.004679078236222267,0.13319765031337738,0.8621233105659485
hackernews::48998173,0.011254491284489632,0.5930502414703369,0.395695298910141
hackernews::48998003,0.006349537055939436,0.3770672380924225,0.6165832281112671
hackernews::48997822,0.09427165985107422,0.8215842247009277,0.08414418250322342
hackernews::48997618,0.8678784966468811,0.126267209649086,0.005854359827935696
hackernews::48997601,0.01385795883834362,0.4204932749271393,0.5656487345695496
hackernews::48997577,0.02210727147758007,0.7216171026229858,0.2562756836414337
hackernews::48997548,0.1041179671883583,0.8202727437019348,0.0756092295050621
hackernews::48997495,0.3142474889755249,0.6462914347648621,0.03946112096309662
hackernews::48997490,0.09209921211004257,0.7763009071350098,0.13159994781017303
hackernews::48997473,0.006478175055235624,0.8109327554702759,0.18258902430534363
hackernews::48997328,0.5264102816581726,0.4372532069683075,0.036336496472358704
hackernews::48997133,0.6976349949836731,0.29028913378715515,0.012075889855623245
hackernews::48997113,0.1280284970998764,0.8093045949935913,0.0626668706536293
hackernews::48997070,0.007960174232721329,0.9076342582702637,0.08440558612346649
hackernews::48997047,0.08695223182439804,0.7967931032180786,0.11625470221042633
hackernews::48997042,0.009175268933176994,0.7422661185264587,0.24855856597423553
hackernews::48996894,0.048533834517002106,0.7725558876991272,0.17891021072864532
hackernews::48996871,0.012220273725688457,0.8824593424797058,0.10532046109437943
hackernews::48996860,0.007577745709568262,0.5651615262031555,0.42726069688796997
hackernews::48996760,0.35639703273773193,0.5973016023635864,0.04630136489868164
hackernews::48996652,0.4719138741493225,0.5127128958702087,0.01537327654659748
hackernews::48996643,0.005970245227217674,0.4662753939628601,0.5277543663978577
hackernews::48996623,0.18024833500385284,0.795126736164093,0.024624843150377274
hackernews::48996573,0.008282152004539967,0.6537572741508484,0.3379606604576111
hackernews::48996516,0.013956109061837196,0.8611132502555847,0.12493060529232025
hackernews::48996487,0.012230949476361275,0.8033843040466309,0.18438468873500824
hackernews::48996485,0.07449519634246826,0.8885167837142944,0.03698807582259178
hackernews::48996382,0.016612675040960312,0.9031873345375061,0.0801999568939209
hackernews::48996223,0.34944817423820496,0.5887309312820435,0.06182090565562248
hackernews::48996204,0.0150325708091259,0.6897159218788147,0.2952515184879303
hackernews::48996197,0.334247350692749,0.6155470609664917,0.05020562559366226
hackernews::48996196,0.14149068295955658,0.832291305065155,0.026218101382255554
hackernews::48996187,0.016842732205986977,0.4992964565753937,0.48386088013648987
hackernews::48996173,0.5335657596588135,0.43651866912841797,0.029915601015090942
hackernews::48996104,0.00780606409534812,0.44606706500053406,0.5461269617080688
hackernews::48996090,0.42408880591392517,0.563650369644165,0.012260811403393745
hackernews::48996013,0.4259319305419922,0.49988195300102234,0.07418610155582428
hackernews::48995990,0.8488255739212036,0.1429690271615982,0.008205386810004711
hackernews::48995912,0.006767046172171831,0.8592461347579956,0.13398681581020355
hackernews::48995907,0.010338136926293373,0.6915576457977295,0.2981041669845581
hackernews::48995773,0.8419679403305054,0.14884699881076813,0.009185117669403553
hackernews::48995754,0.00723528116941452,0.2507292628288269,0.7420355081558228
hackernews::48995679,0.15820132195949554,0.7879624366760254,0.053836286067962646
hackernews::48995678,0.011262940242886543,0.9043983817100525,0.08433862030506134
hackernews::48995634,0.09657154232263565,0.8371851444244385,0.06624332070350647
hackernews::48995562,0.012363525107502937,0.8519174456596375,0.13571910560131073
hackernews::48995524,0.0506010502576828,0.3295263648033142,0.6198725700378418
hackernews::48995522,0.08555305749177933,0.8809999823570251,0.03344688192009926
hackernews::48995507,0.02206234820187092,0.6451849937438965,0.33275264501571655
hackernews::48995455,0.44083550572395325,0.535908043384552,0.023256510496139526
hackernews::48995421,0.007173722609877586,0.5814778804779053,0.4113483726978302
hackernews::48995348,0.023299193009734154,0.792597234249115,0.1841035783290863
hackernews::48995329,0.013729620724916458,0.49486854672431946,0.4914017617702484
hackernews::48995328,0.02185320109128952,0.8205991983413696,0.15754763782024384
hackernews::48995300,0.11855645477771759,0.8212733268737793,0.06017030403017998
hackernews::48995213,0.007598742842674255,0.8059259653091431,0.18647520244121552
hackernews::48995201,0.011832493357360363,0.9181308150291443,0.07003669440746307
hackernews::48995181,0.010584164410829544,0.8231844305992126,0.1662314087152481
hackernews::48995134,0.013468092307448387,0.7425183057785034,0.24401356279850006
hackernews::48995088,0.0075820935890078545,0.3930225968360901,0.5993952751159668
hackernews::48995074,0.004174510948359966,0.19024643301963806,0.8055791258811951
hackernews::48995071,0.057590190321207047,0.7828834056854248,0.15952636301517487
hackernews::48995064,0.09606200456619263,0.8326970934867859,0.0712408646941185
hackernews::48995058,0.023845501244068146,0.9136557579040527,0.062498725950717926
hackernews::48995030,0.008290986530482769,0.7214788198471069,0.27023017406463623
hackernews::48994997,0.19152554869651794,0.7329782843589783,0.07549617439508438
hackernews::48994984,0.00846115406602621,0.9001879692077637,0.09135083854198456
hackernews::48994848,0.04808983951807022,0.832939088344574,0.11897105723619461
hackernews::48994842,0.04227689653635025,0.7804570198059082,0.17726609110832214
hackernews::48994793,0.7154656648635864,0.2758718430995941,0.008662515319883823
hackernews::48994775,0.38597404956817627,0.6006460189819336,0.013379969634115696
hackernews::48994752,0.02451205439865589,0.8551183938980103,0.120369553565979
hackernews::48994734,0.009442666545510292,0.18547169864177704,0.8050855994224548
hackernews::48994715,0.01616881787776947,0.8336254358291626,0.15020571649074554
hackernews::48994592,0.19359472393989563,0.7578275799751282,0.04857764393091202
hackernews::48994561,0.00775076262652874,0.7839763164520264,0.20827291905879974
hackernews::48994449,0.00740873022004962,0.6804841160774231,0.3121071457862854
hackernews::48994448,0.023590458557009697,0.924614667892456,0.051795002073049545
hackernews::48994388,0.23402687907218933,0.7173488736152649,0.0486241951584816
hackernews::48994216,0.08576703816652298,0.7920364141464233,0.12219651788473129
hackernews::48994169,0.02398785948753357,0.5937772989273071,0.3822348117828369
hackernews::48994144,0.017906369641423225,0.9071089625358582,0.07498472929000854
hackernews::48994025,0.2413371354341507,0.6974274516105652,0.06123540550470352
hackernews::48993988,0.3274778127670288,0.646677553653717,0.025844654068350792
hackernews::48993967,0.008146348409354687,0.4257342517375946,0.5661194324493408
hackernews::48993939,0.5301610231399536,0.41118955612182617,0.05864938721060753
hackernews::48993926,0.23614346981048584,0.7274443507194519,0.036412183195352554
hackernews::48993790,0.03594507649540901,0.7946681380271912,0.1693868786096573
hackernews::48993740,0.048164959996938705,0.8123610019683838,0.1394740343093872
hackernews::48993690,0.1924685686826706,0.7828118801116943,0.02471957542002201
hackernews::48993606,0.013301382772624493,0.6901193261146545,0.2965793013572693
hackernews::48993571,0.5162162780761719,0.4633082449436188,0.020475463941693306
hackernews::48993565,0.15332064032554626,0.8026856780052185,0.043993718922138214
hackernews::48993540,0.017109179869294167,0.9010913372039795,0.0817994698882103
hackernews::48993423,0.0042330133728682995,0.20951640605926514,0.7862505912780762
hackernews::48993421,0.0993456095457077,0.8430981040000916,0.057556282728910446
hackernews::48993414,0.006637885235249996,0.9006249308586121,0.09273708611726761
hackernews::48993411,0.2998002767562866,0.6754922270774841,0.024707570672035217
hackernews::48993394,0.006025989539921284,0.6778013706207275,0.31617265939712524
hackernews::48993380,0.011064503341913223,0.7244955897331238,0.2644398808479309
hackernews::48993371,0.015480046160519123,0.9075073599815369,0.0770125612616539
hackernews::48993370,0.7488152980804443,0.23696130514144897,0.0142234330996871
hackernews::48993296,0.3695269227027893,0.5748838782310486,0.05558916553854942
hackernews::48993268,0.05265120044350624,0.8560585975646973,0.09129016101360321
hackernews::48993250,0.008207229897379875,0.8278865218162537,0.1639062911272049
hackernews::48993225,0.00971123669296503,0.6269908547401428,0.3632979094982147
hackernews::48993220,0.005280185490846634,0.4869012236595154,0.5078185796737671
hackernews::48993199,0.018164340406656265,0.6296483278274536,0.35218730568885803
hackernews::48993191,0.016486622393131256,0.6680233478546143,0.3154900372028351
github_issues::4943119318,0.26690131425857544,0.7031086683273315,0.029990119859576225
github_issues::4913106929,0.03564884513616562,0.8963685631752014,0.06798262894153595
github_issues::705103658,0.677678644657135,0.2974500358104706,0.024871308356523514
github_issues::4923179332,0.4386225640773773,0.5410369634628296,0.020340505987405777
github_issues::4925577457,0.48895758390426636,0.48906517028808594,0.021977325901389122
github_issues::4942751441,0.7929131388664246,0.1918821483850479,0.01520474161952734
github_issues::4942624811,0.5641542077064514,0.4102563261985779,0.025589454919099808
github_issues::4919492276,0.13793380558490753,0.8325426578521729,0.02952353097498417
github_issues::4909027732,0.07885712385177612,0.8521820306777954,0.06896086782217026
github_issues::4940411224,0.3283393979072571,0.6518206596374512,0.019839897751808167
github_issues::4649180582,0.1228819414973259,0.8182960152626038,0.05882202461361885
github_issues::4888171360,0.1438843011856079,0.8274474143981934,0.028668219223618507
github_issues::4942247724,0.0246726106852293,0.9245757460594177,0.050751667469739914
github_issues::3190236305,0.6826087236404419,0.30398234724998474,0.013408947736024857
github_issues::4941743070,0.4805322289466858,0.4975077211856842,0.02196003496646881
github_issues::4941723954,0.1839805245399475,0.7718032598495483,0.044216230511665344
github_issues::4896888436,0.026524445042014122,0.82809978723526,0.14537577331066132
github_issues::4854999239,0.171157568693161,0.7848585844039917,0.04398376867175102
github_issues::4362494348,0.46119454503059387,0.5143692493438721,0.024436241015791893
github_issues::4357751745,0.3589574992656708,0.6171151399612427,0.023927323520183563
github_issues::4941139855,0.08886919170618057,0.8469822406768799,0.06414858251810074
github_issues::4940974219,0.05330656096339226,0.902410626411438,0.044282834976911545
github_issues::4897099946,0.2989747226238251,0.6784228086471558,0.02260242961347103
github_issues::4736346335,0.5866714119911194,0.3907400667667389,0.022588536143302917
github_issues::4377620298,0.6309502124786377,0.35859590768814087,0.010453836992383003
github_issues::3697393018,0.3275008499622345,0.6427387595176697,0.02976035140454769
github_issues::4813693318,0.02867812104523182,0.9335585236549377,0.03776330128312111
github_issues::4315124720,0.4115116596221924,0.5640573501586914,0.024430938065052032
github_issues::4839179798,0.5239643454551697,0.46263056993484497,0.013405119068920612
github_issues::4804888965,0.10064638406038284,0.854033887386322,0.04531962797045708
github_issues::2261577162,0.14974114298820496,0.8070903420448303,0.043168503791093826
github_issues::4927528090,0.3967958688735962,0.5813803672790527,0.021823730319738388
github_issues::4934768524,0.14276562631130219,0.8230843544006348,0.034150004386901855
github_issues::4938809238,0.13700354099273682,0.8204735517501831,0.04252279922366142
github_issues::4607764628,0.1274314969778061,0.8267186880111694,0.04584980010986328
github_issues::4902920092,0.017486732453107834,0.8381432890892029,0.14437004923820496
github_issues::4939235122,0.13388150930404663,0.8280623555183411,0.0380561538040638
github_issues::4770365985,0.0531296543776989,0.898630678653717,0.048239585012197495
github_issues::4404429240,0.01877215877175331,0.6406000852584839,0.3406277596950531
github_issues::4733907251,0.5429645776748657,0.438810795545578,0.0182245634496212
github_issues::4939125756,0.11618245393037796,0.8561756610870361,0.027641890570521355
github_issues::4939119889,0.27682480216026306,0.6994031667709351,0.023771991953253746
github_issues::4938964320,0.04247642681002617,0.8925762176513672,0.06494738161563873
github_issues::4938944727,0.5021225810050964,0.4793635308742523,0.018513930961489677
github_issues::4938803402,0.14125177264213562,0.8140348792076111,0.04471335560083389
github_issues::4649268493,0.08845143020153046,0.8474475741386414,0.06410100311040878
github_issues::4893735742,0.20029211044311523,0.7587998509407043,0.040908072143793106
github_issues::4938353460,0.08488824963569641,0.8823394179344177,0.03277243673801422
github_issues::4938359281,0.04731221869587898,0.9084063172340393,0.044281456619501114
github_issues::2015594766,0.08990207314491272,0.8377020359039307,0.072395920753479
github_issues::4937861402,0.2394677847623825,0.7373923063278198,0.02313995361328125
github_issues::3806010826,0.05185754969716072,0.8423044681549072,0.10583803057670593
github_issues::4904371471,0.22204741835594177,0.6557343602180481,0.12221828103065491
github_issues::4937604428,0.021809453144669533,0.8475854992866516,0.13060496747493744
github_issues::4937481319,0.3192008435726166,0.6565726399421692,0.02422647550702095
github_issues::4927960848,0.08038952946662903,0.8610879182815552,0.058522626757621765
github_issues::4525240998,0.3453848361968994,0.6112783551216125,0.04333686828613281
github_issues::4936626490,0.39178311824798584,0.5825288891792297,0.0256879273802042
github_issues::3105607741,0.0854915976524353,0.859561562538147,0.05494688078761101
github_issues::4064662658,0.5479590892791748,0.43293777108192444,0.019103137776255608
github_issues::4899451228,0.13995836675167084,0.8358672857284546,0.024174340069293976
github_issues::4936470613,0.08052071183919907,0.8914037942886353,0.02807549014687538
github_issues::4936448956,0.06064779311418533,0.8988157510757446,0.040536507964134216
github_issues::4611852420,0.3159560561180115,0.6429399251937866,0.04110408574342728
github_issues::4929440759,0.5838568806648254,0.4000062644481659,0.016136886551976204
github_issues::4798596397,0.5822598934173584,0.3996046781539917,0.018135368824005127
github_issues::4935594943,0.11301428079605103,0.8281056880950928,0.05887994170188904
github_issues::240614711,0.34016352891921997,0.6391328573226929,0.02070365659892559
github_issues::4139195571,0.05550026893615723,0.8188928961753845,0.1256067454814911
github_issues::4845056780,0.4667315185070038,0.5134419798851013,0.01982649229466915
github_issues::4918141778,0.874904215335846,0.11828969419002533,0.0068061393685638905
github_issues::4646950049,0.17869216203689575,0.7891290783882141,0.03217879682779312
github_issues::4848246473,0.47792965173721313,0.5047993063926697,0.017271121963858604
github_issues::4120313627,0.15143908560276031,0.8148744702339172,0.03368641063570976
github_issues::4942977458,0.7113789916038513,0.27203625440597534,0.01658470928668976
github_issues::4714978555,0.21496310830116272,0.7577137351036072,0.027323151007294655
github_issues::4935069842,0.11472075432538986,0.8471269607543945,0.038152262568473816
github_issues::4910171428,0.4114976227283478,0.5652490258216858,0.023253334686160088
github_issues::4889536762,0.1106950119137764,0.851438045501709,0.03786694258451462
github_issues::4940589451,0.3510931134223938,0.6265169978141785,0.022389966994524002
github_issues::4917408637,0.0567079596221447,0.8996708393096924,0.04362127557396889
github_issues::3307563945,0.08624730259180069,0.543719470500946,0.37003329396247864
github_issues::4934170088,0.2873893976211548,0.688951313495636,0.02365925908088684
github_issues::4925290639,0.28735166788101196,0.6892926692962646,0.023355640470981598
github_issues::3025348585,0.013001729734241962,0.823735773563385,0.16326242685317993
github_issues::4812866664,0.08921703696250916,0.8702834248542786,0.040499504655599594
github_issues::4812538665,0.5954741835594177,0.38903746008872986,0.015488303266465664
github_issues::2576436738,0.06023120880126953,0.8103683590888977,0.12940050661563873
github_issues::4920808008,0.13996845483779907,0.8283703923225403,0.03166113793849945
github_issues::4618887728,0.042891744524240494,0.8630579113960266,0.09405035525560379
github_issues::1853507992,0.006402942351996899,0.20000654458999634,0.7935904860496521
github_issues::4920636609,0.27763989567756653,0.698127031326294,0.024233141914010048
github_issues::2322561054,0.010289112105965614,0.5830380320549011,0.4066729247570038
github_issues::2256742258,0.011498857289552689,0.5455607175827026,0.44294044375419617
github_issues::2207875036,0.008619849570095539,0.5562854409217834,0.4350946843624115
github_issues::2309436533,0.5322445631027222,0.4500103294849396,0.017745088785886765
github_issues::1949588386,0.037152331322431564,0.891254723072052,0.07159294933080673
github_issues::1856207291,0.021261872723698616,0.9121175408363342,0.06662063300609589
github_issues::4879217455,0.2516942024230957,0.7155320048332214,0.032773829996585846
github_issues::4915789113,0.2990376651287079,0.6778367161750793,0.023125628009438515
github_issues::4887996003,0.1260577291250229,0.8430259227752686,0.03091636672616005
github_issues::2501014784,0.00852193497121334,0.6676754951477051,0.32380253076553345
github_issues::3375632692,0.009629769250750542,0.5485459566116333,0.4418242871761322
github_issues::4917570385,0.04024358093738556,0.8889307975769043,0.07082562148571014
github_issues::4866167181,0.06953470408916473,0.8913907408714294,0.03907454386353493
github_issues::4906983463,0.28706297278404236,0.6891182065010071,0.023818768560886383
github_issues::4913597821,0.016937704756855965,0.9039040207862854,0.07915827631950378
github_issues::4849963475,0.30573737621307373,0.6682636737823486,0.02599886991083622
github_issues::4288654586,0.10156315565109253,0.8693555593490601,0.029081309214234352
github_issues::1458578372,0.00804360955953598,0.7952033281326294,0.19675301015377045
github_issues::2562317569,0.016063274815678596,0.47877204418182373,0.5051647424697876
github_issues::2062055346,0.008319643326103687,0.6059892177581787,0.38569119572639465
github_issues::4610520003,0.07289837300777435,0.892143726348877,0.034957896918058395
github_issues::4660423250,0.5722724795341492,0.41193699836730957,0.015790501609444618
github_issues::4885165405,0.03030216135084629,0.9223991632461548,0.047298725694417953
github_issues::2024486636,0.4138989746570587,0.5428255200386047,0.043275460600852966
github_issues::4878758011,0.28871315717697144,0.6877507567405701,0.023536119610071182
github_issues::4890015845,0.35908085107803345,0.6218964457511902,0.01902269944548607
github_issues::1058212993,0.008594105020165443,0.7709446549415588,0.22046120464801788
github_issues::4848641281,0.5396261811256409,0.43958958983421326,0.02078426443040371
github_issues::4944180657,0.23800703883171082,0.7256651520729065,0.03632774576544762
github_issues::4932533888,0.41986283659935,0.5595672726631165,0.020569870248436928
github_issues::4444485723,0.3515981435775757,0.5876179933547974,0.06078384444117546
github_issues::4297878006,0.16173863410949707,0.7806553244590759,0.05760608986020088
github_issues::3799093483,0.48289209604263306,0.4993549585342407,0.01775297336280346
github_issues::4549258490,0.5169443488121033,0.4681452512741089,0.014910474419593811
github_issues::4548267306,0.4670245051383972,0.5135207176208496,0.01945485547184944
github_issues::4547811289,0.3828156590461731,0.5927618741989136,0.024422425776720047
github_issues::4547206640,0.16652053594589233,0.6725358366966248,0.16094356775283813
github_issues::4546767955,0.012094318866729736,0.8583848476409912,0.12952087819576263
github_issues::4545241148,0.07680995762348175,0.8805944323539734,0.04259561747312546
github_issues::4543359523,0.6259537935256958,0.35683417320251465,0.017212038859725
github_issues::4543113159,0.5342200994491577,0.4467121362686157,0.019067687913775444
github_issues::4539752456,0.0999917984008789,0.858705997467041,0.04130222648382187
github_issues::4538265419,0.41679441928863525,0.5537768602371216,0.02942870929837227
github_issues::4519551564,0.6333978176116943,0.3471863269805908,0.019415825605392456
github_issues::4518404807,0.2153749316930771,0.7307217717170715,0.05390328913927078
github_issues::4567660188,0.2571726441383362,0.7158915400505066,0.026935819536447525
github_issues::4568698381,0.3676299750804901,0.6127554774284363,0.01961447112262249
github_issues::4580719687,0.32512563467025757,0.6482827067375183,0.02659173123538494
github_issues::4605195451,0.018255922943353653,0.19969385862350464,0.7820501923561096
github_issues::4605050395,0.35025596618652344,0.6270259022712708,0.02271810732781887
github_issues::4604448016,0.3702246844768524,0.6083158850669861,0.021459409967064857
github_issues::4603266370,0.03445650264620781,0.8963747024536133,0.06916879862546921
github_issues::4601262459,0.42896777391433716,0.5519805550575256,0.019051693379878998
github_issues::4600519937,0.18544511497020721,0.7779569029808044,0.0365980863571167
github_issues::4589098262,0.42349785566329956,0.5344329476356506,0.04206917807459831
github_issues::4943869810,0.0340208001434803,0.8769863843917847,0.08899281919002533
github_issues::3190172148,0.38564467430114746,0.5826943516731262,0.03166100010275841
github_issues::4919764491,0.0911262184381485,0.871875524520874,0.036998242139816284
github_issues::4943487868,0.4205312132835388,0.557621955871582,0.021846875548362732
github_issues::4001245761,0.1442984789609909,0.823362410068512,0.032339151948690414
github_issues::4242547915,0.5430178642272949,0.43436598777770996,0.022616203874349594
github_issues::3866858004,0.44847509264945984,0.5332437753677368,0.018281063064932823
github_issues::3726158018,0.3581891357898712,0.6031466126441956,0.03866422548890114
github_issues::4829792883,0.22125139832496643,0.7592929005622864,0.019455723464488983
github_issues::4473344084,0.14925551414489746,0.8055078387260437,0.045236654579639435
github_issues::4553324085,0.11723314970731735,0.8226487636566162,0.06011802703142166
github_issues::4351183286,0.12824822962284088,0.8315728902816772,0.04017890617251396
github_issues::4897990489,0.38989001512527466,0.5905356407165527,0.019574323669075966
github_issues::4934602803,0.09470782428979874,0.8341190814971924,0.07117311656475067
github_issues::4930417236,0.6014776825904846,0.37676700949668884,0.02175520546734333
github_issues::4933907578,0.13120315968990326,0.832790732383728,0.036006052047014236
github_issues::4928221498,0.4597184956073761,0.5140364766120911,0.026245037093758583
github_issues::4930393746,0.23405690491199493,0.7409722805023193,0.02497079037129879
github_issues::4879561258,0.3325155973434448,0.6231750249862671,0.044309403747320175
github_issues::4933354637,0.36487746238708496,0.6124501824378967,0.022672336548566818
github_issues::4837084820,0.2327602654695511,0.7485532164573669,0.018686480820178986
github_issues::4109674769,0.2599647641181946,0.7176418304443359,0.02239334210753441
github_issues::4108560140,0.577512264251709,0.40744662284851074,0.015041131526231766
github_issues::3700082108,0.33046528697013855,0.6390987038612366,0.030436020344495773
github_issues::4537773981,0.4337749481201172,0.5460131168365479,0.020211895927786827
github_issues::4536890571,0.564516544342041,0.42109429836273193,0.014389165677130222
github_issues::4534726670,0.2287413626909256,0.7367309331893921,0.034527674317359924
github_issues::4532884138,0.14919878542423248,0.8127654194831848,0.03803582862019539
github_issues::4530708601,0.20091228187084198,0.7693712711334229,0.0297164935618639
github_issues::4528113191,0.530177116394043,0.44593915343284607,0.023883728310465813
github_issues::4526396329,0.773350179195404,0.21726103127002716,0.009388881735503674
github_issues::4522186372,0.39875638484954834,0.5789132118225098,0.02233043871819973
github_issues::4509298924,0.6656463146209717,0.31650978326797485,0.01784387417137623
github_issues::4505432076,0.8134394884109497,0.1749715954065323,0.011588968336582184
github_issues::4499359063,0.007208426017314196,0.7168418169021606,0.27594971656799316
github_issues::4484805441,0.16525830328464508,0.8009417057037354,0.0337999127805233
github_issues::4478893519,0.13456185162067413,0.8313142657279968,0.034123871475458145
github_issues::4477195353,0.2955358326435089,0.671728789806366,0.032735370099544525
github_issues::4446889170,0.43968695402145386,0.5365293025970459,0.023783674463629723
github_issues::4405933635,0.15732696652412415,0.8158650994300842,0.026807965710759163
github_issues::4388900564,0.6384671330451965,0.3465522825717926,0.014980501495301723
github_issues::433157743,0.180412158370018,0.7979877591133118,0.021600045263767242
github_issues::385733855,0.39453399181365967,0.5847269892692566,0.02073904126882553
github_issues::4754391849,0.3516336679458618,0.5974350571632385,0.05093120038509369
github_issues::4140788637,0.018559465184807777,0.8116954565048218,0.1697450429201126
github_issues::4435980585,0.2011857032775879,0.7477522492408752,0.05106203258037567
github_issues::4850110425,0.01351507194340229,0.34286800026893616,0.6436170339584351
github_issues::4681227263,0.2713402807712555,0.6961758732795715,0.03248388692736626
github_issues::3689055083,0.25326210260391235,0.7243764400482178,0.02236143872141838
github_issues::4944190385,0.14474725723266602,0.7970194816589355,0.058233264833688736
github_issues::3305423458,0.039524659514427185,0.7709295153617859,0.1895458996295929
github_issues::4944207236,0.2300175130367279,0.7441433072090149,0.025839228183031082
github_issues::4686485878,0.45099231600761414,0.5332958102226257,0.01571180485188961
github_issues::4281338037,0.11918291449546814,0.8405551314353943,0.04026190936565399
github_issues::4889942210,0.3603326678276062,0.6209078431129456,0.018759388476610184
github_issues::4809481408,0.420444130897522,0.5513356924057007,0.02822016179561615
github_issues::4869400743,0.2986800968647003,0.6782708168029785,0.023049024865031242
github_issues::4828489779,0.06050612032413483,0.9120851755142212,0.02740878239274025
github_issues::4872270242,0.7453688383102417,0.24173212051391602,0.012899043969810009
github_issues::4592517477,0.009100226685404778,0.817218542098999,0.17368118464946747
github_issues::4864752726,0.30661559104919434,0.6707677245140076,0.022616678848862648
github_issues::4866712285,0.07461165636777878,0.8832331895828247,0.042155083268880844
github_issues::4859622158,0.2902739644050598,0.6861397624015808,0.02358623407781124
github_issues::4525239390,0.035945992916822433,0.7801573276519775,0.18389663100242615
github_issues::4736244948,0.0585642084479332,0.9052218794822693,0.03621393442153931
github_issues::4850945827,0.3022425174713135,0.6747901439666748,0.02296736091375351
github_issues::4858314849,0.06351695209741592,0.9009580016136169,0.03552507609128952
github_issues::4675063993,0.1996859908103943,0.7589011788368225,0.04141281172633171
github_issues::4731634469,0.3114566206932068,0.6627327799797058,0.025810543447732925
github_issues::4881291204,0.06264952570199966,0.8789515495300293,0.05839884653687477
github_issues::4708953042,0.14398014545440674,0.8042493462562561,0.051770519465208054
github_issues::4862975392,0.21529683470726013,0.7503144145011902,0.034388817846775055
github_issues::4917182541,0.03038814291357994,0.9213328957557678,0.04827893525362015
github_issues::4883355936,0.2302573323249817,0.7373128533363342,0.032429810613393784
github_issues::4855755879,0.17774933576583862,0.7835683226585388,0.03868238627910614
github_issues::4627478686,0.22777724266052246,0.701245903968811,0.0709768757224083
github_issues::4385696710,0.17218126356601715,0.7822954654693604,0.0455232672393322
github_issues::4879922555,0.054213106632232666,0.898956298828125,0.046830665320158005
github_issues::4746347455,0.34353554248809814,0.6329157948493958,0.023548774421215057
github_issues::4543586119,0.19735226035118103,0.7550350427627563,0.04761267453432083
github_issues::4921151998,0.22240668535232544,0.7482587099075317,0.029334550723433495
github_issues::4940846442,0.23005448281764984,0.7383536100387573,0.031591884791851044
github_issues::4922854896,0.04659110680222511,0.90517657995224,0.048232302069664
github_issues::4738605887,0.406011700630188,0.5751879811286926,0.018800241872668266
github_issues::4933895517,0.2997133433818817,0.6821053624153137,0.018181294202804565
github_issues::4913213940,0.0526055172085762,0.8998870253562927,0.047507394105196
github_issues::4604033721,0.35921257734298706,0.6230741143226624,0.01771329529583454
github_issues::4912980470,0.16600380837917328,0.7881332635879517,0.04586298018693924
github_issues::4558307556,0.2896426022052765,0.6773682236671448,0.03298915922641754
github_issues::4921640416,0.18873240053653717,0.779183030128479,0.03208467364311218
github_issues::4131273431,0.14191636443138123,0.8060252070426941,0.05205841735005379
github_issues::4277399929,0.03863523527979851,0.9096012115478516,0.051763568073511124
github_issues::3259576138,0.5151011943817139,0.4555055797100067,0.029393214732408524
github_issues::3734428965,0.3777894973754883,0.5973479151725769,0.024862628430128098
github_issues::3947957875,0.3923672139644623,0.5855663418769836,0.022066457197070122
github_issues::4005989964,0.0912138968706131,0.8636382222175598,0.04514790698885918
github_issues::4922748277,0.33253905177116394,0.6488226652145386,0.018638331443071365
github_issues::3816256697,0.04378137364983559,0.8994306325912476,0.05678800493478775
stackoverflow::79983700,0.03112804889678955,0.8214667439460754,0.14740519225597382
stackoverflow::79983683,0.16690604388713837,0.7640539407730103,0.06904005259275436
stackoverflow::79983660,0.007519219070672989,0.7128326892852783,0.2796481251716614
stackoverflow::79983463,0.46478867530822754,0.46986284852027893,0.06534843891859055
stackoverflow::79983453,0.47395890951156616,0.508379340171814,0.0176616832613945
stackoverflow::79983401,0.04844579100608826,0.8495461940765381,0.10200802236795425
stackoverflow::79982279,0.592566967010498,0.39034304022789,0.017089925706386566
stackoverflow::79982262,0.38242167234420776,0.593018651008606,0.02455967664718628
stackoverflow::79982167,0.19296219944953918,0.7513059973716736,0.055731773376464844
stackoverflow::79982151,0.3519050180912018,0.5970656275749207,0.05102933570742607
stackoverflow::79981948,0.10582562536001205,0.8205665349960327,0.07360786199569702
stackoverflow::79981945,0.5325847864151001,0.434500515460968,0.03291469067335129
stackoverflow::79981864,0.5213669538497925,0.4606906473636627,0.01794242486357689
stackoverflow::79981548,0.5656566023826599,0.41987794637680054,0.014465458691120148
stackoverflow::79981415,0.019963476806879044,0.8815404772758484,0.09849612414836884
stackoverflow::79981313,0.3749060332775116,0.5953538417816162,0.02974003180861473
stackoverflow::79981298,0.4081246852874756,0.5704063177108765,0.021469000726938248
stackoverflow::79981288,0.04672926664352417,0.8906646370887756,0.06260612607002258
stackoverflow::79981272,0.02579137124121189,0.8939880132675171,0.0802205428481102
stackoverflow::79981231,0.15990978479385376,0.7848160266876221,0.05527421087026596
stackoverflow::79981091,0.6920201778411865,0.29233527183532715,0.01564454846084118
stackoverflow::79980948,0.1531592756509781,0.8059646487236023,0.04087613523006439
stackoverflow::79980928,0.3730714023113251,0.5990273356437683,0.02790122665464878
stackoverflow::79980857,0.16346555948257446,0.7955782413482666,0.04095623269677162
stackoverflow::79980765,0.34157630801200867,0.632656455039978,0.025767164304852486
stackoverflow::79980738,0.16720661520957947,0.7950642108917236,0.037729132920503616
stackoverflow::79980662,0.11642692238092422,0.7375751733779907,0.14599783718585968
stackoverflow::79980604,0.01849973015487194,0.9333394765853882,0.048160772770643234
stackoverflow::79980296,0.018670089542865753,0.3642299473285675,0.6171000003814697
stackoverflow::79980250,0.3940005302429199,0.5764642357826233,0.029535161331295967
stackoverflow::79980229,0.13168621063232422,0.6936799883842468,0.17463380098342896
stackoverflow::79980133,0.3314209580421448,0.6296343207359314,0.03894471377134323
stackoverflow::79980013,0.04476704075932503,0.7679110169410706,0.1873219609260559
stackoverflow::79980011,0.2507813274860382,0.6446557641029358,0.10456287860870361
stackoverflow::79979964,0.3496866822242737,0.6081709861755371,0.04214232414960861
stackoverflow::79979923,0.45264026522636414,0.5220991373062134,0.025260593742132187
stackoverflow::79979904,0.21032491326332092,0.707945704460144,0.08172943443059921
stackoverflow::79979832,0.13614487648010254,0.7547158598899841,0.10913927108049393
stackoverflow::79979802,0.1316022276878357,0.8329230546951294,0.03547470644116402
stackoverflow::79979700,0.4451654255390167,0.5350394248962402,0.019795114174485207
stackoverflow::79979630,0.0907130241394043,0.8668240904808044,0.04246281832456589
stackoverflow::79978441,0.1946762502193451,0.7702059745788574,0.03511778637766838
stackoverflow::79978420,0.03709309548139572,0.8748242259025574,0.0880827084183693
stackoverflow::79978322,0.03675481304526329,0.8433492183685303,0.1198960393667221
stackoverflow::79978196,0.5269409418106079,0.44847676157951355,0.024582302197813988
stackoverflow::79978178,0.010730868205428123,0.6808996796607971,0.3083694279193878
stackoverflow::79978051,0.029710065573453903,0.8649955987930298,0.10529429465532303
stackoverflow::79978031,0.11179203540086746,0.8038724064826965,0.08433553576469421
stackoverflow::79978014,0.1728716641664505,0.7783963680267334,0.04873201996088028
stackoverflow::79977983,0.08108630776405334,0.8556426763534546,0.0632709413766861
stackoverflow::79977788,0.6015528440475464,0.38132941722869873,0.017117707058787346
stackoverflow::79977781,0.045337408781051636,0.8336046934127808,0.12105787545442581
stackoverflow::79976495,0.011059915646910667,0.5878531336784363,0.4010869860649109
stackoverflow::79976459,0.13499915599822998,0.7921025156974792,0.07289834320545197
stackoverflow::79976430,0.02967832423746586,0.8323523998260498,0.13796930015087128
stackoverflow::79976417,0.014600508846342564,0.6210654377937317,0.3643340468406677
stackoverflow::79976404,0.3612733781337738,0.6131482124328613,0.025578375905752182
stackoverflow::79976399,0.022432511672377586,0.8966666460037231,0.0809008926153183
stackoverflow::79976387,0.5147395133972168,0.468237966299057,0.017022453248500824
stackoverflow::79975244,0.02632230892777443,0.8084385395050049,0.16523917019367218
stackoverflow::79975203,0.099550761282444,0.8008305430412292,0.09961866587400436
stackoverflow::79975004,0.04720035567879677,0.8461525440216064,0.10664709657430649
stackoverflow::79974980,0.05154934898018837,0.9055638909339905,0.042886700481176376
stackoverflow::79974767,0.028997190296649933,0.5874266028404236,0.3835761547088623
stackoverflow::79974723,0.2525859773159027,0.7137028574943542,0.03371115028858185
stackoverflow::79974564,0.0880066379904747,0.8333612680435181,0.07863205671310425
stackoverflow::79974467,0.08835127204656601,0.7991928458213806,0.11245585978031158
stackoverflow::79974413,0.006312201730906963,0.4656156897544861,0.5280721187591553
hackernews::49000210,0.6229568719863892,0.35695764422416687,0.02008538320660591
hackernews::49000117,0.23116014897823334,0.6967283487319946,0.07211145013570786
hackernews::49000099,0.0098591148853302,0.8165640830993652,0.17357675731182098
hackernews::49000096,0.012727070599794388,0.7975741624832153,0.18969877064228058
hackernews::49000091,0.08272764831781387,0.7425827980041504,0.1746896207332611
hackernews::49000045,0.017223823815584183,0.7588462829589844,0.22392988204956055
hackernews::49000007,0.10335452854633331,0.8601736426353455,0.03647172823548317
hackernews::49000003,0.053416408598423004,0.8414818644523621,0.1051018014550209
hackernews::48999936,0.09797284752130508,0.8045764565467834,0.09745080024003983
hackernews::48999841,0.165066197514534,0.7628971338272095,0.07203666865825653
hackernews::48999776,0.01119901705533266,0.7974685430526733,0.19133248925209045
hackernews::48999568,0.5335178375244141,0.4503035843372345,0.01617860049009323
hackernews::48999505,0.006557247135788202,0.19997331500053406,0.7934694290161133
hackernews::48999489,0.17892874777317047,0.7572066187858582,0.06386470049619675
hackernews::48999475,0.029200995340943336,0.922338604927063,0.048460349440574646
hackernews::48999444,0.010761302895843983,0.8219833374023438,0.16725528240203857
hackernews::48999423,0.22298142313957214,0.7397047877311707,0.03731383755803108
hackernews::48999357,0.024759501218795776,0.9190375208854675,0.05620298534631729
hackernews::48999315,0.0068010748364031315,0.6113847494125366,0.38181427121162415
hackernews::48999111,0.06285928189754486,0.8626419305801392,0.07449877262115479
hackernews::48999082,0.010421209037303925,0.8046691417694092,0.18490968644618988
hackernews::48999015,0.04358071833848953,0.8648570775985718,0.09156214445829391
hackernews::48998910,0.019758861511945724,0.9237869381904602,0.05645415559411049
hackernews::48998670,0.16769841313362122,0.7686789631843567,0.06362264603376389
hackernews::48998591,0.013308050110936165,0.30625486373901367,0.6804370880126953
hackernews::48998494,0.017438221722841263,0.7492879629135132,0.2332737147808075
hackernews::48998468,0.031836871057748795,0.9207895398139954,0.047373633831739426
hackernews::48997941,0.024173565208911896,0.7146270275115967,0.26119938492774963
arctic_shift::1v2z05o,0.09401196241378784,0.7572742700576782,0.1487138271331787
arctic_shift::1v2ylc3,0.30446499586105347,0.6491081714630127,0.04642684385180473
arctic_shift::1v2ybk1,0.7736927270889282,0.18383263051509857,0.042474664747714996
arctic_shift::1v2wx8n,0.012228692881762981,0.8130702376365662,0.17470107972621918
arctic_shift::1v2w9np,0.0053736744448542595,0.24763627350330353,0.7469899654388428
arctic_shift::1v2tv7p,0.012927554547786713,0.6504728198051453,0.3365996181964874
arctic_shift::1v2tr54,0.015762006863951683,0.6014466285705566,0.3827913701534271
arctic_shift::1v2nifn,0.7869192957878113,0.19452057778835297,0.01856015808880329
arctic_shift::1v2l4wl,0.599392831325531,0.37115147709846497,0.029455704614520073
arctic_shift::1v2jep5,0.0063781170174479485,0.4429861009120941,0.5506356954574585
arctic_shift::1v2j5q1,0.08456958830356598,0.7349566221237183,0.18047375977039337
arctic_shift::1v2ifjs,0.9105812907218933,0.08242381364107132,0.00699490075930953
arctic_shift::1v2hdz9,0.2774929404258728,0.633420467376709,0.08908652514219284
arctic_shift::1v2g897,0.0983232706785202,0.6601797342300415,0.2414970099925995
arctic_shift::1v2f704,0.014059233479201794,0.9423583149909973,0.04358244314789772
arctic_shift::1v298oq,0.33325818181037903,0.6264632344245911,0.04027857631444931
arctic_shift::1v27s4c,0.6674600839614868,0.28355294466018677,0.048986975103616714
arctic_shift::1v25y53,0.7003177404403687,0.2655962109565735,0.03408607468008995
arctic_shift::1v23m6y,0.05037565529346466,0.7195285558700562,0.23009568452835083
arctic_shift::1v22lsp,0.13765132427215576,0.718495786190033,0.1438528597354889
arctic_shift::1v22gre,0.33783507347106934,0.6438491940498352,0.018315773457288742
arctic_shift::1v1zxls,0.006210997235029936,0.9161641597747803,0.07762481272220612
arctic_shift::1v1zaob,0.09549027681350708,0.8221020698547363,0.08240760117769241
arctic_shift::1v1xj4e,0.03794277086853981,0.8336455821990967,0.12841171026229858
arctic_shift::1v1uq15,0.6183208227157593,0.3489780128002167,0.032701168209314346
arctic_shift::1v1u2ps,0.008062002249062061,0.9180428981781006,0.07389514148235321
arctic_shift::1v1tgv4,0.0075892298482358456,0.2970602810382843,0.6953504681587219
arctic_shift::1v1sh24,0.46652114391326904,0.46425995230674744,0.06921888142824173
arctic_shift::1v1rvls,0.7270623445510864,0.25254708528518677,0.02039055898785591
arctic_shift::1v1qnqu,0.1296662837266922,0.7811311483383179,0.08920257538557053
arctic_shift::1v2zktp,0.01133042760193348,0.7405357360839844,0.24813392758369446
arctic_shift::1v2y9z1,0.010889028199017048,0.7624695897102356,0.22664138674736023
arctic_shift::1v2y2kc,0.18523214757442474,0.7760898470878601,0.03867800533771515
arctic_shift::1v2oqc8,0.019494540989398956,0.9161393642425537,0.0643661841750145
arctic_shift::1v2axi3,0.011012758128345013,0.5752012729644775,0.4137859046459198
arctic_shift::1v24gfz,0.019233038648962975,0.9487479329109192,0.03201909735798836
arctic_shift::1v1o4br,0.8196819424629211,0.17022906243801117,0.010088896378874779
arctic_shift::1v1h3ed,0.04691145941615105,0.9197800159454346,0.03330858424305916
arctic_shift::1v1ga1p,0.015336759388446808,0.8170719146728516,0.16759136319160461
arctic_shift::1v1elk8,0.0885646864771843,0.8117168545722961,0.09971850365400314
arctic_shift::1v1dwhw,0.017579607665538788,0.27378883957862854,0.7086315155029297
arctic_shift::1v190af,0.028066731989383698,0.8316587805747986,0.14027445018291473
arctic_shift::1v173uf,0.17648427188396454,0.5467196106910706,0.2767960727214813
arctic_shift::1v2xktw,0.0150442561134696,0.9258854985237122,0.05907020345330238
arctic_shift::1v2mk0q,0.01584293320775032,0.923950731754303,0.060206301510334015
arctic_shift::1v2bs2k,0.32509684562683105,0.6482704281806946,0.02663261443376541
arctic_shift::1v2b8rd,0.1716827005147934,0.7564321756362915,0.07188514620065689
arctic_shift::1v216m1,0.01501754391938448,0.943795919418335,0.0411866270005703
arctic_shift::1v1qbl7,0.018322758376598358,0.7712488174438477,0.21042844653129578
arctic_shift::1v1ix2j,0.007063092663884163,0.918488621711731,0.07444827258586884
arctic_shift::1v1iiyp,0.013346645049750805,0.9319669008255005,0.05468645691871643
arctic_shift::1v1i26p,0.01374843344092369,0.7203214764595032,0.2659301459789276
arctic_shift::1v1hm7y,0.038945868611335754,0.8361359238624573,0.12491817027330399
arctic_shift::1v1fzuy,0.019065039232373238,0.885550856590271,0.09538419544696808
arctic_shift::1v14wki,0.03548926115036011,0.753371000289917,0.2111397534608841
arctic_shift::1v2xxlg,0.018530121073126793,0.9292842745780945,0.052185624837875366
arctic_shift::1v2u5ls,0.07558119297027588,0.8560209274291992,0.0683978796005249
arctic_shift::1v2qeh3,0.519446611404419,0.43491947650909424,0.04563385993242264
arctic_shift::1v2q98j,0.019677646458148956,0.1828000694513321,0.7975223660469055
arctic_shift::1v2odn7,0.07123827934265137,0.5714949369430542,0.35726678371429443
arctic_shift::1v2iw3n,0.019388819113373756,0.8289739489555359,0.1516372263431549
arctic_shift::1v2gu4e,0.037130068987607956,0.3988299071788788,0.5640400052070618
arctic_shift::1v2dm2g,0.055493783205747604,0.8356515765190125,0.10885462909936905
arctic_shift::1v2bp8r,0.6863492131233215,0.2957648038864136,0.017885971814393997
arctic_shift::1v2blw7,0.2042069435119629,0.6553824543952942,0.1404106318950653
arctic_shift::1v2ahft,0.008651124313473701,0.9387438893318176,0.052605025470256805
arctic_shift::1v2ad27,0.005481898318976164,0.7434156537055969,0.2511024475097656
arctic_shift::1v1003p,0.03595120087265968,0.8094953894615173,0.1545533388853073
arctic_shift::1v00rnh,0.21738548576831818,0.7048009037971497,0.07781364768743515
stackoverflow::79948695,0.04766570404171944,0.44361475110054016,0.5087195038795471
stackoverflow::79917862,0.8524904251098633,0.1400090903043747,0.007500505540519953
stackoverflow::79327621,0.7990390658378601,0.19015030562877655,0.010810677893459797
stackoverflow::79832798,0.12332500517368317,0.7311635613441467,0.1455114781856537
stackoverflow::79841763,0.555124044418335,0.42003291845321655,0.02484302408993244
stackoverflow::79434372,0.39793631434440613,0.5688303112983704,0.03323338180780411
stackoverflow::79965487,0.3056235909461975,0.5448498129844666,0.14952662587165833
stackoverflow::79720577,0.07693149894475937,0.8786265850067139,0.04444194957613945
stackoverflow::79717434,0.787932276725769,0.2022269070148468,0.009840844199061394
stackoverflow::79873559,0.3481661081314087,0.6156969666481018,0.036136943846940994
stackoverflow::79553495,0.19806326925754547,0.7729317545890808,0.029004938900470734
stackoverflow::79900825,0.0781395435333252,0.6816326975822449,0.2402278035879135
stackoverflow::79929371,0.39594489336013794,0.5364195108413696,0.06763563305139542
stackoverflow::79366942,0.19351425766944885,0.7681616544723511,0.038324110209941864
stackoverflow::79466958,0.7735663652420044,0.2177232950925827,0.00871027261018753
stackoverflow::79682468,0.20440524816513062,0.7529626488685608,0.042632076889276505
stackoverflow::79324837,0.4658091068267822,0.516841471195221,0.017349498346447945
stackoverflow::79498214,0.7335619926452637,0.25123241543769836,0.015205643139779568
stackoverflow::79592905,0.6202263236045837,0.3556898236274719,0.024083830416202545
stackoverflow::79781845,0.4912523329257965,0.482220858335495,0.02652677707374096
stackoverflow::79467744,0.5973924994468689,0.3833361268043518,0.019271425902843475
stackoverflow::79704522,0.0270171407610178,0.9026957154273987,0.07028709352016449
stackoverflow::79779878,0.2091914564371109,0.7529928088188171,0.037815727293491364
stackoverflow::79914227,0.022531379014253616,0.6997232437133789,0.27774542570114136
stackoverflow::79964882,0.5955061316490173,0.3804764747619629,0.024017328396439552
stackoverflow::79538511,0.008309904485940933,0.7293918132781982,0.2622983455657959
stackoverflow::79726515,0.3966329097747803,0.5798271298408508,0.023540029302239418
stackoverflow::79579035,0.713831901550293,0.271062433719635,0.015105592086911201
stackoverflow::79616295,0.1933474838733673,0.7577855587005615,0.04886690154671669
stackoverflow::79818917,0.3488616943359375,0.6121195554733276,0.03901875019073486
stackoverflow::79896876,0.2899106740951538,0.6812010407447815,0.028888318687677383
stackoverflow::79368095,0.37375494837760925,0.6105249524116516,0.015720073133707047
stackoverflow::79546910,0.23594237864017487,0.7300475835800171,0.03401000797748566
stackoverflow::79635270,0.7861624956130981,0.20429927110671997,0.009538247250020504
stackoverflow::79639673,0.14256569743156433,0.8210763931274414,0.03635802119970322
stackoverflow::79642080,0.09133093804121017,0.8552042841911316,0.05346474424004555
stackoverflow::79682150,0.025803152471780777,0.878875195980072,0.09532161056995392
stackoverflow::79891423,0.4610978364944458,0.5182031393051147,0.02069900557398796
stackoverflow::79888998,0.5184865593910217,0.4573555290699005,0.024157822132110596
stackoverflow::79320979,0.5781933069229126,0.4036683440208435,0.018138393759727478
stackoverflow::79336132,0.14122164249420166,0.803914487361908,0.054863832890987396
