record_id,custom_stress_label,custom_stress_probability,custom_stress_confidence,custom_stress_model
huggingface_uit-sentiment-dataset-reddit-2000-balanced::1kby1en,No stress,0.09621358553919877,0.9037864144608013,Calibrated Linear SVM
huggingface_uit-sentiment-dataset-reddit-2000-balanced::1kbym1e,No stress,0.32907881414980306,0.6709211858501969,Calibrated Linear SVM
huggingface_uit-sentiment-dataset-reddit-2000-balanced::1kchgyo,No stress,0.22503609416237366,0.7749639058376263,Calibrated Linear SVM
huggingface_uit-sentiment-dataset-reddit-2000-balanced::1kd9kcf,Stress,0.8418275470504265,0.8418275470504265,Calibrated Linear SVM
huggingface_uit-sentiment-dataset-reddit-2000-balanced::1kdqcjk,No stress,0.39987602126964,0.6001239787303599,Calibrated Linear SVM
huggingface_uit-sentiment-dataset-reddit-2000-balanced::1kdqqkp,No stress,0.15339360958603812,0.8466063904139619,Calibrated Linear SVM
huggingface_uit-sentiment-dataset-reddit-2000-balanced::1kdxwxp,Stress,0.6015757170833779,0.6015757170833779,Calibrated Linear SVM
huggingface_uit-sentiment-dataset-reddit-2000-balanced::1kenk4f,No stress,0.24510735037285114,0.7548926496271489,Calibrated Linear SVM
huggingface_uit-sentiment-dataset-reddit-2000-balanced::1keygyn,No stress,0.20777168412796743,0.7922283158720326,Calibrated Linear SVM
huggingface_uit-sentiment-dataset-reddit-2000-balanced::1kf4aqh,Stress,0.9193457338438705,0.9193457338438705,Calibrated Linear SVM
huggingface_uit-sentiment-dataset-reddit-2000-balanced::1kft58n,No stress,0.1727803507931027,0.8272196492068974,Calibrated Linear SVM
huggingface_uit-sentiment-dataset-reddit-2000-balanced::1kg7szt,Stress,0.8649596203621726,0.8649596203621726,Calibrated Linear SVM
huggingface_uit-sentiment-dataset-reddit-2000-balanced::1kgp6vc,No stress,0.13296214133239756,0.8670378586676023,Calibrated Linear SVM
huggingface_uit-sentiment-dataset-reddit-2000-balanced::1kht78d,Stress,0.5187484843307628,0.5187484843307628,Calibrated Linear SVM
huggingface_uit-sentiment-dataset-reddit-2000-balanced::1khtvha,No stress,0.4491650165934902,0.5508349834065099,Calibrated Linear SVM
huggingface_uit-sentiment-dataset-reddit-2000-balanced::1khtw2s,Stress,0.5051520710814938,0.5051520710814938,Calibrated Linear SVM
huggingface_uit-sentiment-dataset-reddit-2000-balanced::1ki0vl1,Stress,0.520822959889014,0.520822959889014,Calibrated Linear SVM
huggingface_uit-sentiment-dataset-reddit-2000-balanced::1kiaszq,No stress,0.06266942303829222,0.9373305769617079,Calibrated Linear SVM
huggingface_uit-sentiment-dataset-reddit-2000-balanced::1kjebwz,No stress,0.16469281400800215,0.8353071859919979,Calibrated Linear SVM
huggingface_uit-sentiment-dataset-reddit-2000-balanced::1kjoyrc,No stress,0.32462705789475793,0.6753729421052421,Calibrated Linear SVM
huggingface_uit-sentiment-dataset-reddit-2000-balanced::1kk4xo5,No stress,0.4884029444896467,0.5115970555103533,Calibrated Linear SVM
huggingface_uit-sentiment-dataset-reddit-2000-balanced::1kk9r81,No stress,0.29310215155347497,0.706897848446525,Calibrated Linear SVM
huggingface_uit-sentiment-dataset-reddit-2000-balanced::1klkxlj,No stress,0.18468081169843864,0.8153191883015612,Calibrated Linear SVM
huggingface_uit-sentiment-dataset-reddit-2000-balanced::1klnwun,Stress,0.7657264658168145,0.7657264658168145,Calibrated Linear SVM
huggingface_uit-sentiment-dataset-reddit-2000-balanced::1klsg3r,Stress,0.5942933411097638,0.5942933411097638,Calibrated Linear SVM
huggingface_uit-sentiment-dataset-reddit-2000-balanced::1kmcdyt,Stress,0.9486827536434044,0.9486827536434044,Calibrated Linear SVM
huggingface_uit-sentiment-dataset-reddit-2000-balanced::1kmd460,No stress,0.1357293454249745,0.8642706545750255,Calibrated Linear SVM
huggingface_uit-sentiment-dataset-reddit-2000-balanced::1kmjvba,No stress,0.11178297643108598,0.888217023568914,Calibrated Linear SVM
huggingface_uit-sentiment-dataset-reddit-2000-balanced::1knpq8z,Stress,0.5571860882499826,0.5571860882499826,Calibrated Linear SVM
huggingface_uit-sentiment-dataset-reddit-2000-balanced::1kouabz,Stress,0.9108605760433183,0.9108605760433183,Calibrated Linear SVM
huggingface_uit-sentiment-dataset-reddit-2000-balanced::1kozsd4,No stress,0.34921811805185227,0.6507818819481478,Calibrated Linear SVM
huggingface_uit-sentiment-dataset-reddit-2000-balanced::1kp2cok,Stress,0.8500195396858222,0.8500195396858222,Calibrated Linear SVM
huggingface_uit-sentiment-dataset-reddit-2000-balanced::1kq0m8a,No stress,0.31342255513047,0.68657744486953,Calibrated Linear SVM
huggingface_uit-sentiment-dataset-reddit-2000-balanced::1ks41bl,No stress,0.19151682330466302,0.808483176695337,Calibrated Linear SVM
huggingface_uit-sentiment-dataset-reddit-2000-balanced::1ks4nqu,No stress,0.31170110619271635,0.6882988938072837,Calibrated Linear SVM
huggingface_uit-sentiment-dataset-reddit-2000-balanced::1ksa2lh,No stress,0.1530944497776817,0.8469055502223183,Calibrated Linear SVM
huggingface_uit-sentiment-dataset-reddit-2000-balanced::1kscb9d,No stress,0.18455181747201052,0.8154481825279895,Calibrated Linear SVM
huggingface_uit-sentiment-dataset-reddit-2000-balanced::1ksnkqn,Stress,0.7602927994807146,0.7602927994807146,Calibrated Linear SVM
huggingface_uit-sentiment-dataset-reddit-2000-balanced::1ksvb3k,No stress,0.0658557231438375,0.9341442768561624,Calibrated Linear SVM
huggingface_uit-sentiment-dataset-reddit-2000-balanced::1ksvi1r,No stress,0.270707703529484,0.7292922964705161,Calibrated Linear SVM
huggingface_uit-sentiment-dataset-reddit-2000-balanced::1ksvj39,No stress,0.08674059984081696,0.9132594001591832,Calibrated Linear SVM
huggingface_uit-sentiment-dataset-reddit-2000-balanced::1ksvor8,No stress,0.17683236250425294,0.8231676374957471,Calibrated Linear SVM
huggingface_uit-sentiment-dataset-reddit-2000-balanced::1ksvqqt,No stress,0.16792730460267172,0.8320726953973283,Calibrated Linear SVM
huggingface_uit-sentiment-dataset-reddit-2000-balanced::1ksvu7c,No stress,0.15832398118198526,0.8416760188180148,Calibrated Linear SVM
huggingface_uit-sentiment-dataset-reddit-2000-balanced::1ksw3nj,No stress,0.16795855873302537,0.8320414412669747,Calibrated Linear SVM
huggingface_uit-sentiment-dataset-reddit-2000-balanced::1ksw3x2,Stress,0.8870468980861714,0.8870468980861714,Calibrated Linear SVM
huggingface_uit-sentiment-dataset-reddit-2000-balanced::1ksx49r,No stress,0.1893080379348753,0.8106919620651247,Calibrated Linear SVM
huggingface_uit-sentiment-dataset-reddit-2000-balanced::1ksx56g,Stress,0.9065965358196914,0.9065965358196914,Calibrated Linear SVM
huggingface_uit-sentiment-dataset-reddit-2000-balanced::1ksx70x,No stress,0.23607700444594396,0.7639229955540561,Calibrated Linear SVM
huggingface_uit-sentiment-dataset-reddit-2000-balanced::1ksxdl0,Stress,0.545431354001732,0.545431354001732,Calibrated Linear SVM
huggingface_uit-sentiment-dataset-reddit-2000-balanced::1ksxgl4,No stress,0.3951256195157386,0.6048743804842615,Calibrated Linear SVM
huggingface_uit-sentiment-dataset-reddit-2000-balanced::1ksy18g,No stress,0.2748800688012779,0.7251199311987221,Calibrated Linear SVM
huggingface_uit-sentiment-dataset-reddit-2000-balanced::1ksy5pr,No stress,0.04751859385614498,0.9524814061438551,Calibrated Linear SVM
huggingface_uit-sentiment-dataset-reddit-2000-balanced::1ksylxq,No stress,0.06080430096604133,0.9391956990339586,Calibrated Linear SVM
huggingface_uit-sentiment-dataset-reddit-2000-balanced::1ksyqo9,No stress,0.2859642453022391,0.714035754697761,Calibrated Linear SVM
huggingface_uit-sentiment-dataset-reddit-2000-balanced::1kszxmj,No stress,0.3542690062677086,0.6457309937322914,Calibrated Linear SVM
huggingface_uit-sentiment-dataset-reddit-2000-balanced::1kt26hn,No stress,0.30443249650516924,0.6955675034948308,Calibrated Linear SVM
huggingface_uit-sentiment-dataset-reddit-2000-balanced::1kt4ea2,Stress,0.9827335293889123,0.9827335293889123,Calibrated Linear SVM
huggingface_uit-sentiment-dataset-reddit-2000-balanced::1kt7whv,No stress,0.14202247255595513,0.8579775274440449,Calibrated Linear SVM
huggingface_uit-sentiment-dataset-reddit-2000-balanced::1kt9jxq,Stress,0.6675778834584083,0.6675778834584083,Calibrated Linear SVM
huggingface_uit-sentiment-dataset-reddit-2000-balanced::1kta3re,Stress,0.7363628584684023,0.7363628584684023,Calibrated Linear SVM
huggingface_uit-sentiment-dataset-reddit-2000-balanced::1ktana7,No stress,0.3666823222515995,0.6333176777484005,Calibrated Linear SVM
huggingface_uit-sentiment-dataset-reddit-2000-balanced::1ktcqub,No stress,0.29927369281017596,0.7007263071898241,Calibrated Linear SVM
huggingface_uit-sentiment-dataset-reddit-2000-balanced::1kteolc,Stress,0.915102843085139,0.915102843085139,Calibrated Linear SVM
huggingface_uit-sentiment-dataset-reddit-2000-balanced::1ktk1iw,No stress,0.3493838214662879,0.6506161785337121,Calibrated Linear SVM
huggingface_uit-sentiment-dataset-reddit-2000-balanced::1ktluek,Stress,0.518977108925006,0.518977108925006,Calibrated Linear SVM
huggingface_uit-sentiment-dataset-reddit-2000-balanced::1ktmrxh,No stress,0.18760275727618272,0.8123972427238173,Calibrated Linear SVM
huggingface_uit-sentiment-dataset-reddit-2000-balanced::1ktpjec,No stress,0.1586847997512789,0.8413152002487211,Calibrated Linear SVM
huggingface_uit-sentiment-dataset-reddit-2000-balanced::1ktssg6,No stress,0.1070347390468927,0.8929652609531074,Calibrated Linear SVM
huggingface_uit-sentiment-dataset-reddit-2000-balanced::1ktt15l,No stress,0.29000598242932246,0.7099940175706777,Calibrated Linear SVM
huggingface_uit-sentiment-dataset-reddit-2000-balanced::1kttk50,No stress,0.4624962943280208,0.5375037056719792,Calibrated Linear SVM
huggingface_uit-sentiment-dataset-reddit-2000-balanced::1ktudaj,Stress,0.5931379796709055,0.5931379796709055,Calibrated Linear SVM
huggingface_uit-sentiment-dataset-reddit-2000-balanced::1ktyd7g,Stress,0.5459637262361533,0.5459637262361533,Calibrated Linear SVM
huggingface_uit-sentiment-dataset-reddit-2000-balanced::1ktye6u,Stress,0.9557845379775115,0.9557845379775115,Calibrated Linear SVM
huggingface_uit-sentiment-dataset-reddit-2000-balanced::1ku1h12,Stress,0.5868978876185919,0.5868978876185919,Calibrated Linear SVM
huggingface_uit-sentiment-dataset-reddit-2000-balanced::1ku2jb3,No stress,0.4884377542494816,0.5115622457505183,Calibrated Linear SVM
huggingface_uit-sentiment-dataset-reddit-2000-balanced::1ku4q5a,No stress,0.18253372608519328,0.8174662739148068,Calibrated Linear SVM
huggingface_uit-sentiment-dataset-reddit-2000-balanced::1ku6v30,Stress,0.8850579807132585,0.8850579807132585,Calibrated Linear SVM
huggingface_uit-sentiment-dataset-reddit-2000-balanced::1kudioh,Stress,0.7327971171726532,0.7327971171726532,Calibrated Linear SVM
huggingface_uit-sentiment-dataset-reddit-2000-balanced::1kuidrk,No stress,0.17068219275020313,0.8293178072497968,Calibrated Linear SVM
huggingface_uit-sentiment-dataset-reddit-2000-balanced::1kv79ss,Stress,0.6726267806179366,0.6726267806179366,Calibrated Linear SVM
huggingface_uit-sentiment-dataset-reddit-2000-balanced::1kvknfy,No stress,0.4223820365929132,0.5776179634070868,Calibrated Linear SVM
huggingface_uit-sentiment-dataset-reddit-2000-balanced::1kvlmpt,No stress,0.023506049124501983,0.976493950875498,Calibrated Linear SVM
huggingface_uit-sentiment-dataset-reddit-2000-balanced::1kvlr59,No stress,0.48572583754059623,0.5142741624594037,Calibrated Linear SVM
huggingface_uit-sentiment-dataset-reddit-2000-balanced::1kvqgpv,No stress,0.47654266931350836,0.5234573306864917,Calibrated Linear SVM
huggingface_uit-sentiment-dataset-reddit-2000-balanced::1kvx7fa,No stress,0.0736149867108547,0.9263850132891452,Calibrated Linear SVM
huggingface_uit-sentiment-dataset-reddit-2000-balanced::1kw24tk,Stress,0.8633649720705594,0.8633649720705594,Calibrated Linear SVM
huggingface_uit-sentiment-dataset-reddit-2000-balanced::1kwjl76,Stress,0.7389003928582382,0.7389003928582382,Calibrated Linear SVM
huggingface_uit-sentiment-dataset-reddit-2000-balanced::1kwq54v,Stress,0.6676142163608833,0.6676142163608833,Calibrated Linear SVM
huggingface_uit-sentiment-dataset-reddit-2000-balanced::1kwucpn,Stress,0.7396633045328898,0.7396633045328898,Calibrated Linear SVM
huggingface_uit-sentiment-dataset-reddit-2000-balanced::1kwxrjz,No stress,0.0991705754419973,0.9008294245580027,Calibrated Linear SVM
huggingface_uit-sentiment-dataset-reddit-2000-balanced::1kwypd0,No stress,0.027337709635769498,0.9726622903642305,Calibrated Linear SVM
huggingface_uit-sentiment-dataset-reddit-2000-balanced::1kx0amy,Stress,0.8182638860261428,0.8182638860261428,Calibrated Linear SVM
huggingface_uit-sentiment-dataset-reddit-2000-balanced::1kx896q,No stress,0.08183698143488578,0.9181630185651142,Calibrated Linear SVM
huggingface_uit-sentiment-dataset-reddit-2000-balanced::1kxd1so,No stress,0.32270922985644496,0.677290770143555,Calibrated Linear SVM
huggingface_uit-sentiment-dataset-reddit-2000-balanced::1kxll6n,Stress,0.7406673313793872,0.7406673313793872,Calibrated Linear SVM
huggingface_uit-sentiment-dataset-reddit-2000-balanced::1kxmgtr,No stress,0.17883752980219278,0.8211624701978072,Calibrated Linear SVM
huggingface_uit-sentiment-dataset-reddit-2000-balanced::1kxnrcd,No stress,0.05506091734825617,0.9449390826517439,Calibrated Linear SVM
huggingface_uit-sentiment-dataset-reddit-2000-balanced::1kxnyun,Stress,0.5330122177252987,0.5330122177252987,Calibrated Linear SVM
huggingface_uit-sentiment-dataset-reddit-2000-balanced::1kxqpoc,No stress,0.3918420283673509,0.6081579716326492,Calibrated Linear SVM
huggingface_uit-sentiment-dataset-reddit-2000-balanced::1kxybgo,No stress,0.10834226387316481,0.8916577361268351,Calibrated Linear SVM
huggingface_uit-sentiment-dataset-reddit-2000-balanced::1ky3x8f,No stress,0.23363903719858567,0.7663609628014143,Calibrated Linear SVM
huggingface_uit-sentiment-dataset-reddit-2000-balanced::1kyca0p,Stress,0.5383231652328342,0.5383231652328342,Calibrated Linear SVM
huggingface_uit-sentiment-dataset-reddit-2000-balanced::1kyimt5,No stress,0.20856687634081392,0.7914331236591862,Calibrated Linear SVM
huggingface_uit-sentiment-dataset-reddit-2000-balanced::1kyt62c,No stress,0.23658555896335778,0.7634144410366422,Calibrated Linear SVM
huggingface_uit-sentiment-dataset-reddit-2000-balanced::1kz1mcp,No stress,0.19867409601057195,0.801325903989428,Calibrated Linear SVM
huggingface_uit-sentiment-dataset-reddit-2000-balanced::1kzf9nl,Stress,0.5108854488320246,0.5108854488320246,Calibrated Linear SVM
huggingface_uit-sentiment-dataset-reddit-2000-balanced::1kzgt5q,No stress,0.18846398128211175,0.8115360187178883,Calibrated Linear SVM
huggingface_uit-sentiment-dataset-reddit-2000-balanced::1kzjc9b,No stress,0.4036947037196641,0.5963052962803359,Calibrated Linear SVM
huggingface_uit-sentiment-dataset-reddit-2000-balanced::1kzxh04,No stress,0.06921246741247834,0.9307875325875216,Calibrated Linear SVM
huggingface_uit-sentiment-dataset-reddit-2000-balanced::1kzz7t4,No stress,0.41300915345449135,0.5869908465455086,Calibrated Linear SVM
huggingface_uit-sentiment-dataset-reddit-2000-balanced::1l03btj,No stress,0.13880207189433158,0.8611979281056684,Calibrated Linear SVM
huggingface_uit-sentiment-dataset-reddit-2000-balanced::1l0qz64,Stress,0.5346830147094005,0.5346830147094005,Calibrated Linear SVM
huggingface_uit-sentiment-dataset-reddit-2000-balanced::1l1dpic,Stress,0.5393572179863207,0.5393572179863207,Calibrated Linear SVM
huggingface_uit-sentiment-dataset-reddit-2000-balanced::1l1l0ow,No stress,0.1980161417546634,0.8019838582453366,Calibrated Linear SVM
huggingface_uit-sentiment-dataset-reddit-2000-balanced::1l1w4fb,No stress,0.10282857459413652,0.8971714254058635,Calibrated Linear SVM
huggingface_uit-sentiment-dataset-reddit-2000-balanced::1l2nz4t,No stress,0.26775938935163335,0.7322406106483667,Calibrated Linear SVM
huggingface_uit-sentiment-dataset-reddit-2000-balanced::1l2vh87,No stress,0.28171142086471523,0.7182885791352849,Calibrated Linear SVM
huggingface_uit-sentiment-dataset-reddit-2000-balanced::1l3edw8,No stress,0.10657655098735236,0.8934234490126477,Calibrated Linear SVM
huggingface_uit-sentiment-dataset-reddit-2000-balanced::1l3pyhq,No stress,0.1018092806575364,0.8981907193424635,Calibrated Linear SVM
huggingface_uit-sentiment-dataset-reddit-2000-balanced::1l3q336,No stress,0.058545781303648604,0.9414542186963514,Calibrated Linear SVM
huggingface_uit-sentiment-dataset-reddit-2000-balanced::1l3susp,No stress,0.39155088732534343,0.6084491126746566,Calibrated Linear SVM
huggingface_uit-sentiment-dataset-reddit-2000-balanced::1l69bok,No stress,0.1762457909221206,0.8237542090778794,Calibrated Linear SVM
huggingface_uit-sentiment-dataset-reddit-2000-balanced::1l73qx3,No stress,0.22672563699797788,0.7732743630020221,Calibrated Linear SVM
huggingface_uit-sentiment-dataset-reddit-2000-balanced::1l7khnj,No stress,0.4250881807195221,0.5749118192804779,Calibrated Linear SVM
huggingface_uit-sentiment-dataset-reddit-2000-balanced::1l7o0ut,Stress,0.9099281619955925,0.9099281619955925,Calibrated Linear SVM
huggingface_uit-sentiment-dataset-reddit-2000-balanced::1l7x3yz,Stress,0.9770804237935914,0.9770804237935914,Calibrated Linear SVM
huggingface_uit-sentiment-dataset-reddit-2000-balanced::1l8l63d,Stress,0.9497741098939988,0.9497741098939988,Calibrated Linear SVM
huggingface_uit-sentiment-dataset-reddit-2000-balanced::1l8x2qk,Stress,0.9316037848401112,0.9316037848401112,Calibrated Linear SVM
huggingface_uit-sentiment-dataset-reddit-2000-balanced::1l9o8m9,No stress,0.107176045479959,0.892823954520041,Calibrated Linear SVM
huggingface_uit-sentiment-dataset-reddit-2000-balanced::1la4qnt,Stress,0.603219547486089,0.603219547486089,Calibrated Linear SVM
huggingface_uit-sentiment-dataset-reddit-2000-balanced::1labaqn,No stress,0.46758686176717784,0.5324131382328222,Calibrated Linear SVM
huggingface_uit-sentiment-dataset-reddit-2000-balanced::1laip79,No stress,0.1656878071517518,0.8343121928482482,Calibrated Linear SVM
huggingface_uit-sentiment-dataset-reddit-2000-balanced::1laiz7b,No stress,0.4848247784186592,0.5151752215813408,Calibrated Linear SVM
huggingface_uit-sentiment-dataset-reddit-2000-balanced::1largh7,Stress,0.8737701160943221,0.8737701160943221,Calibrated Linear SVM
huggingface_uit-sentiment-dataset-reddit-2000-balanced::1lb63j3,Stress,0.9077413408121316,0.9077413408121316,Calibrated Linear SVM
huggingface_uit-sentiment-dataset-reddit-2000-balanced::1lbrt2z,Stress,0.9605350423000111,0.9605350423000111,Calibrated Linear SVM
huggingface_uit-sentiment-dataset-reddit-2000-balanced::1ldayo0,No stress,0.14860393854900147,0.8513960614509984,Calibrated Linear SVM
huggingface_uit-sentiment-dataset-reddit-2000-balanced::1ldledk,No stress,0.2904182342341291,0.7095817657658708,Calibrated Linear SVM
huggingface_uit-sentiment-dataset-reddit-2000-balanced::1ldsgf1,No stress,0.3646168170054746,0.6353831829945255,Calibrated Linear SVM
huggingface_uit-sentiment-dataset-reddit-2000-balanced::1ldv6jb,No stress,0.0977215963550676,0.9022784036449325,Calibrated Linear SVM
huggingface_uit-sentiment-dataset-reddit-2000-balanced::1ldvqn5,Stress,0.5035904647966972,0.5035904647966972,Calibrated Linear SVM
huggingface_uit-sentiment-dataset-reddit-2000-balanced::1ldvsuc,Stress,0.5104470837675498,0.5104470837675498,Calibrated Linear SVM
huggingface_uit-sentiment-dataset-reddit-2000-balanced::1leac4b,No stress,0.252418284954066,0.747581715045934,Calibrated Linear SVM
huggingface_uit-sentiment-dataset-reddit-2000-balanced::1lf354a,Stress,0.8240381463881343,0.8240381463881343,Calibrated Linear SVM
huggingface_uit-sentiment-dataset-reddit-2000-balanced::1lg5jpx,Stress,0.9088365796019865,0.9088365796019865,Calibrated Linear SVM
huggingface_uit-sentiment-dataset-reddit-2000-balanced::1lgn6es,Stress,0.5397855592956845,0.5397855592956845,Calibrated Linear SVM
huggingface_uit-sentiment-dataset-reddit-2000-balanced::1lgov6y,No stress,0.2254173218610124,0.7745826781389876,Calibrated Linear SVM
huggingface_uit-sentiment-dataset-reddit-2000-balanced::1lh0bdk,No stress,0.18422220125246727,0.8157777987475328,Calibrated Linear SVM
huggingface_uit-sentiment-dataset-reddit-2000-balanced::1lh0jse,No stress,0.4658523073967318,0.5341476926032683,Calibrated Linear SVM
huggingface_uit-sentiment-dataset-reddit-2000-balanced::1lh0vgb,No stress,0.27086298804571296,0.729137011954287,Calibrated Linear SVM
huggingface_uit-sentiment-dataset-reddit-2000-balanced::1lh3ai4,Stress,0.8724532174642703,0.8724532174642703,Calibrated Linear SVM
huggingface_uit-sentiment-dataset-reddit-2000-balanced::1lhu0yu,No stress,0.34543279748315175,0.6545672025168482,Calibrated Linear SVM
huggingface_uit-sentiment-dataset-reddit-2000-balanced::1lhx0c9,Stress,0.5146883354369135,0.5146883354369135,Calibrated Linear SVM
huggingface_uit-sentiment-dataset-reddit-2000-balanced::1lie4f1,Stress,0.5714411574975199,0.5714411574975199,Calibrated Linear SVM
huggingface_uit-sentiment-dataset-reddit-2000-balanced::1ljcxg9,No stress,0.08562648063383539,0.9143735193661646,Calibrated Linear SVM
huggingface_uit-sentiment-dataset-reddit-2000-balanced::1ljdz52,No stress,0.19454432122958396,0.8054556787704161,Calibrated Linear SVM
huggingface_uit-sentiment-dataset-reddit-2000-balanced::1ljgc01,No stress,0.08524866791341718,0.9147513320865829,Calibrated Linear SVM
huggingface_uit-sentiment-dataset-reddit-2000-balanced::1ljjaeu,No stress,0.31558436292665526,0.6844156370733447,Calibrated Linear SVM
huggingface_uit-sentiment-dataset-reddit-2000-balanced::1lk4z49,No stress,0.2384077242849095,0.7615922757150905,Calibrated Linear SVM
huggingface_uit-sentiment-dataset-reddit-2000-balanced::1lkhgj4,Stress,0.6659944225597979,0.6659944225597979,Calibrated Linear SVM
huggingface_uit-sentiment-dataset-reddit-2000-balanced::1lkmbib,No stress,0.21515303776058392,0.7848469622394161,Calibrated Linear SVM
huggingface_uit-sentiment-dataset-reddit-2000-balanced::1ll3an2,No stress,0.29123043588088626,0.7087695641191137,Calibrated Linear SVM
huggingface_uit-sentiment-dataset-reddit-2000-balanced::1ll3lpx,No stress,0.4879799044252402,0.5120200955747598,Calibrated Linear SVM
huggingface_uit-sentiment-dataset-reddit-2000-balanced::1ll8lyv,No stress,0.15112837628554765,0.8488716237144525,Calibrated Linear SVM
huggingface_uit-sentiment-dataset-reddit-2000-balanced::1lly0dl,No stress,0.13015460406973736,0.8698453959302627,Calibrated Linear SVM
huggingface_uit-sentiment-dataset-reddit-2000-balanced::1lm19lq,No stress,0.2902596469933783,0.7097403530066216,Calibrated Linear SVM
huggingface_uit-sentiment-dataset-reddit-2000-balanced::1lm1ec3,No stress,0.2982228987829992,0.7017771012170009,Calibrated Linear SVM
huggingface_uit-sentiment-dataset-reddit-2000-balanced::1lmox2e,No stress,0.41958617756087774,0.5804138224391223,Calibrated Linear SVM
huggingface_uit-sentiment-dataset-reddit-2000-balanced::1lmrmnz,No stress,0.20536966873671306,0.7946303312632869,Calibrated Linear SVM
huggingface_uit-sentiment-dataset-reddit-2000-balanced::1lmvfp2,No stress,0.09896926324027501,0.9010307367597249,Calibrated Linear SVM
huggingface_uit-sentiment-dataset-reddit-2000-balanced::1ln4tw0,No stress,0.19115691371199448,0.8088430862880056,Calibrated Linear SVM
huggingface_uit-sentiment-dataset-reddit-2000-balanced::1lncsag,Stress,0.9265423297468924,0.9265423297468924,Calibrated Linear SVM
huggingface_uit-sentiment-dataset-reddit-2000-balanced::1lnmwfs,No stress,0.18601774286521108,0.8139822571347889,Calibrated Linear SVM
huggingface_uit-sentiment-dataset-reddit-2000-balanced::1lnquzb,Stress,0.744971729885397,0.744971729885397,Calibrated Linear SVM
huggingface_uit-sentiment-dataset-reddit-2000-balanced::1lnsax9,Stress,0.6159220365957057,0.6159220365957057,Calibrated Linear SVM
huggingface_uit-sentiment-dataset-reddit-2000-balanced::1lnzg0d,No stress,0.09142034397769792,0.9085796560223022,Calibrated Linear SVM
huggingface_uit-sentiment-dataset-reddit-2000-balanced::1lpz355,Stress,0.9443800287509964,0.9443800287509964,Calibrated Linear SVM
huggingface_uit-sentiment-dataset-reddit-2000-balanced::1lq2i2m,No stress,0.45105313912259365,0.5489468608774063,Calibrated Linear SVM
huggingface_uit-sentiment-dataset-reddit-2000-balanced::1lq5wmh,Stress,0.5457584337711899,0.5457584337711899,Calibrated Linear SVM
huggingface_uit-sentiment-dataset-reddit-2000-balanced::1lqu8q7,No stress,0.1845186670457676,0.8154813329542323,Calibrated Linear SVM
huggingface_uit-sentiment-dataset-reddit-2000-balanced::1lrgomi,Stress,0.6441073013224273,0.6441073013224273,Calibrated Linear SVM
huggingface_uit-sentiment-dataset-reddit-2000-balanced::1lrlmco,Stress,0.7289774771457496,0.7289774771457496,Calibrated Linear SVM
huggingface_uit-sentiment-dataset-reddit-2000-balanced::1lrq827,No stress,0.29611780275486527,0.7038821972451347,Calibrated Linear SVM
huggingface_uit-sentiment-dataset-reddit-2000-balanced::1ls6tc7,No stress,0.3951992303634045,0.6048007696365955,Calibrated Linear SVM
huggingface_uit-sentiment-dataset-reddit-2000-balanced::1ls6u7p,No stress,0.3951992303634045,0.6048007696365955,Calibrated Linear SVM
huggingface_uit-sentiment-dataset-reddit-2000-balanced::1lsw9vz,Stress,0.7327797716455451,0.7327797716455451,Calibrated Linear SVM
huggingface_uit-sentiment-dataset-reddit-2000-balanced::1ltqsbz,No stress,0.24352737137596556,0.7564726286240345,Calibrated Linear SVM
huggingface_uit-sentiment-dataset-reddit-2000-balanced::1luah7l,Stress,0.9061991411870499,0.9061991411870499,Calibrated Linear SVM
huggingface_uit-sentiment-dataset-reddit-2000-balanced::1luytx2,No stress,0.2581866902358893,0.7418133097641108,Calibrated Linear SVM
huggingface_uit-sentiment-dataset-reddit-2000-balanced::1lw4ywb,No stress,0.442050201276946,0.5579497987230541,Calibrated Linear SVM
huggingface_uit-sentiment-dataset-reddit-2000-balanced::1lwhy37,Stress,0.768414430997383,0.768414430997383,Calibrated Linear SVM
huggingface_uit-sentiment-dataset-reddit-2000-balanced::1lwjsas,Stress,0.9761700190434205,0.9761700190434205,Calibrated Linear SVM
huggingface_uit-sentiment-dataset-reddit-2000-balanced::1lx32mx,No stress,0.22745616324189866,0.7725438367581013,Calibrated Linear SVM
huggingface_uit-sentiment-dataset-reddit-2000-balanced::1ly69ky,Stress,0.6807188901197732,0.6807188901197732,Calibrated Linear SVM
huggingface_uit-sentiment-dataset-reddit-2000-balanced::1lyk7az,Stress,0.9101547094457926,0.9101547094457926,Calibrated Linear SVM
huggingface_uit-sentiment-dataset-reddit-2000-balanced::1lyw5u2,No stress,0.4653258496982459,0.5346741503017541,Calibrated Linear SVM
huggingface_uit-sentiment-dataset-reddit-2000-balanced::1lyzqzg,Stress,0.794399773087681,0.794399773087681,Calibrated Linear SVM
huggingface_uit-sentiment-dataset-reddit-2000-balanced::1lz8i84,No stress,0.4991082941152236,0.5008917058847764,Calibrated Linear SVM
huggingface_uit-sentiment-dataset-reddit-2000-balanced::1m09bzn,Stress,0.8718180205654994,0.8718180205654994,Calibrated Linear SVM
huggingface_uit-sentiment-dataset-reddit-2000-balanced::1m0lyjn,Stress,0.7511395483372229,0.7511395483372229,Calibrated Linear SVM
huggingface_uit-sentiment-dataset-reddit-2000-balanced::1m1x2qz,No stress,0.3387396819265571,0.6612603180734429,Calibrated Linear SVM
huggingface_uit-sentiment-dataset-reddit-2000-balanced::1m2oxfz,Stress,0.64294759068649,0.64294759068649,Calibrated Linear SVM
huggingface_uit-sentiment-dataset-reddit-2000-balanced::1m2r7w6,Stress,0.8050574427656875,0.8050574427656875,Calibrated Linear SVM
huggingface_uit-sentiment-dataset-reddit-2000-balanced::1m2visz,Stress,0.8821380062246948,0.8821380062246948,Calibrated Linear SVM
huggingface_uit-sentiment-dataset-reddit-2000-balanced::1m3caha,Stress,0.7312385004920484,0.7312385004920484,Calibrated Linear SVM
huggingface_uit-sentiment-dataset-reddit-2000-balanced::1m4mscs,No stress,0.4067714810047976,0.5932285189952023,Calibrated Linear SVM
huggingface_uit-sentiment-dataset-reddit-2000-balanced::1m5e9me,Stress,0.5424644422811744,0.5424644422811744,Calibrated Linear SVM
huggingface_uit-sentiment-dataset-reddit-2000-balanced::1m5fwpz,No stress,0.21402568287146037,0.7859743171285397,Calibrated Linear SVM
huggingface_uit-sentiment-dataset-reddit-2000-balanced::1m5k5di,Stress,0.9346536941998989,0.9346536941998989,Calibrated Linear SVM
huggingface_uit-sentiment-dataset-reddit-2000-balanced::1m6b0kp,No stress,0.3495828097172111,0.6504171902827889,Calibrated Linear SVM
huggingface_uit-sentiment-dataset-reddit-2000-balanced::1m6fdyo,No stress,0.2906491901224146,0.7093508098775855,Calibrated Linear SVM
huggingface_uit-sentiment-dataset-reddit-2000-balanced::1m6wq77,Stress,0.9121621495589013,0.9121621495589013,Calibrated Linear SVM
huggingface_uit-sentiment-dataset-reddit-2000-balanced::1m75v7u,No stress,0.1367565548163068,0.8632434451836932,Calibrated Linear SVM
huggingface_uit-sentiment-dataset-reddit-2000-balanced::1m79sp9,No stress,0.1789250353383317,0.8210749646616683,Calibrated Linear SVM
huggingface_uit-sentiment-dataset-reddit-2000-balanced::1m7ci3s,No stress,0.4311440353254652,0.5688559646745348,Calibrated Linear SVM
huggingface_uit-sentiment-dataset-reddit-2000-balanced::1m7e5pi,Stress,0.5492096990363499,0.5492096990363499,Calibrated Linear SVM
huggingface_uit-sentiment-dataset-reddit-2000-balanced::1m7fiq6,No stress,0.02907357065323397,0.970926429346766,Calibrated Linear SVM
huggingface_uit-sentiment-dataset-reddit-2000-balanced::1m7g5sk,No stress,0.28276215647654906,0.717237843523451,Calibrated Linear SVM
huggingface_uit-sentiment-dataset-reddit-2000-balanced::1m7kz8s,No stress,0.4725648715431576,0.5274351284568423,Calibrated Linear SVM
huggingface_uit-sentiment-dataset-reddit-2000-balanced::1m82lwo,No stress,0.2824605895190094,0.7175394104809906,Calibrated Linear SVM
huggingface_uit-sentiment-dataset-reddit-2000-balanced::1m8pvgn,No stress,0.11943927556089608,0.8805607244391039,Calibrated Linear SVM
huggingface_uit-sentiment-dataset-reddit-2000-balanced::1m8wi62,No stress,0.26137134073608803,0.7386286592639119,Calibrated Linear SVM
huggingface_uit-sentiment-dataset-reddit-2000-balanced::1m8z2ut,No stress,0.14322022327111644,0.8567797767288835,Calibrated Linear SVM
huggingface_uit-sentiment-dataset-reddit-2000-balanced::1m9ciym,Stress,0.867385534630286,0.867385534630286,Calibrated Linear SVM
huggingface_uit-sentiment-dataset-reddit-2000-balanced::1m9nwk7,Stress,0.842791914157508,0.842791914157508,Calibrated Linear SVM
huggingface_uit-sentiment-dataset-reddit-2000-balanced::1m9xwo5,No stress,0.1851603698064946,0.8148396301935054,Calibrated Linear SVM
huggingface_uit-sentiment-dataset-reddit-2000-balanced::1m9yhcd,Stress,0.8177617175572388,0.8177617175572388,Calibrated Linear SVM
huggingface_uit-sentiment-dataset-reddit-2000-balanced::1ma2ayu,No stress,0.47151337344980354,0.5284866265501965,Calibrated Linear SVM
huggingface_uit-sentiment-dataset-reddit-2000-balanced::1ma5dmr,No stress,0.3211409364719534,0.6788590635280466,Calibrated Linear SVM
huggingface_uit-sentiment-dataset-reddit-2000-balanced::1macmej,Stress,0.8632360344819748,0.8632360344819748,Calibrated Linear SVM
huggingface_uit-sentiment-dataset-reddit-2000-balanced::1madd81,Stress,0.6153901505195141,0.6153901505195141,Calibrated Linear SVM
huggingface_uit-sentiment-dataset-reddit-2000-balanced::1maxmeg,Stress,0.8576840577317033,0.8576840577317033,Calibrated Linear SVM
huggingface_uit-sentiment-dataset-reddit-2000-balanced::1mb9b1t,No stress,0.42433445908014494,0.5756655409198551,Calibrated Linear SVM
huggingface_uit-sentiment-dataset-reddit-2000-balanced::1mbp4nm,Stress,0.7489986072485929,0.7489986072485929,Calibrated Linear SVM
huggingface_uit-sentiment-dataset-reddit-2000-balanced::1mc8evq,No stress,0.17460114064071877,0.8253988593592813,Calibrated Linear SVM
huggingface_uit-sentiment-dataset-reddit-2000-balanced::1mch6sg,Stress,0.5816254314054141,0.5816254314054141,Calibrated Linear SVM
huggingface_uit-sentiment-dataset-reddit-2000-balanced::1mchsyd,No stress,0.29986885224902055,0.7001311477509794,Calibrated Linear SVM
huggingface_uit-sentiment-dataset-reddit-2000-balanced::1mcjz8j,No stress,0.13601418886412456,0.8639858111358754,Calibrated Linear SVM
huggingface_uit-sentiment-dataset-reddit-2000-balanced::1mcp4lj,Stress,0.5592663550163054,0.5592663550163054,Calibrated Linear SVM
huggingface_uit-sentiment-dataset-reddit-2000-balanced::1md9yc1,No stress,0.3772360083125232,0.6227639916874769,Calibrated Linear SVM
huggingface_uit-sentiment-dataset-reddit-2000-balanced::1mda326,No stress,0.2862097232257195,0.7137902767742804,Calibrated Linear SVM
huggingface_uit-sentiment-dataset-reddit-2000-balanced::1mdg707,Stress,0.6900383788828574,0.6900383788828574,Calibrated Linear SVM
huggingface_uit-sentiment-dataset-reddit-2000-balanced::1mdgeww,No stress,0.15588275771133697,0.844117242288663,Calibrated Linear SVM
huggingface_uit-sentiment-dataset-reddit-2000-balanced::1mdwv4f,No stress,0.18425834806158203,0.815741651938418,Calibrated Linear SVM
huggingface_uit-sentiment-dataset-reddit-2000-balanced::1med9hx,No stress,0.3728888897549904,0.6271111102450097,Calibrated Linear SVM
huggingface_uit-sentiment-dataset-reddit-2000-balanced::1meen33,No stress,0.09354657755460627,0.9064534224453937,Calibrated Linear SVM
huggingface_uit-sentiment-dataset-reddit-2000-balanced::1mewq9h,Stress,0.8928731524118261,0.8928731524118261,Calibrated Linear SVM
huggingface_uit-sentiment-dataset-reddit-2000-balanced::1mf27z6,No stress,0.2330957904857183,0.7669042095142817,Calibrated Linear SVM
huggingface_uit-sentiment-dataset-reddit-2000-balanced::1mf7rut,Stress,0.9006826725251639,0.9006826725251639,Calibrated Linear SVM
huggingface_uit-sentiment-dataset-reddit-2000-balanced::1mf9exw,No stress,0.10266518216941246,0.8973348178305875,Calibrated Linear SVM
huggingface_uit-sentiment-dataset-reddit-2000-balanced::1mfa9tj,No stress,0.3270801380758182,0.6729198619241817,Calibrated Linear SVM
huggingface_uit-sentiment-dataset-reddit-2000-balanced::1mfe77f,Stress,0.7839896446787593,0.7839896446787593,Calibrated Linear SVM
huggingface_uit-sentiment-dataset-reddit-2000-balanced::1mgbk2y,No stress,0.1183603964040185,0.8816396035959815,Calibrated Linear SVM
huggingface_uit-sentiment-dataset-reddit-2000-balanced::1mggdxz,No stress,0.2515848675501523,0.7484151324498477,Calibrated Linear SVM
huggingface_uit-sentiment-dataset-reddit-2000-balanced::1mggnjy,No stress,0.420714980596501,0.579285019403499,Calibrated Linear SVM
huggingface_uit-sentiment-dataset-reddit-2000-balanced::1mgo662,Stress,0.5565098508584134,0.5565098508584134,Calibrated Linear SVM
huggingface_uit-sentiment-dataset-reddit-2000-balanced::1mh0n5h,No stress,0.38807335863626413,0.6119266413637358,Calibrated Linear SVM
huggingface_uit-sentiment-dataset-reddit-2000-balanced::1mhehrb,No stress,0.2597226110602344,0.7402773889397656,Calibrated Linear SVM
huggingface_uit-sentiment-dataset-reddit-2000-balanced::1mi0co2,No stress,0.12750258108165757,0.8724974189183424,Calibrated Linear SVM
huggingface_uit-sentiment-dataset-reddit-2000-balanced::1mie0uw,No stress,0.017624970776258502,0.9823750292237414,Calibrated Linear SVM
huggingface_uit-sentiment-dataset-reddit-2000-balanced::1miedlx,No stress,0.06858038095492967,0.9314196190450703,Calibrated Linear SVM
huggingface_uit-sentiment-dataset-reddit-2000-balanced::1mizyz9,No stress,0.361909540579362,0.638090459420638,Calibrated Linear SVM
huggingface_uit-sentiment-dataset-reddit-2000-balanced::1mj172j,No stress,0.04843499584387801,0.951565004156122,Calibrated Linear SVM
huggingface_uit-sentiment-dataset-reddit-2000-balanced::1mjzggi,No stress,0.2435579389783363,0.7564420610216637,Calibrated Linear SVM
huggingface_uit-sentiment-dataset-reddit-2000-balanced::1mkerwz,No stress,0.14954966709849066,0.8504503329015094,Calibrated Linear SVM
huggingface_uit-sentiment-dataset-reddit-2000-balanced::1mkjo8s,Stress,0.5021544366042837,0.5021544366042837,Calibrated Linear SVM
huggingface_uit-sentiment-dataset-reddit-2000-balanced::1mku9qe,No stress,0.18185127089505862,0.8181487291049413,Calibrated Linear SVM
huggingface_uit-sentiment-dataset-reddit-2000-balanced::1ml0pt7,Stress,0.6780085380707077,0.6780085380707077,Calibrated Linear SVM
huggingface_uit-sentiment-dataset-reddit-2000-balanced::1ml44it,Stress,0.5738291693296862,0.5738291693296862,Calibrated Linear SVM
huggingface_uit-sentiment-dataset-reddit-2000-balanced::1mlgjl7,No stress,0.030844361970414274,0.9691556380295857,Calibrated Linear SVM
huggingface_uit-sentiment-dataset-reddit-2000-balanced::1mllt5x,No stress,0.18407193512413403,0.815928064875866,Calibrated Linear SVM
huggingface_uit-sentiment-dataset-reddit-2000-balanced::1mlujlq,Stress,0.941572251865176,0.941572251865176,Calibrated Linear SVM
huggingface_uit-sentiment-dataset-reddit-2000-balanced::1mlyepa,No stress,0.2594595206970169,0.7405404793029832,Calibrated Linear SVM
huggingface_uit-sentiment-dataset-reddit-2000-balanced::1mm27gt,No stress,0.10591303593737274,0.8940869640626273,Calibrated Linear SVM
huggingface_uit-sentiment-dataset-reddit-2000-balanced::1mncd7i,No stress,0.20312386259028337,0.7968761374097166,Calibrated Linear SVM
huggingface_uit-sentiment-dataset-reddit-2000-balanced::1mnj6gd,No stress,0.35822319911852607,0.641776800881474,Calibrated Linear SVM
huggingface_uit-sentiment-dataset-reddit-2000-balanced::1mnsk9s,No stress,0.3939073473928767,0.6060926526071233,Calibrated Linear SVM
huggingface_uit-sentiment-dataset-reddit-2000-balanced::1mod1dh,No stress,0.3933709400972589,0.6066290599027412,Calibrated Linear SVM
huggingface_uit-sentiment-dataset-reddit-2000-balanced::1mokc5e,Stress,0.7149998067909181,0.7149998067909181,Calibrated Linear SVM
huggingface_uit-sentiment-dataset-reddit-2000-balanced::1motbnk,No stress,0.30636761468805973,0.6936323853119403,Calibrated Linear SVM
huggingface_uit-sentiment-dataset-reddit-2000-balanced::1mppqtu,No stress,0.4980760751174576,0.5019239248825423,Calibrated Linear SVM
huggingface_uit-sentiment-dataset-reddit-2000-balanced::1mq8paa,No stress,0.20413705642761884,0.7958629435723812,Calibrated Linear SVM
huggingface_uit-sentiment-dataset-reddit-2000-balanced::1mr9nsk,Stress,0.6220615933372357,0.6220615933372357,Calibrated Linear SVM
huggingface_uit-sentiment-dataset-reddit-2000-balanced::1mrab6t,No stress,0.07984441309375025,0.9201555869062498,Calibrated Linear SVM
huggingface_uit-sentiment-dataset-reddit-2000-balanced::1mrnhmg,No stress,0.32657206038181824,0.6734279396181817,Calibrated Linear SVM
huggingface_uit-sentiment-dataset-reddit-2000-balanced::1mry7sl,No stress,0.27280404061182045,0.7271959593881796,Calibrated Linear SVM
huggingface_uit-sentiment-dataset-reddit-2000-balanced::1ms6xyc,Stress,0.7346810094304462,0.7346810094304462,Calibrated Linear SVM
huggingface_uit-sentiment-dataset-reddit-2000-balanced::1msaaxb,Stress,0.7221406104573683,0.7221406104573683,Calibrated Linear SVM
huggingface_uit-sentiment-dataset-reddit-2000-balanced::1mssp1i,No stress,0.22928095124064254,0.7707190487593575,Calibrated Linear SVM
huggingface_uit-sentiment-dataset-reddit-2000-balanced::1mt6qfc,No stress,0.2606733834520558,0.7393266165479441,Calibrated Linear SVM
huggingface_uit-sentiment-dataset-reddit-2000-balanced::1mtpd49,No stress,0.47251620432308344,0.5274837956769165,Calibrated Linear SVM
huggingface_uit-sentiment-dataset-reddit-2000-balanced::1mttftg,No stress,0.26546448185954835,0.7345355181404516,Calibrated Linear SVM
huggingface_uit-sentiment-dataset-reddit-2000-balanced::1mu6a9s,Stress,0.6347669622403272,0.6347669622403272,Calibrated Linear SVM
huggingface_uit-sentiment-dataset-reddit-2000-balanced::1muljbd,No stress,0.3885175684207908,0.6114824315792091,Calibrated Linear SVM
huggingface_uit-sentiment-dataset-reddit-2000-balanced::1munvst,No stress,0.3354729405069798,0.6645270594930203,Calibrated Linear SVM
huggingface_uit-sentiment-dataset-reddit-2000-balanced::1muw3b8,Stress,0.9185543276591569,0.9185543276591569,Calibrated Linear SVM
huggingface_uit-sentiment-dataset-reddit-2000-balanced::1mux1sv,No stress,0.1730070023278366,0.8269929976721634,Calibrated Linear SVM
huggingface_uit-sentiment-dataset-reddit-2000-balanced::1mvmoy2,No stress,0.0847830648353033,0.9152169351646967,Calibrated Linear SVM
huggingface_uit-sentiment-dataset-reddit-2000-balanced::1mvto90,Stress,0.9088652589843118,0.9088652589843118,Calibrated Linear SVM
huggingface_uit-sentiment-dataset-reddit-2000-balanced::1mw3nat,No stress,0.03429679797496373,0.9657032020250362,Calibrated Linear SVM
huggingface_uit-sentiment-dataset-reddit-2000-balanced::1mweeod,Stress,0.798192632309712,0.798192632309712,Calibrated Linear SVM
huggingface_uit-sentiment-dataset-reddit-2000-balanced::1myb09v,No stress,0.15049637798969037,0.8495036220103097,Calibrated Linear SVM
huggingface_uit-sentiment-dataset-reddit-2000-balanced::1myfej4,No stress,0.43028351545734783,0.5697164845426522,Calibrated Linear SVM
huggingface_uit-sentiment-dataset-reddit-2000-balanced::1mz5bkk,Stress,0.5163471967112115,0.5163471967112115,Calibrated Linear SVM
huggingface_uit-sentiment-dataset-reddit-2000-balanced::1mzrqwy,No stress,0.25501758959845516,0.7449824104015449,Calibrated Linear SVM
huggingface_uit-sentiment-dataset-reddit-2000-balanced::1mzu9z6,No stress,0.15025120833385688,0.8497487916661431,Calibrated Linear SVM
huggingface_uit-sentiment-dataset-reddit-2000-balanced::1n03j7s,No stress,0.3609010790201022,0.6390989209798977,Calibrated Linear SVM
huggingface_uit-sentiment-dataset-reddit-2000-balanced::1n0mtvd,Stress,0.504294153507221,0.504294153507221,Calibrated Linear SVM
huggingface_uit-sentiment-dataset-reddit-2000-balanced::1n0unc9,No stress,0.09363133621969404,0.906368663780306,Calibrated Linear SVM
huggingface_uit-sentiment-dataset-reddit-2000-balanced::1n0vsti,No stress,0.10392687846387727,0.8960731215361227,Calibrated Linear SVM
huggingface_uit-sentiment-dataset-reddit-2000-balanced::1n1egt1,No stress,0.24286359417652134,0.7571364058234787,Calibrated Linear SVM
huggingface_uit-sentiment-dataset-reddit-2000-balanced::1n1gfru,No stress,0.07758339134654256,0.9224166086534575,Calibrated Linear SVM
huggingface_uit-sentiment-dataset-reddit-2000-balanced::1n1igz7,No stress,0.36019239120255153,0.6398076087974485,Calibrated Linear SVM
huggingface_uit-sentiment-dataset-reddit-2000-balanced::1n1m3tb,No stress,0.19554943750361461,0.8044505624963855,Calibrated Linear SVM
huggingface_uit-sentiment-dataset-reddit-2000-balanced::1n26l8r,No stress,0.3426849903943936,0.6573150096056063,Calibrated Linear SVM
huggingface_uit-sentiment-dataset-reddit-2000-balanced::1n26xnz,No stress,0.31347193421510994,0.6865280657848901,Calibrated Linear SVM
huggingface_uit-sentiment-dataset-reddit-2000-balanced::1n39kz3,Stress,0.8965562453946235,0.8965562453946235,Calibrated Linear SVM
huggingface_uit-sentiment-dataset-reddit-2000-balanced::1n3vwd7,No stress,0.3327968187869529,0.6672031812130471,Calibrated Linear SVM
huggingface_uit-sentiment-dataset-reddit-2000-balanced::1n45lx2,No stress,0.04168035073000532,0.9583196492699947,Calibrated Linear SVM
huggingface_uit-sentiment-dataset-reddit-2000-balanced::1n4gk3w,Stress,0.7311141344906799,0.7311141344906799,Calibrated Linear SVM
huggingface_uit-sentiment-dataset-reddit-2000-balanced::1n5xv65,No stress,0.44969302442372866,0.5503069755762714,Calibrated Linear SVM
huggingface_uit-sentiment-dataset-reddit-2000-balanced::1n6kklk,Stress,0.7012643630388706,0.7012643630388706,Calibrated Linear SVM
huggingface_uit-sentiment-dataset-reddit-2000-balanced::1n6nm30,No stress,0.05693447104171581,0.9430655289582841,Calibrated Linear SVM
huggingface_uit-sentiment-dataset-reddit-2000-balanced::1n6oa99,No stress,0.11126388057766402,0.8887361194223359,Calibrated Linear SVM
huggingface_uit-sentiment-dataset-reddit-2000-balanced::1n6ofe9,No stress,0.11051827027597999,0.88948172972402,Calibrated Linear SVM
huggingface_uit-sentiment-dataset-reddit-2000-balanced::1n6vgbr,No stress,0.4360870830410362,0.5639129169589637,Calibrated Linear SVM
huggingface_uit-sentiment-dataset-reddit-2000-balanced::1n6vvky,No stress,0.35380587940162633,0.6461941205983737,Calibrated Linear SVM
huggingface_uit-sentiment-dataset-reddit-2000-balanced::1n79hbj,Stress,0.9877725272340805,0.9877725272340805,Calibrated Linear SVM
huggingface_uit-sentiment-dataset-reddit-2000-balanced::1n7n4lv,No stress,0.24114932527050267,0.7588506747294973,Calibrated Linear SVM
huggingface_uit-sentiment-dataset-reddit-2000-balanced::1n836zh,No stress,0.38195251788011997,0.61804748211988,Calibrated Linear SVM
huggingface_uit-sentiment-dataset-reddit-2000-balanced::1n8in1z,No stress,0.30144089979134225,0.6985591002086577,Calibrated Linear SVM
huggingface_uit-sentiment-dataset-reddit-2000-balanced::1n8li00,Stress,0.6973563025168797,0.6973563025168797,Calibrated Linear SVM
huggingface_uit-sentiment-dataset-reddit-2000-balanced::1n8zpcx,Stress,0.8799148840589996,0.8799148840589996,Calibrated Linear SVM
huggingface_uit-sentiment-dataset-reddit-2000-balanced::1n9cjbi,No stress,0.24239116035333072,0.7576088396466693,Calibrated Linear SVM
huggingface_uit-sentiment-dataset-reddit-2000-balanced::1n9eptx,Stress,0.6543907086084352,0.6543907086084352,Calibrated Linear SVM
huggingface_uit-sentiment-dataset-reddit-2000-balanced::1n9omqj,No stress,0.08659655046498899,0.9134034495350111,Calibrated Linear SVM
huggingface_uit-sentiment-dataset-reddit-2000-balanced::1na1y55,No stress,0.29241853092522035,0.7075814690747796,Calibrated Linear SVM
huggingface_uit-sentiment-dataset-reddit-2000-balanced::1na5nh9,Stress,0.6452805509047043,0.6452805509047043,Calibrated Linear SVM
huggingface_uit-sentiment-dataset-reddit-2000-balanced::1na79xn,No stress,0.4480505826084993,0.5519494173915008,Calibrated Linear SVM
huggingface_uit-sentiment-dataset-reddit-2000-balanced::1naoulf,No stress,0.19356752369988284,0.8064324763001172,Calibrated Linear SVM
huggingface_uit-sentiment-dataset-reddit-2000-balanced::1nbfq7k,No stress,0.3598657458409998,0.6401342541590002,Calibrated Linear SVM
huggingface_uit-sentiment-dataset-reddit-2000-balanced::1nbyf6k,No stress,0.21725982082377324,0.7827401791762267,Calibrated Linear SVM
huggingface_uit-sentiment-dataset-reddit-2000-balanced::1nbyw3b,No stress,0.4718019733306756,0.5281980266693244,Calibrated Linear SVM
huggingface_uit-sentiment-dataset-reddit-2000-balanced::1nc7ifv,Stress,0.7818001421354414,0.7818001421354414,Calibrated Linear SVM
huggingface_uit-sentiment-dataset-reddit-2000-balanced::1nce3ua,No stress,0.12969595432064,0.8703040456793599,Calibrated Linear SVM
huggingface_uit-sentiment-dataset-reddit-2000-balanced::1ncfp6q,Stress,0.5797840014510339,0.5797840014510339,Calibrated Linear SVM
huggingface_uit-sentiment-dataset-reddit-2000-balanced::1ncs89p,No stress,0.20729510135476,0.79270489864524,Calibrated Linear SVM
huggingface_uit-sentiment-dataset-reddit-2000-balanced::1nd4m2h,Stress,0.8479680878053353,0.8479680878053353,Calibrated Linear SVM
huggingface_uit-sentiment-dataset-reddit-2000-balanced::1nd6var,No stress,0.17535145643479944,0.8246485435652006,Calibrated Linear SVM
huggingface_uit-sentiment-dataset-reddit-2000-balanced::1ndb1oo,Stress,0.6630368992107893,0.6630368992107893,Calibrated Linear SVM
huggingface_uit-sentiment-dataset-reddit-2000-balanced::1ne4ttx,No stress,0.32861639175769636,0.6713836082423036,Calibrated Linear SVM
huggingface_uit-sentiment-dataset-reddit-2000-balanced::1nemrqa,Stress,0.7240941652606966,0.7240941652606966,Calibrated Linear SVM
huggingface_uit-sentiment-dataset-reddit-2000-balanced::1nemx7j,Stress,0.7240941652606966,0.7240941652606966,Calibrated Linear SVM
huggingface_uit-sentiment-dataset-reddit-2000-balanced::1nf60zl,No stress,0.352057442138433,0.6479425578615671,Calibrated Linear SVM
huggingface_uit-sentiment-dataset-reddit-2000-balanced::1nf7n9q,Stress,0.6258757543795768,0.6258757543795768,Calibrated Linear SVM
huggingface_uit-sentiment-dataset-reddit-2000-balanced::1nfev71,Stress,0.6805970067530511,0.6805970067530511,Calibrated Linear SVM
huggingface_uit-sentiment-dataset-reddit-2000-balanced::1nft4qo,No stress,0.05202824077139883,0.9479717592286012,Calibrated Linear SVM
huggingface_uit-sentiment-dataset-reddit-2000-balanced::1nfw7js,Stress,0.6354794167604455,0.6354794167604455,Calibrated Linear SVM
huggingface_uit-sentiment-dataset-reddit-2000-balanced::1nhn9xh,No stress,0.339720223303883,0.6602797766961169,Calibrated Linear SVM
huggingface_uit-sentiment-dataset-reddit-2000-balanced::1ni1lga,No stress,0.422227929588691,0.5777720704113091,Calibrated Linear SVM
huggingface_uit-sentiment-dataset-reddit-2000-balanced::1nik9qe,Stress,0.8145959109463332,0.8145959109463332,Calibrated Linear SVM
huggingface_uit-sentiment-dataset-reddit-2000-balanced::1niz8cg,No stress,0.12447406030822018,0.8755259396917797,Calibrated Linear SVM
huggingface_uit-sentiment-dataset-reddit-2000-balanced::1njb1ni,Stress,0.7422647382808932,0.7422647382808932,Calibrated Linear SVM
huggingface_uit-sentiment-dataset-reddit-2000-balanced::1nji6e0,No stress,0.26900390579935535,0.7309960942006447,Calibrated Linear SVM
huggingface_uit-sentiment-dataset-reddit-2000-balanced::1nk3zr8,No stress,0.31006714634090615,0.6899328536590938,Calibrated Linear SVM
huggingface_uit-sentiment-dataset-reddit-2000-balanced::1nk69iy,No stress,0.3981024028228646,0.6018975971771354,Calibrated Linear SVM
huggingface_uit-sentiment-dataset-reddit-2000-balanced::1nkzbtv,No stress,0.43985690104393255,0.5601430989560675,Calibrated Linear SVM
huggingface_uit-sentiment-dataset-reddit-2000-balanced::1nl6qd5,Stress,0.766707638339371,0.766707638339371,Calibrated Linear SVM
huggingface_uit-sentiment-dataset-reddit-2000-balanced::1nldq7l,Stress,0.8855638404389629,0.8855638404389629,Calibrated Linear SVM
huggingface_uit-sentiment-dataset-reddit-2000-balanced::1nlfw4g,No stress,0.22354337543329914,0.776456624566701,Calibrated Linear SVM
huggingface_uit-sentiment-dataset-reddit-2000-balanced::1nlh2nb,Stress,0.6542931806559635,0.6542931806559635,Calibrated Linear SVM
huggingface_uit-sentiment-dataset-reddit-2000-balanced::1nma63x,No stress,0.05857583776662223,0.9414241622333778,Calibrated Linear SVM
huggingface_uit-sentiment-dataset-reddit-2000-balanced::1nmq7am,Stress,0.6279168338530171,0.6279168338530171,Calibrated Linear SVM
huggingface_uit-sentiment-dataset-reddit-2000-balanced::1nnefs0,No stress,0.03525239950528628,0.9647476004947136,Calibrated Linear SVM
huggingface_uit-sentiment-dataset-reddit-2000-balanced::1nnh56u,Stress,0.8578493274568196,0.8578493274568196,Calibrated Linear SVM
huggingface_uit-sentiment-dataset-reddit-2000-balanced::1nni7l7,Stress,0.9472267872359148,0.9472267872359148,Calibrated Linear SVM
huggingface_uit-sentiment-dataset-reddit-2000-balanced::1nnk4kx,Stress,0.9687214778766225,0.9687214778766225,Calibrated Linear SVM
huggingface_uit-sentiment-dataset-reddit-2000-balanced::1nnw2n9,No stress,0.12729466856881988,0.8727053314311801,Calibrated Linear SVM
huggingface_uit-sentiment-dataset-reddit-2000-balanced::1nnxv8r,No stress,0.34520452805645213,0.6547954719435479,Calibrated Linear SVM
huggingface_uit-sentiment-dataset-reddit-2000-balanced::1noswpu,Stress,0.6474362860590792,0.6474362860590792,Calibrated Linear SVM
huggingface_uit-sentiment-dataset-reddit-2000-balanced::1np69ef,No stress,0.46777968730405556,0.5322203126959445,Calibrated Linear SVM
huggingface_uit-sentiment-dataset-reddit-2000-balanced::1npitw2,No stress,0.06082568916870496,0.939174310831295,Calibrated Linear SVM
huggingface_uit-sentiment-dataset-reddit-2000-balanced::1npxerh,No stress,0.15402909017443972,0.8459709098255602,Calibrated Linear SVM
huggingface_uit-sentiment-dataset-reddit-2000-balanced::1nq12hq,No stress,0.2117443613773088,0.7882556386226911,Calibrated Linear SVM
huggingface_uit-sentiment-dataset-reddit-2000-balanced::1nqef1l,No stress,0.3455643653883759,0.6544356346116241,Calibrated Linear SVM
huggingface_uit-sentiment-dataset-reddit-2000-balanced::1nqhvp4,No stress,0.19948214666206576,0.8005178533379342,Calibrated Linear SVM
huggingface_uit-sentiment-dataset-reddit-2000-balanced::1nqk5oi,No stress,0.20887567654361697,0.7911243234563831,Calibrated Linear SVM
huggingface_uit-sentiment-dataset-reddit-2000-balanced::1nr1ufy,No stress,0.4474980760487463,0.5525019239512537,Calibrated Linear SVM
huggingface_uit-sentiment-dataset-reddit-2000-balanced::1nr74v9,No stress,0.08209196796912686,0.9179080320308731,Calibrated Linear SVM
huggingface_uit-sentiment-dataset-reddit-2000-balanced::1nrrh7d,Stress,0.5798196573294818,0.5798196573294818,Calibrated Linear SVM
huggingface_uit-sentiment-dataset-reddit-2000-balanced::1ntnegj,No stress,0.11937546197796488,0.8806245380220351,Calibrated Linear SVM
huggingface_uit-sentiment-dataset-reddit-2000-balanced::1ntofd1,No stress,0.1290317964575593,0.8709682035424408,Calibrated Linear SVM
huggingface_uit-sentiment-dataset-reddit-2000-balanced::1ntow9j,No stress,0.3611389862740572,0.6388610137259428,Calibrated Linear SVM
huggingface_uit-sentiment-dataset-reddit-2000-balanced::1ntoz5m,No stress,0.010579959475137823,0.9894200405248622,Calibrated Linear SVM
huggingface_uit-sentiment-dataset-reddit-2000-balanced::1ntqs72,No stress,0.25691850145479495,0.7430814985452051,Calibrated Linear SVM
huggingface_uit-sentiment-dataset-reddit-2000-balanced::1ntqzar,No stress,0.2941052852265529,0.705894714773447,Calibrated Linear SVM
huggingface_uit-sentiment-dataset-reddit-2000-balanced::1ntrzml,No stress,0.4163391670491437,0.5836608329508562,Calibrated Linear SVM
huggingface_uit-sentiment-dataset-reddit-2000-balanced::1nu6dmo,No stress,0.035208879100821294,0.9647911208991786,Calibrated Linear SVM
huggingface_uit-sentiment-dataset-reddit-2000-balanced::1nu6i00,No stress,0.0877470170673531,0.9122529829326469,Calibrated Linear SVM
huggingface_uit-sentiment-dataset-reddit-2000-balanced::1nu70yf,No stress,0.04139833975853459,0.9586016602414654,Calibrated Linear SVM
huggingface_uit-sentiment-dataset-reddit-2000-balanced::1nu8zmn,No stress,0.1770708816691093,0.8229291183308908,Calibrated Linear SVM
huggingface_uit-sentiment-dataset-reddit-2000-balanced::1nub6zm,Stress,0.7835842893421333,0.7835842893421333,Calibrated Linear SVM
huggingface_uit-sentiment-dataset-reddit-2000-balanced::1nuehtq,No stress,0.2841552929915922,0.7158447070084079,Calibrated Linear SVM
huggingface_uit-sentiment-dataset-reddit-2000-balanced::1nuerql,No stress,0.021775053777262913,0.9782249462227371,Calibrated Linear SVM
huggingface_uit-sentiment-dataset-reddit-2000-balanced::1nutgpb,No stress,0.17976531570551624,0.8202346842944838,Calibrated Linear SVM
huggingface_uit-sentiment-dataset-reddit-2000-balanced::1nuw0du,No stress,0.04098242835457111,0.959017571645429,Calibrated Linear SVM
huggingface_uit-sentiment-dataset-reddit-2000-balanced::1nv3tyt,No stress,0.14208741661752358,0.8579125833824763,Calibrated Linear SVM
huggingface_uit-sentiment-dataset-reddit-2000-balanced::1nv4bdi,No stress,0.2851443386232005,0.7148556613767996,Calibrated Linear SVM
huggingface_uit-sentiment-dataset-reddit-2000-balanced::1nv5uqk,No stress,0.3231510306152296,0.6768489693847703,Calibrated Linear SVM
huggingface_uit-sentiment-dataset-reddit-2000-balanced::1nv6a1a,Stress,0.5003881715842623,0.5003881715842623,Calibrated Linear SVM
huggingface_uit-sentiment-dataset-reddit-2000-balanced::1nv873m,No stress,0.055674243050227175,0.9443257569497728,Calibrated Linear SVM
huggingface_uit-sentiment-dataset-reddit-2000-balanced::1nvgei6,Stress,0.7102808204777741,0.7102808204777741,Calibrated Linear SVM
huggingface_uit-sentiment-dataset-reddit-2000-balanced::1nvmaen,No stress,0.27007482224157225,0.7299251777584277,Calibrated Linear SVM
huggingface_uit-sentiment-dataset-reddit-2000-balanced::1nwbf5s,No stress,0.10043156013531407,0.8995684398646859,Calibrated Linear SVM
huggingface_uit-sentiment-dataset-reddit-2000-balanced::1nxp7v6,No stress,0.20505105150165726,0.7949489484983427,Calibrated Linear SVM
huggingface_uit-sentiment-dataset-reddit-2000-balanced::1nydxoq,No stress,0.36538069203051077,0.6346193079694892,Calibrated Linear SVM
huggingface_uit-sentiment-dataset-reddit-2000-balanced::1nyvqyx,No stress,0.04736267661167027,0.9526373233883296,Calibrated Linear SVM
huggingface_uit-sentiment-dataset-reddit-2000-balanced::1o1b2f7,Stress,0.5734951419609994,0.5734951419609994,Calibrated Linear SVM
huggingface_uit-sentiment-dataset-reddit-2000-balanced::1o2dv03,No stress,0.2790659241051093,0.7209340758948907,Calibrated Linear SVM
huggingface_uit-sentiment-dataset-reddit-2000-balanced::1o32t0j,No stress,0.16228746643459976,0.8377125335654002,Calibrated Linear SVM
huggingface_uit-sentiment-dataset-reddit-2000-balanced::1o3t1t7,No stress,0.1065881454931037,0.8934118545068963,Calibrated Linear SVM
huggingface_uit-sentiment-dataset-reddit-2000-balanced::1o408is,No stress,0.12961199013793068,0.8703880098620692,Calibrated Linear SVM
huggingface_uit-sentiment-dataset-reddit-2000-balanced::1o42n2x,No stress,0.4172314773169736,0.5827685226830265,Calibrated Linear SVM
huggingface_uit-sentiment-dataset-reddit-2000-balanced::1o43mjy,Stress,0.6292952100476312,0.6292952100476312,Calibrated Linear SVM
huggingface_uit-sentiment-dataset-reddit-2000-balanced::1o4s1i0,Stress,0.9453288729400185,0.9453288729400185,Calibrated Linear SVM
huggingface_uit-sentiment-dataset-reddit-2000-balanced::1o5ms7y,No stress,0.19662874165406696,0.803371258345933,Calibrated Linear SVM
huggingface_uit-sentiment-dataset-reddit-2000-balanced::1o6fnoc,No stress,0.3608303259925007,0.6391696740074994,Calibrated Linear SVM
huggingface_uit-sentiment-dataset-reddit-2000-balanced::1o6l93a,No stress,0.0754180094192948,0.9245819905807052,Calibrated Linear SVM
huggingface_uit-sentiment-dataset-reddit-2000-balanced::1o6zk6e,Stress,0.9322386639226622,0.9322386639226622,Calibrated Linear SVM
huggingface_uit-sentiment-dataset-reddit-2000-balanced::1o78vgg,Stress,0.8938025037824694,0.8938025037824694,Calibrated Linear SVM
huggingface_uit-sentiment-dataset-reddit-2000-balanced::1o7eevp,No stress,0.35117665950955085,0.6488233404904492,Calibrated Linear SVM
huggingface_uit-sentiment-dataset-reddit-2000-balanced::1o7gdv9,No stress,0.15217722947580758,0.8478227705241924,Calibrated Linear SVM
huggingface_uit-sentiment-dataset-reddit-2000-balanced::1o7gqte,No stress,0.15217722947580758,0.8478227705241924,Calibrated Linear SVM
huggingface_uit-sentiment-dataset-reddit-2000-balanced::1o7rcs7,Stress,0.7269492463814878,0.7269492463814878,Calibrated Linear SVM
huggingface_uit-sentiment-dataset-reddit-2000-balanced::1o7ulr3,Stress,0.8405139054000476,0.8405139054000476,Calibrated Linear SVM
huggingface_uit-sentiment-dataset-reddit-2000-balanced::1o7v8bi,Stress,0.941675072691642,0.941675072691642,Calibrated Linear SVM
huggingface_uit-sentiment-dataset-reddit-2000-balanced::1o9beqc,No stress,0.19471549255708112,0.8052845074429188,Calibrated Linear SVM
huggingface_uit-sentiment-dataset-reddit-2000-balanced::1oa2qj2,No stress,0.1317291679131417,0.8682708320868583,Calibrated Linear SVM
huggingface_uit-sentiment-dataset-reddit-2000-balanced::1ob8a40,Stress,0.590986071823341,0.590986071823341,Calibrated Linear SVM
huggingface_uit-sentiment-dataset-reddit-2000-balanced::1ob9k3p,Stress,0.7046584542108058,0.7046584542108058,Calibrated Linear SVM
huggingface_uit-sentiment-dataset-reddit-2000-balanced::1obkyqe,Stress,0.5993848027928937,0.5993848027928937,Calibrated Linear SVM
huggingface_uit-sentiment-dataset-reddit-2000-balanced::1obuzin,Stress,0.6029674990093826,0.6029674990093826,Calibrated Linear SVM
huggingface_uit-sentiment-dataset-reddit-2000-balanced::1oc80s4,No stress,0.35489927941364324,0.6451007205863567,Calibrated Linear SVM
huggingface_uit-sentiment-dataset-reddit-2000-balanced::1od3mfw,No stress,0.06728897269639607,0.932711027303604,Calibrated Linear SVM
huggingface_uit-sentiment-dataset-reddit-2000-balanced::1ode2yi,No stress,0.2849247905811119,0.7150752094188881,Calibrated Linear SVM
huggingface_uit-sentiment-dataset-reddit-2000-balanced::1odqhtm,No stress,0.06363167732146495,0.936368322678535,Calibrated Linear SVM
huggingface_uit-sentiment-dataset-reddit-2000-balanced::1odx2b3,Stress,0.7633536003554487,0.7633536003554487,Calibrated Linear SVM
huggingface_uit-sentiment-dataset-reddit-2000-balanced::1oe86ak,No stress,0.38894143197398984,0.6110585680260102,Calibrated Linear SVM
huggingface_uit-sentiment-dataset-reddit-2000-balanced::1oejecx,No stress,0.0777034157615303,0.9222965842384697,Calibrated Linear SVM
huggingface_uit-sentiment-dataset-reddit-2000-balanced::1og8mc7,No stress,0.11067606209144522,0.8893239379085548,Calibrated Linear SVM
huggingface_uit-sentiment-dataset-reddit-2000-balanced::1ogatwe,Stress,0.5053804970013465,0.5053804970013465,Calibrated Linear SVM
huggingface_uit-sentiment-dataset-reddit-2000-balanced::1ogl3yp,Stress,0.7340924438838771,0.7340924438838771,Calibrated Linear SVM
huggingface_uit-sentiment-dataset-reddit-2000-balanced::1kbyvof,Stress,0.9162188084171287,0.9162188084171287,Calibrated Linear SVM
huggingface_uit-sentiment-dataset-reddit-2000-balanced::1kc8z2l,Stress,0.8036079920250473,0.8036079920250473,Calibrated Linear SVM
huggingface_uit-sentiment-dataset-reddit-2000-balanced::1kcwz6s,Stress,0.8345095113760962,0.8345095113760962,Calibrated Linear SVM
huggingface_uit-sentiment-dataset-reddit-2000-balanced::1kd98vt,Stress,0.5425102067191409,0.5425102067191409,Calibrated Linear SVM
huggingface_uit-sentiment-dataset-reddit-2000-balanced::1kdcg02,Stress,0.8715485040092119,0.8715485040092119,Calibrated Linear SVM
huggingface_uit-sentiment-dataset-reddit-2000-balanced::1kdnxqj,Stress,0.9852831691056435,0.9852831691056435,Calibrated Linear SVM
huggingface_uit-sentiment-dataset-reddit-2000-balanced::1kdzamj,Stress,0.9325840392114046,0.9325840392114046,Calibrated Linear SVM
huggingface_uit-sentiment-dataset-reddit-2000-balanced::1ke71lr,Stress,0.9730416159618853,0.9730416159618853,Calibrated Linear SVM
huggingface_uit-sentiment-dataset-reddit-2000-balanced::1ke7aqj,Stress,0.6627331650846289,0.6627331650846289,Calibrated Linear SVM
huggingface_uit-sentiment-dataset-reddit-2000-balanced::1kf32fm,Stress,0.7994642332073753,0.7994642332073753,Calibrated Linear SVM
huggingface_uit-sentiment-dataset-reddit-2000-balanced::1kf992z,Stress,0.5702148692841468,0.5702148692841468,Calibrated Linear SVM
huggingface_uit-sentiment-dataset-reddit-2000-balanced::1kfafpw,Stress,0.8141334694156365,0.8141334694156365,Calibrated Linear SVM
huggingface_uit-sentiment-dataset-reddit-2000-balanced::1kgc5y1,Stress,0.8590594710147409,0.8590594710147409,Calibrated Linear SVM
huggingface_uit-sentiment-dataset-reddit-2000-balanced::1kgfk4k,Stress,0.8730616698650436,0.8730616698650436,Calibrated Linear SVM
huggingface_uit-sentiment-dataset-reddit-2000-balanced::1kgn8pc,No stress,0.3378287900427104,0.6621712099572896,Calibrated Linear SVM
huggingface_uit-sentiment-dataset-reddit-2000-balanced::1kgqfc2,Stress,0.5764814905550423,0.5764814905550423,Calibrated Linear SVM
huggingface_uit-sentiment-dataset-reddit-2000-balanced::1kgr4bz,No stress,0.2522522025104288,0.7477477974895712,Calibrated Linear SVM
huggingface_uit-sentiment-dataset-reddit-2000-balanced::1kguwqf,Stress,0.9414252263929859,0.9414252263929859,Calibrated Linear SVM
huggingface_uit-sentiment-dataset-reddit-2000-balanced::1khc9z7,Stress,0.5852405616647337,0.5852405616647337,Calibrated Linear SVM
huggingface_uit-sentiment-dataset-reddit-2000-balanced::1ki43l5,Stress,0.9398280094041972,0.9398280094041972,Calibrated Linear SVM
huggingface_uit-sentiment-dataset-reddit-2000-balanced::1kibjje,No stress,0.10236026900421441,0.8976397309957855,Calibrated Linear SVM
huggingface_uit-sentiment-dataset-reddit-2000-balanced::1kieeog,Stress,0.577720118258155,0.577720118258155,Calibrated Linear SVM
huggingface_uit-sentiment-dataset-reddit-2000-balanced::1kivnb9,Stress,0.9119660846471854,0.9119660846471854,Calibrated Linear SVM
huggingface_uit-sentiment-dataset-reddit-2000-balanced::1kjxup7,Stress,0.9245385687750268,0.9245385687750268,Calibrated Linear SVM
huggingface_uit-sentiment-dataset-reddit-2000-balanced::1kk2hxq,Stress,0.9382206480654589,0.9382206480654589,Calibrated Linear SVM
huggingface_uit-sentiment-dataset-reddit-2000-balanced::1kkt866,No stress,0.4588989202560046,0.5411010797439954,Calibrated Linear SVM
huggingface_uit-sentiment-dataset-reddit-2000-balanced::1kkwdmu,Stress,0.9514810135774957,0.9514810135774957,Calibrated Linear SVM
huggingface_uit-sentiment-dataset-reddit-2000-balanced::1kl7o4s,Stress,0.8209638254449202,0.8209638254449202,Calibrated Linear SVM
huggingface_uit-sentiment-dataset-reddit-2000-balanced::1klkj1u,No stress,0.39733070952465616,0.6026692904753438,Calibrated Linear SVM
huggingface_uit-sentiment-dataset-reddit-2000-balanced::1klpje1,No stress,0.361503321938547,0.638496678061453,Calibrated Linear SVM
huggingface_uit-sentiment-dataset-reddit-2000-balanced::1klrio8,Stress,0.7805644463175886,0.7805644463175886,Calibrated Linear SVM
huggingface_uit-sentiment-dataset-reddit-2000-balanced::1km59pk,Stress,0.9590142056693143,0.9590142056693143,Calibrated Linear SVM
huggingface_uit-sentiment-dataset-reddit-2000-balanced::1km7o0j,Stress,0.8723793336854846,0.8723793336854846,Calibrated Linear SVM
huggingface_uit-sentiment-dataset-reddit-2000-balanced::1kmg840,No stress,0.417267015715528,0.5827329842844721,Calibrated Linear SVM
huggingface_uit-sentiment-dataset-reddit-2000-balanced::1kmmool,Stress,0.7449481679047681,0.7449481679047681,Calibrated Linear SVM
huggingface_uit-sentiment-dataset-reddit-2000-balanced::1kn0u0j,Stress,0.9736354794804218,0.9736354794804218,Calibrated Linear SVM
huggingface_uit-sentiment-dataset-reddit-2000-balanced::1knit3k,Stress,0.8258004666181135,0.8258004666181135,Calibrated Linear SVM
huggingface_uit-sentiment-dataset-reddit-2000-balanced::1knloti,Stress,0.8481586557704656,0.8481586557704656,Calibrated Linear SVM
huggingface_uit-sentiment-dataset-reddit-2000-balanced::1knx0hy,Stress,0.8924632124922368,0.8924632124922368,Calibrated Linear SVM
huggingface_uit-sentiment-dataset-reddit-2000-balanced::1kphqe8,Stress,0.8006728299280889,0.8006728299280889,Calibrated Linear SVM
huggingface_uit-sentiment-dataset-reddit-2000-balanced::1kr2w5h,Stress,0.9850703795258481,0.9850703795258481,Calibrated Linear SVM
huggingface_uit-sentiment-dataset-reddit-2000-balanced::1kr3485,No stress,0.2863361325837004,0.7136638674162996,Calibrated Linear SVM
huggingface_uit-sentiment-dataset-reddit-2000-balanced::1krrstk,Stress,0.7847425970427621,0.7847425970427621,Calibrated Linear SVM
huggingface_uit-sentiment-dataset-reddit-2000-balanced::1krvih1,Stress,0.5837919857469743,0.5837919857469743,Calibrated Linear SVM
huggingface_uit-sentiment-dataset-reddit-2000-balanced::1krxcjb,Stress,0.9404066129291779,0.9404066129291779,Calibrated Linear SVM
huggingface_uit-sentiment-dataset-reddit-2000-balanced::1ks3egn,No stress,0.3515418420835683,0.6484581579164317,Calibrated Linear SVM
huggingface_uit-sentiment-dataset-reddit-2000-balanced::1ks3lrr,No stress,0.44178692448254653,0.5582130755174535,Calibrated Linear SVM
huggingface_uit-sentiment-dataset-reddit-2000-balanced::1ks49b9,No stress,0.4358572509996921,0.5641427490003079,Calibrated Linear SVM
huggingface_uit-sentiment-dataset-reddit-2000-balanced::1kt38ww,Stress,0.7088473509311836,0.7088473509311836,Calibrated Linear SVM
huggingface_uit-sentiment-dataset-reddit-2000-balanced::1ktr5oc,Stress,0.7583932508120453,0.7583932508120453,Calibrated Linear SVM
huggingface_uit-sentiment-dataset-reddit-2000-balanced::1ku8xpw,No stress,0.2019863319123761,0.7980136680876239,Calibrated Linear SVM
huggingface_uit-sentiment-dataset-reddit-2000-balanced::1kubxdx,Stress,0.5589898975537021,0.5589898975537021,Calibrated Linear SVM
huggingface_uit-sentiment-dataset-reddit-2000-balanced::1kuk93a,Stress,0.9696065883955024,0.9696065883955024,Calibrated Linear SVM
huggingface_uit-sentiment-dataset-reddit-2000-balanced::1kvj0nt,Stress,0.6686303838406958,0.6686303838406958,Calibrated Linear SVM
huggingface_uit-sentiment-dataset-reddit-2000-balanced::1kw0st5,Stress,0.5062273057710214,0.5062273057710214,Calibrated Linear SVM
huggingface_uit-sentiment-dataset-reddit-2000-balanced::1kxqmgu,Stress,0.8413183088450938,0.8413183088450938,Calibrated Linear SVM
huggingface_uit-sentiment-dataset-reddit-2000-balanced::1kxw1wa,Stress,0.9017827423357571,0.9017827423357571,Calibrated Linear SVM
huggingface_uit-sentiment-dataset-reddit-2000-balanced::1kxxfe5,Stress,0.8269002788059757,0.8269002788059757,Calibrated Linear SVM
huggingface_uit-sentiment-dataset-reddit-2000-balanced::1ky14jn,No stress,0.27537012486912626,0.7246298751308737,Calibrated Linear SVM
huggingface_uit-sentiment-dataset-reddit-2000-balanced::1ky2eag,Stress,0.9167918668723954,0.9167918668723954,Calibrated Linear SVM
huggingface_uit-sentiment-dataset-reddit-2000-balanced::1kyd493,No stress,0.42491552822392387,0.5750844717760761,Calibrated Linear SVM
huggingface_uit-sentiment-dataset-reddit-2000-balanced::1kygy28,Stress,0.7066521132122044,0.7066521132122044,Calibrated Linear SVM
huggingface_uit-sentiment-dataset-reddit-2000-balanced::1kyi3zf,Stress,0.8305637127728794,0.8305637127728794,Calibrated Linear SVM
huggingface_uit-sentiment-dataset-reddit-2000-balanced::1kyyjks,Stress,0.9681957801468425,0.9681957801468425,Calibrated Linear SVM
huggingface_uit-sentiment-dataset-reddit-2000-balanced::1kyyxcv,No stress,0.43871444347288197,0.5612855565271181,Calibrated Linear SVM
huggingface_uit-sentiment-dataset-reddit-2000-balanced::1l05psj,Stress,0.9235501138181728,0.9235501138181728,Calibrated Linear SVM
huggingface_uit-sentiment-dataset-reddit-2000-balanced::1l07y3h,No stress,0.13854653416567878,0.8614534658343213,Calibrated Linear SVM
huggingface_uit-sentiment-dataset-reddit-2000-balanced::1l19ygg,Stress,0.5763662206909137,0.5763662206909137,Calibrated Linear SVM
huggingface_uit-sentiment-dataset-reddit-2000-balanced::1l1ic30,Stress,0.7478434542074811,0.7478434542074811,Calibrated Linear SVM
huggingface_uit-sentiment-dataset-reddit-2000-balanced::1l1ipdf,Stress,0.9180604242833533,0.9180604242833533,Calibrated Linear SVM
huggingface_uit-sentiment-dataset-reddit-2000-balanced::1l1yuxg,Stress,0.6750624236117234,0.6750624236117234,Calibrated Linear SVM
huggingface_uit-sentiment-dataset-reddit-2000-balanced::1l2cp2r,Stress,0.8889713795720656,0.8889713795720656,Calibrated Linear SVM
huggingface_uit-sentiment-dataset-reddit-2000-balanced::1l2ivdj,Stress,0.8052694765555425,0.8052694765555425,Calibrated Linear SVM
huggingface_uit-sentiment-dataset-reddit-2000-balanced::1l2yva2,Stress,0.8945215475901639,0.8945215475901639,Calibrated Linear SVM
huggingface_uit-sentiment-dataset-reddit-2000-balanced::1l3a3yk,Stress,0.793538941335595,0.793538941335595,Calibrated Linear SVM
huggingface_uit-sentiment-dataset-reddit-2000-balanced::1l3v7dv,Stress,0.6361529694296588,0.6361529694296588,Calibrated Linear SVM
huggingface_uit-sentiment-dataset-reddit-2000-balanced::1l43wvg,Stress,0.9551211702625468,0.9551211702625468,Calibrated Linear SVM
huggingface_uit-sentiment-dataset-reddit-2000-balanced::1l4u9vs,No stress,0.47334921029783655,0.5266507897021634,Calibrated Linear SVM
huggingface_uit-sentiment-dataset-reddit-2000-balanced::1l4vn10,Stress,0.8489579534975714,0.8489579534975714,Calibrated Linear SVM
huggingface_uit-sentiment-dataset-reddit-2000-balanced::1l5ap1x,Stress,0.7380388184644713,0.7380388184644713,Calibrated Linear SVM
huggingface_uit-sentiment-dataset-reddit-2000-balanced::1l5pys0,Stress,0.8548917808995804,0.8548917808995804,Calibrated Linear SVM
huggingface_uit-sentiment-dataset-reddit-2000-balanced::1l6b1f6,Stress,0.7451720834099586,0.7451720834099586,Calibrated Linear SVM
huggingface_uit-sentiment-dataset-reddit-2000-balanced::1l7gjjn,No stress,0.246831175287772,0.753168824712228,Calibrated Linear SVM
huggingface_uit-sentiment-dataset-reddit-2000-balanced::1l7ul9s,Stress,0.8834677268215888,0.8834677268215888,Calibrated Linear SVM
huggingface_uit-sentiment-dataset-reddit-2000-balanced::1l7vcva,No stress,0.14217657696768743,0.8578234230323126,Calibrated Linear SVM
huggingface_uit-sentiment-dataset-reddit-2000-balanced::1l84lag,Stress,0.8447771808015704,0.8447771808015704,Calibrated Linear SVM
huggingface_uit-sentiment-dataset-reddit-2000-balanced::1l89hzk,No stress,0.40076380138297063,0.5992361986170294,Calibrated Linear SVM
huggingface_uit-sentiment-dataset-reddit-2000-balanced::1l8q5f7,No stress,0.3577849456744982,0.6422150543255017,Calibrated Linear SVM
huggingface_uit-sentiment-dataset-reddit-2000-balanced::1l9axku,Stress,0.7276142594511056,0.7276142594511056,Calibrated Linear SVM
huggingface_uit-sentiment-dataset-reddit-2000-balanced::1l9dd55,No stress,0.39645767491418327,0.6035423250858167,Calibrated Linear SVM
huggingface_uit-sentiment-dataset-reddit-2000-balanced::1l9fpz2,Stress,0.6691788119062244,0.6691788119062244,Calibrated Linear SVM
huggingface_uit-sentiment-dataset-reddit-2000-balanced::1l9j2pi,Stress,0.7812277025652246,0.7812277025652246,Calibrated Linear SVM
huggingface_uit-sentiment-dataset-reddit-2000-balanced::1l9qg68,Stress,0.5732472468958166,0.5732472468958166,Calibrated Linear SVM
huggingface_uit-sentiment-dataset-reddit-2000-balanced::1l9zj28,No stress,0.48823412564574914,0.5117658743542509,Calibrated Linear SVM
huggingface_uit-sentiment-dataset-reddit-2000-balanced::1la98xw,Stress,0.9618875658151271,0.9618875658151271,Calibrated Linear SVM
huggingface_uit-sentiment-dataset-reddit-2000-balanced::1la9t0d,Stress,0.8961334221793203,0.8961334221793203,Calibrated Linear SVM
huggingface_uit-sentiment-dataset-reddit-2000-balanced::1labqsm,No stress,0.3204505735403062,0.6795494264596939,Calibrated Linear SVM
huggingface_uit-sentiment-dataset-reddit-2000-balanced::1lam4zw,Stress,0.8670069708711464,0.8670069708711464,Calibrated Linear SVM
huggingface_uit-sentiment-dataset-reddit-2000-balanced::1lb1te6,Stress,0.873424726555765,0.873424726555765,Calibrated Linear SVM
huggingface_uit-sentiment-dataset-reddit-2000-balanced::1lbjpgc,Stress,0.892207257411323,0.892207257411323,Calibrated Linear SVM
huggingface_uit-sentiment-dataset-reddit-2000-balanced::1lbu89a,No stress,0.431149397718666,0.568850602281334,Calibrated Linear SVM
huggingface_uit-sentiment-dataset-reddit-2000-balanced::1lc0db9,Stress,0.9272325669567714,0.9272325669567714,Calibrated Linear SVM
huggingface_uit-sentiment-dataset-reddit-2000-balanced::1lcd1ke,Stress,0.5430600972758274,0.5430600972758274,Calibrated Linear SVM
huggingface_uit-sentiment-dataset-reddit-2000-balanced::1lchlmd,Stress,0.8341326639033158,0.8341326639033158,Calibrated Linear SVM
huggingface_uit-sentiment-dataset-reddit-2000-balanced::1lcvxkc,Stress,0.8922802495698295,0.8922802495698295,Calibrated Linear SVM
huggingface_uit-sentiment-dataset-reddit-2000-balanced::1ldc37r,Stress,0.8058522040388819,0.8058522040388819,Calibrated Linear SVM
huggingface_uit-sentiment-dataset-reddit-2000-balanced::1ldmt43,Stress,0.8513455931761335,0.8513455931761335,Calibrated Linear SVM
huggingface_uit-sentiment-dataset-reddit-2000-balanced::1ldnfyb,Stress,0.9243509198903815,0.9243509198903815,Calibrated Linear SVM
huggingface_uit-sentiment-dataset-reddit-2000-balanced::1ldxnlq,Stress,0.929786465481291,0.929786465481291,Calibrated Linear SVM
huggingface_uit-sentiment-dataset-reddit-2000-balanced::1le6z7n,No stress,0.4765493232090767,0.5234506767909233,Calibrated Linear SVM
huggingface_uit-sentiment-dataset-reddit-2000-balanced::1lf6nis,Stress,0.549714015542591,0.549714015542591,Calibrated Linear SVM
huggingface_uit-sentiment-dataset-reddit-2000-balanced::1lfe3ih,Stress,0.6586197640929446,0.6586197640929446,Calibrated Linear SVM
huggingface_uit-sentiment-dataset-reddit-2000-balanced::1lfw1eg,Stress,0.9439144119782791,0.9439144119782791,Calibrated Linear SVM
huggingface_uit-sentiment-dataset-reddit-2000-balanced::1lgkrz9,No stress,0.4107589352453707,0.5892410647546292,Calibrated Linear SVM
huggingface_uit-sentiment-dataset-reddit-2000-balanced::1lh0rhp,Stress,0.6195861697806805,0.6195861697806805,Calibrated Linear SVM
huggingface_uit-sentiment-dataset-reddit-2000-balanced::1lhc3zr,Stress,0.9461962439471913,0.9461962439471913,Calibrated Linear SVM
huggingface_uit-sentiment-dataset-reddit-2000-balanced::1lir65f,Stress,0.6167212250089468,0.6167212250089468,Calibrated Linear SVM
huggingface_uit-sentiment-dataset-reddit-2000-balanced::1ljgp99,Stress,0.9212975473575753,0.9212975473575753,Calibrated Linear SVM
huggingface_uit-sentiment-dataset-reddit-2000-balanced::1ljtj0e,No stress,0.37354413921104496,0.6264558607889551,Calibrated Linear SVM
huggingface_uit-sentiment-dataset-reddit-2000-balanced::1lk3kdr,No stress,0.49727800113923787,0.5027219988607622,Calibrated Linear SVM
huggingface_uit-sentiment-dataset-reddit-2000-balanced::1lk5dyd,Stress,0.8589062443818513,0.8589062443818513,Calibrated Linear SVM
huggingface_uit-sentiment-dataset-reddit-2000-balanced::1lk6p2l,Stress,0.6237891152191319,0.6237891152191319,Calibrated Linear SVM
huggingface_uit-sentiment-dataset-reddit-2000-balanced::1lkwr1e,No stress,0.4654760569552545,0.5345239430447454,Calibrated Linear SVM
huggingface_uit-sentiment-dataset-reddit-2000-balanced::1lkxhxs,Stress,0.97156374021608,0.97156374021608,Calibrated Linear SVM
huggingface_uit-sentiment-dataset-reddit-2000-balanced::1lky5j0,Stress,0.5992605791906228,0.5992605791906228,Calibrated Linear SVM
huggingface_uit-sentiment-dataset-reddit-2000-balanced::1ll2rtu,No stress,0.4059657329578424,0.5940342670421577,Calibrated Linear SVM
huggingface_uit-sentiment-dataset-reddit-2000-balanced::1ll5v9f,No stress,0.4577736401337411,0.5422263598662589,Calibrated Linear SVM
huggingface_uit-sentiment-dataset-reddit-2000-balanced::1ll7tk8,Stress,0.9120160735828775,0.9120160735828775,Calibrated Linear SVM
huggingface_uit-sentiment-dataset-reddit-2000-balanced::1llxjkv,Stress,0.9452128699009168,0.9452128699009168,Calibrated Linear SVM
huggingface_uit-sentiment-dataset-reddit-2000-balanced::1lnin1x,Stress,0.5220235839136876,0.5220235839136876,Calibrated Linear SVM
huggingface_uit-sentiment-dataset-reddit-2000-balanced::1lns27l,Stress,0.8379981840354894,0.8379981840354894,Calibrated Linear SVM
huggingface_uit-sentiment-dataset-reddit-2000-balanced::1lnu9t9,Stress,0.836442314707133,0.836442314707133,Calibrated Linear SVM
huggingface_uit-sentiment-dataset-reddit-2000-balanced::1lnybam,Stress,0.5851443783504807,0.5851443783504807,Calibrated Linear SVM
huggingface_uit-sentiment-dataset-reddit-2000-balanced::1loqwl5,Stress,0.8445769442136905,0.8445769442136905,Calibrated Linear SVM
huggingface_uit-sentiment-dataset-reddit-2000-balanced::1lpu16h,No stress,0.35678263350240336,0.6432173664975966,Calibrated Linear SVM
huggingface_uit-sentiment-dataset-reddit-2000-balanced::1lqacj7,Stress,0.9786511749103523,0.9786511749103523,Calibrated Linear SVM
huggingface_uit-sentiment-dataset-reddit-2000-balanced::1lrck4e,No stress,0.43807078593797977,0.5619292140620202,Calibrated Linear SVM
huggingface_uit-sentiment-dataset-reddit-2000-balanced::1lre4zs,Stress,0.5796518928963897,0.5796518928963897,Calibrated Linear SVM
huggingface_uit-sentiment-dataset-reddit-2000-balanced::1lrsjbd,Stress,0.7784937387689017,0.7784937387689017,Calibrated Linear SVM
huggingface_uit-sentiment-dataset-reddit-2000-balanced::1lrxyaq,Stress,0.9507345492873226,0.9507345492873226,Calibrated Linear SVM
huggingface_uit-sentiment-dataset-reddit-2000-balanced::1ltgz98,No stress,0.2279716055214723,0.7720283944785278,Calibrated Linear SVM
huggingface_uit-sentiment-dataset-reddit-2000-balanced::1lthby2,Stress,0.9928456400151751,0.9928456400151751,Calibrated Linear SVM
huggingface_uit-sentiment-dataset-reddit-2000-balanced::1luddcn,Stress,0.8542623461173319,0.8542623461173319,Calibrated Linear SVM
huggingface_uit-sentiment-dataset-reddit-2000-balanced::1lusutn,Stress,0.8153328380563725,0.8153328380563725,Calibrated Linear SVM
huggingface_uit-sentiment-dataset-reddit-2000-balanced::1lv241r,Stress,0.5286339893233785,0.5286339893233785,Calibrated Linear SVM
huggingface_uit-sentiment-dataset-reddit-2000-balanced::1lw7s86,No stress,0.24367294050701704,0.7563270594929831,Calibrated Linear SVM
huggingface_uit-sentiment-dataset-reddit-2000-balanced::1lwptpc,Stress,0.5305619346770393,0.5305619346770393,Calibrated Linear SVM
huggingface_uit-sentiment-dataset-reddit-2000-balanced::1lwqnv8,Stress,0.9378899430917437,0.9378899430917437,Calibrated Linear SVM
huggingface_uit-sentiment-dataset-reddit-2000-balanced::1lx1ob3,Stress,0.9402972942514548,0.9402972942514548,Calibrated Linear SVM
huggingface_uit-sentiment-dataset-reddit-2000-balanced::1lx2mps,Stress,0.5942175367452318,0.5942175367452318,Calibrated Linear SVM
huggingface_uit-sentiment-dataset-reddit-2000-balanced::1lxgwgo,Stress,0.9646033254524525,0.9646033254524525,Calibrated Linear SVM
huggingface_uit-sentiment-dataset-reddit-2000-balanced::1lxjmzc,Stress,0.9444384928104227,0.9444384928104227,Calibrated Linear SVM
huggingface_uit-sentiment-dataset-reddit-2000-balanced::1lxw93v,No stress,0.15219946902902978,0.8478005309709702,Calibrated Linear SVM
huggingface_uit-sentiment-dataset-reddit-2000-balanced::1ly69lm,Stress,0.9675132241243675,0.9675132241243675,Calibrated Linear SVM
huggingface_uit-sentiment-dataset-reddit-2000-balanced::1lyxf1f,No stress,0.07127504929044255,0.9287249507095575,Calibrated Linear SVM
huggingface_uit-sentiment-dataset-reddit-2000-balanced::1lz5sm6,Stress,0.7249743292436976,0.7249743292436976,Calibrated Linear SVM
huggingface_uit-sentiment-dataset-reddit-2000-balanced::1m0e12x,Stress,0.9685390881339048,0.9685390881339048,Calibrated Linear SVM
huggingface_uit-sentiment-dataset-reddit-2000-balanced::1m0se1r,Stress,0.5617364321770568,0.5617364321770568,Calibrated Linear SVM
huggingface_uit-sentiment-dataset-reddit-2000-balanced::1m14kv7,Stress,0.7714573590648186,0.7714573590648186,Calibrated Linear SVM
huggingface_uit-sentiment-dataset-reddit-2000-balanced::1m1ncr1,Stress,0.5542621598656944,0.5542621598656944,Calibrated Linear SVM
huggingface_uit-sentiment-dataset-reddit-2000-balanced::1m1w0y5,No stress,0.1712455601858781,0.8287544398141219,Calibrated Linear SVM
huggingface_uit-sentiment-dataset-reddit-2000-balanced::1m29zpa,Stress,0.946911587209708,0.946911587209708,Calibrated Linear SVM
huggingface_uit-sentiment-dataset-reddit-2000-balanced::1m2cygz,No stress,0.2016897691053218,0.7983102308946782,Calibrated Linear SVM
huggingface_uit-sentiment-dataset-reddit-2000-balanced::1m2ds0v,Stress,0.5072936147055517,0.5072936147055517,Calibrated Linear SVM
huggingface_uit-sentiment-dataset-reddit-2000-balanced::1m2igfi,Stress,0.5706437346627927,0.5706437346627927,Calibrated Linear SVM
huggingface_uit-sentiment-dataset-reddit-2000-balanced::1m2qgm1,Stress,0.7875146915348502,0.7875146915348502,Calibrated Linear SVM
huggingface_uit-sentiment-dataset-reddit-2000-balanced::1m2v4t6,Stress,0.9586455706432968,0.9586455706432968,Calibrated Linear SVM
huggingface_uit-sentiment-dataset-reddit-2000-balanced::1m2ysw4,Stress,0.961556171401074,0.961556171401074,Calibrated Linear SVM
huggingface_uit-sentiment-dataset-reddit-2000-balanced::1m3dn66,No stress,0.38041231887312427,0.6195876811268758,Calibrated Linear SVM
huggingface_uit-sentiment-dataset-reddit-2000-balanced::1m3hezd,No stress,0.46425996394524754,0.5357400360547525,Calibrated Linear SVM
huggingface_uit-sentiment-dataset-reddit-2000-balanced::1m3p5f2,No stress,0.38885020976936974,0.6111497902306303,Calibrated Linear SVM
huggingface_uit-sentiment-dataset-reddit-2000-balanced::1m4077q,No stress,0.07300188536400802,0.926998114635992,Calibrated Linear SVM
huggingface_uit-sentiment-dataset-reddit-2000-balanced::1m4ge1a,Stress,0.9579245135541837,0.9579245135541837,Calibrated Linear SVM
huggingface_uit-sentiment-dataset-reddit-2000-balanced::1m5bez1,No stress,0.4548566830189132,0.5451433169810868,Calibrated Linear SVM
huggingface_uit-sentiment-dataset-reddit-2000-balanced::1m5gl6e,Stress,0.5783429112525472,0.5783429112525472,Calibrated Linear SVM
huggingface_uit-sentiment-dataset-reddit-2000-balanced::1m5hi63,Stress,0.677165825025363,0.677165825025363,Calibrated Linear SVM
huggingface_uit-sentiment-dataset-reddit-2000-balanced::1m75dy0,Stress,0.7454210770867035,0.7454210770867035,Calibrated Linear SVM
huggingface_uit-sentiment-dataset-reddit-2000-balanced::1m7bd41,Stress,0.9066291752546597,0.9066291752546597,Calibrated Linear SVM
huggingface_uit-sentiment-dataset-reddit-2000-balanced::1m7bec4,Stress,0.9369563085266006,0.9369563085266006,Calibrated Linear SVM
huggingface_uit-sentiment-dataset-reddit-2000-balanced::1m8pyvr,Stress,0.989664067298556,0.989664067298556,Calibrated Linear SVM
huggingface_uit-sentiment-dataset-reddit-2000-balanced::1m9eqxw,Stress,0.9549602459858221,0.9549602459858221,Calibrated Linear SVM
huggingface_uit-sentiment-dataset-reddit-2000-balanced::1m9mz99,No stress,0.2751254537166878,0.7248745462833122,Calibrated Linear SVM
huggingface_uit-sentiment-dataset-reddit-2000-balanced::1m9vewy,Stress,0.9248199455377395,0.9248199455377395,Calibrated Linear SVM
huggingface_uit-sentiment-dataset-reddit-2000-balanced::1m9wshe,No stress,0.4574383515704506,0.5425616484295493,Calibrated Linear SVM
huggingface_uit-sentiment-dataset-reddit-2000-balanced::1mbgn08,No stress,0.32027493013008573,0.6797250698699143,Calibrated Linear SVM
huggingface_uit-sentiment-dataset-reddit-2000-balanced::1mbtva9,Stress,0.801166360348114,0.801166360348114,Calibrated Linear SVM
huggingface_uit-sentiment-dataset-reddit-2000-balanced::1mci1dy,Stress,0.6211712576346718,0.6211712576346718,Calibrated Linear SVM
huggingface_uit-sentiment-dataset-reddit-2000-balanced::1mcnp9q,No stress,0.13204665184996014,0.8679533481500398,Calibrated Linear SVM
huggingface_uit-sentiment-dataset-reddit-2000-balanced::1mcp25i,No stress,0.3313582953259755,0.6686417046740245,Calibrated Linear SVM
huggingface_uit-sentiment-dataset-reddit-2000-balanced::1mdghxz,No stress,0.4237665980665069,0.576233401933493,Calibrated Linear SVM
huggingface_uit-sentiment-dataset-reddit-2000-balanced::1me0e39,No stress,0.3960519383986439,0.6039480616013561,Calibrated Linear SVM
huggingface_uit-sentiment-dataset-reddit-2000-balanced::1me6hrh,Stress,0.9558436656451281,0.9558436656451281,Calibrated Linear SVM
huggingface_uit-sentiment-dataset-reddit-2000-balanced::1mefxyx,Stress,0.8204381697867099,0.8204381697867099,Calibrated Linear SVM
huggingface_uit-sentiment-dataset-reddit-2000-balanced::1men5d9,No stress,0.16620558554457235,0.8337944144554276,Calibrated Linear SVM
huggingface_uit-sentiment-dataset-reddit-2000-balanced::1mepeqh,Stress,0.5287826098886125,0.5287826098886125,Calibrated Linear SVM
huggingface_uit-sentiment-dataset-reddit-2000-balanced::1mf6rtq,No stress,0.1765088387194691,0.8234911612805309,Calibrated Linear SVM
huggingface_uit-sentiment-dataset-reddit-2000-balanced::1mfjerx,No stress,0.14467085826771073,0.8553291417322892,Calibrated Linear SVM
huggingface_uit-sentiment-dataset-reddit-2000-balanced::1mfl0kp,Stress,0.8440149306645278,0.8440149306645278,Calibrated Linear SVM
huggingface_uit-sentiment-dataset-reddit-2000-balanced::1mflitc,Stress,0.9166777899645043,0.9166777899645043,Calibrated Linear SVM
huggingface_uit-sentiment-dataset-reddit-2000-balanced::1mfw96w,Stress,0.5105378616683248,0.5105378616683248,Calibrated Linear SVM
huggingface_uit-sentiment-dataset-reddit-2000-balanced::1mfxkxl,No stress,0.19002329458782308,0.8099767054121769,Calibrated Linear SVM
huggingface_uit-sentiment-dataset-reddit-2000-balanced::1mg26g0,Stress,0.7392140790472302,0.7392140790472302,Calibrated Linear SVM
huggingface_uit-sentiment-dataset-reddit-2000-balanced::1mg6i0t,No stress,0.2431173403623418,0.7568826596376582,Calibrated Linear SVM
huggingface_uit-sentiment-dataset-reddit-2000-balanced::1mg8q5f,Stress,0.9066570778260701,0.9066570778260701,Calibrated Linear SVM
huggingface_uit-sentiment-dataset-reddit-2000-balanced::1mh35iq,Stress,0.8415173778849628,0.8415173778849628,Calibrated Linear SVM
huggingface_uit-sentiment-dataset-reddit-2000-balanced::1mi8bkb,Stress,0.7497490034799368,0.7497490034799368,Calibrated Linear SVM
huggingface_uit-sentiment-dataset-reddit-2000-balanced::1midvvn,Stress,0.5890421210439749,0.5890421210439749,Calibrated Linear SVM
huggingface_uit-sentiment-dataset-reddit-2000-balanced::1mif94n,Stress,0.5251094246788472,0.5251094246788472,Calibrated Linear SVM
huggingface_uit-sentiment-dataset-reddit-2000-balanced::1mifuqk,No stress,0.16162623063279222,0.8383737693672079,Calibrated Linear SVM
huggingface_uit-sentiment-dataset-reddit-2000-balanced::1mignjq,No stress,0.26838818354664096,0.731611816453359,Calibrated Linear SVM
huggingface_uit-sentiment-dataset-reddit-2000-balanced::1mih2wn,No stress,0.08090817659445593,0.9190918234055442,Calibrated Linear SVM
huggingface_uit-sentiment-dataset-reddit-2000-balanced::1milmrl,No stress,0.12124118936616274,0.8787588106338372,Calibrated Linear SVM
huggingface_uit-sentiment-dataset-reddit-2000-balanced::1mimwe9,No stress,0.18661580797152885,0.8133841920284711,Calibrated Linear SVM
huggingface_uit-sentiment-dataset-reddit-2000-balanced::1mineg9,Stress,0.7994891686424999,0.7994891686424999,Calibrated Linear SVM
huggingface_uit-sentiment-dataset-reddit-2000-balanced::1minkba,Stress,0.7568849924183086,0.7568849924183086,Calibrated Linear SVM
huggingface_uit-sentiment-dataset-reddit-2000-balanced::1mirq08,No stress,0.1832575219459933,0.8167424780540067,Calibrated Linear SVM
huggingface_uit-sentiment-dataset-reddit-2000-balanced::1miyz69,Stress,0.8980725783701394,0.8980725783701394,Calibrated Linear SVM
huggingface_uit-sentiment-dataset-reddit-2000-balanced::1mj5rta,Stress,0.9046340833776996,0.9046340833776996,Calibrated Linear SVM
huggingface_uit-sentiment-dataset-reddit-2000-balanced::1mj6cvx,Stress,0.7061499010925804,0.7061499010925804,Calibrated Linear SVM
huggingface_uit-sentiment-dataset-reddit-2000-balanced::1mj78xy,Stress,0.7610412832031793,0.7610412832031793,Calibrated Linear SVM
huggingface_uit-sentiment-dataset-reddit-2000-balanced::1mja836,No stress,0.420460926341424,0.579539073658576,Calibrated Linear SVM
huggingface_uit-sentiment-dataset-reddit-2000-balanced::1mjeorc,Stress,0.7023831121006276,0.7023831121006276,Calibrated Linear SVM
huggingface_uit-sentiment-dataset-reddit-2000-balanced::1mjfca4,Stress,0.5600394488244949,0.5600394488244949,Calibrated Linear SVM
huggingface_uit-sentiment-dataset-reddit-2000-balanced::1mjpgw6,Stress,0.6803773250078672,0.6803773250078672,Calibrated Linear SVM
huggingface_uit-sentiment-dataset-reddit-2000-balanced::1mjtq7o,No stress,0.3952247122177261,0.604775287782274,Calibrated Linear SVM
huggingface_uit-sentiment-dataset-reddit-2000-balanced::1mk61k5,No stress,0.24245721018586386,0.7575427898141361,Calibrated Linear SVM
huggingface_uit-sentiment-dataset-reddit-2000-balanced::1mk6gkp,Stress,0.5579798372203145,0.5579798372203145,Calibrated Linear SVM
huggingface_uit-sentiment-dataset-reddit-2000-balanced::1mk6ou7,Stress,0.7932009277843624,0.7932009277843624,Calibrated Linear SVM
huggingface_uit-sentiment-dataset-reddit-2000-balanced::1mk8tm8,Stress,0.8478487015850985,0.8478487015850985,Calibrated Linear SVM
huggingface_uit-sentiment-dataset-reddit-2000-balanced::1mk9xd9,Stress,0.507588634286067,0.507588634286067,Calibrated Linear SVM
huggingface_uit-sentiment-dataset-reddit-2000-balanced::1mkbcvz,No stress,0.29869835589612487,0.7013016441038751,Calibrated Linear SVM
huggingface_uit-sentiment-dataset-reddit-2000-balanced::1mkcl3u,Stress,0.92533842512853,0.92533842512853,Calibrated Linear SVM
huggingface_uit-sentiment-dataset-reddit-2000-balanced::1mkcwiv,Stress,0.5287104277414599,0.5287104277414599,Calibrated Linear SVM
huggingface_uit-sentiment-dataset-reddit-2000-balanced::1mkfja0,No stress,0.04422928114019514,0.9557707188598048,Calibrated Linear SVM
huggingface_uit-sentiment-dataset-reddit-2000-balanced::1mkiciq,No stress,0.2833535143114542,0.7166464856885458,Calibrated Linear SVM
huggingface_uit-sentiment-dataset-reddit-2000-balanced::1mklm9m,Stress,0.7745234700237544,0.7745234700237544,Calibrated Linear SVM
huggingface_uit-sentiment-dataset-reddit-2000-balanced::1mkmajg,No stress,0.21106033105494157,0.7889396689450584,Calibrated Linear SVM
huggingface_uit-sentiment-dataset-reddit-2000-balanced::1mknca1,Stress,0.6309206301146101,0.6309206301146101,Calibrated Linear SVM
huggingface_uit-sentiment-dataset-reddit-2000-balanced::1mkon92,No stress,0.2502981070424342,0.7497018929575657,Calibrated Linear SVM
huggingface_uit-sentiment-dataset-reddit-2000-balanced::1mku5nb,No stress,0.22249409815507049,0.7775059018449296,Calibrated Linear SVM
huggingface_uit-sentiment-dataset-reddit-2000-balanced::1mkyzp0,No stress,0.22198837764326707,0.7780116223567329,Calibrated Linear SVM
huggingface_uit-sentiment-dataset-reddit-2000-balanced::1ml3efw,Stress,0.7205172554841607,0.7205172554841607,Calibrated Linear SVM
huggingface_uit-sentiment-dataset-reddit-2000-balanced::1ml401a,Stress,0.6248620298519696,0.6248620298519696,Calibrated Linear SVM
huggingface_uit-sentiment-dataset-reddit-2000-balanced::1ml4zk8,Stress,0.9229399014945497,0.9229399014945497,Calibrated Linear SVM
huggingface_uit-sentiment-dataset-reddit-2000-balanced::1ml75cs,Stress,0.9329230472464335,0.9329230472464335,Calibrated Linear SVM
huggingface_uit-sentiment-dataset-reddit-2000-balanced::1mleucx,Stress,0.8140741735561724,0.8140741735561724,Calibrated Linear SVM
huggingface_uit-sentiment-dataset-reddit-2000-balanced::1mlfyja,No stress,0.31580884581214724,0.6841911541878528,Calibrated Linear SVM
huggingface_uit-sentiment-dataset-reddit-2000-balanced::1mli9gy,Stress,0.5521400332664421,0.5521400332664421,Calibrated Linear SVM
huggingface_uit-sentiment-dataset-reddit-2000-balanced::1mlizsm,Stress,0.9702034691514929,0.9702034691514929,Calibrated Linear SVM
huggingface_uit-sentiment-dataset-reddit-2000-balanced::1mljhha,No stress,0.15042226492297864,0.8495777350770214,Calibrated Linear SVM
huggingface_uit-sentiment-dataset-reddit-2000-balanced::1mlo6h6,Stress,0.7949465464485188,0.7949465464485188,Calibrated Linear SVM
huggingface_uit-sentiment-dataset-reddit-2000-balanced::1mlodr1,Stress,0.8642019785254552,0.8642019785254552,Calibrated Linear SVM
huggingface_uit-sentiment-dataset-reddit-2000-balanced::1mloh4o,No stress,0.4862952664502269,0.5137047335497731,Calibrated Linear SVM
huggingface_uit-sentiment-dataset-reddit-2000-balanced::1mlpf3t,No stress,0.16073198799776292,0.8392680120022371,Calibrated Linear SVM
huggingface_uit-sentiment-dataset-reddit-2000-balanced::1mlqayv,Stress,0.9475419919685036,0.9475419919685036,Calibrated Linear SVM
huggingface_uit-sentiment-dataset-reddit-2000-balanced::1mlvlnx,No stress,0.30785497119200117,0.6921450288079988,Calibrated Linear SVM
huggingface_uit-sentiment-dataset-reddit-2000-balanced::1mlxa19,Stress,0.9400617607918479,0.9400617607918479,Calibrated Linear SVM
huggingface_uit-sentiment-dataset-reddit-2000-balanced::1mlyne0,Stress,0.6097198182828413,0.6097198182828413,Calibrated Linear SVM
huggingface_uit-sentiment-dataset-reddit-2000-balanced::1mm9sg0,Stress,0.78151287571465,0.78151287571465,Calibrated Linear SVM
huggingface_uit-sentiment-dataset-reddit-2000-balanced::1mmcaww,Stress,0.7719306052463059,0.7719306052463059,Calibrated Linear SVM
huggingface_uit-sentiment-dataset-reddit-2000-balanced::1mmcknq,No stress,0.1650231085097405,0.8349768914902594,Calibrated Linear SVM
huggingface_uit-sentiment-dataset-reddit-2000-balanced::1mmezqv,Stress,0.6140024972337402,0.6140024972337402,Calibrated Linear SVM
huggingface_uit-sentiment-dataset-reddit-2000-balanced::1mmgfxd,Stress,0.9214344602313421,0.9214344602313421,Calibrated Linear SVM
huggingface_uit-sentiment-dataset-reddit-2000-balanced::1mmlckl,No stress,0.2863299979938031,0.7136700020061969,Calibrated Linear SVM
huggingface_uit-sentiment-dataset-reddit-2000-balanced::1mmpisb,No stress,0.23216927881365756,0.7678307211863423,Calibrated Linear SVM
huggingface_uit-sentiment-dataset-reddit-2000-balanced::1mmrb2p,Stress,0.9210717061761827,0.9210717061761827,Calibrated Linear SVM
huggingface_uit-sentiment-dataset-reddit-2000-balanced::1mmsjsp,No stress,0.21939719746938727,0.7806028025306126,Calibrated Linear SVM
huggingface_uit-sentiment-dataset-reddit-2000-balanced::1mn11wa,Stress,0.9018701871464617,0.9018701871464617,Calibrated Linear SVM
huggingface_uit-sentiment-dataset-reddit-2000-balanced::1mn4r0d,No stress,0.2000283436067649,0.7999716563932351,Calibrated Linear SVM
huggingface_uit-sentiment-dataset-reddit-2000-balanced::1mn9g6u,Stress,0.9486677559005418,0.9486677559005418,Calibrated Linear SVM
huggingface_uit-sentiment-dataset-reddit-2000-balanced::1mnc7vq,No stress,0.2735570179267685,0.7264429820732315,Calibrated Linear SVM
huggingface_uit-sentiment-dataset-reddit-2000-balanced::1mni6ol,No stress,0.4827206688394232,0.5172793311605768,Calibrated Linear SVM
huggingface_uit-sentiment-dataset-reddit-2000-balanced::1mnv1v0,No stress,0.149204575398908,0.8507954246010919,Calibrated Linear SVM
huggingface_uit-sentiment-dataset-reddit-2000-balanced::1mnzjxb,Stress,0.8105454150306559,0.8105454150306559,Calibrated Linear SVM
huggingface_uit-sentiment-dataset-reddit-2000-balanced::1mo1sq4,Stress,0.6036551108779183,0.6036551108779183,Calibrated Linear SVM
huggingface_uit-sentiment-dataset-reddit-2000-balanced::1mo2x3i,Stress,0.7918672638755422,0.7918672638755422,Calibrated Linear SVM
huggingface_uit-sentiment-dataset-reddit-2000-balanced::1mo7i38,No stress,0.41656058590381567,0.5834394140961844,Calibrated Linear SVM
huggingface_uit-sentiment-dataset-reddit-2000-balanced::1mo8q7t,No stress,0.20023600901805072,0.7997639909819493,Calibrated Linear SVM
huggingface_uit-sentiment-dataset-reddit-2000-balanced::1mogrbf,Stress,0.9035452061449195,0.9035452061449195,Calibrated Linear SVM
huggingface_uit-sentiment-dataset-reddit-2000-balanced::1morer4,No stress,0.4258290533965477,0.5741709466034522,Calibrated Linear SVM
huggingface_uit-sentiment-dataset-reddit-2000-balanced::1mp6eqt,No stress,0.3104994502645786,0.6895005497354214,Calibrated Linear SVM
huggingface_uit-sentiment-dataset-reddit-2000-balanced::1mp8rre,Stress,0.7915745743080892,0.7915745743080892,Calibrated Linear SVM
huggingface_uit-sentiment-dataset-reddit-2000-balanced::1mpcblk,Stress,0.8132599278538336,0.8132599278538336,Calibrated Linear SVM
huggingface_uit-sentiment-dataset-reddit-2000-balanced::1mphl43,Stress,0.6996933792757165,0.6996933792757165,Calibrated Linear SVM
huggingface_uit-sentiment-dataset-reddit-2000-balanced::1mpktpo,Stress,0.8489663770409012,0.8489663770409012,Calibrated Linear SVM
huggingface_uit-sentiment-dataset-reddit-2000-balanced::1mprvgo,Stress,0.9229378449158058,0.9229378449158058,Calibrated Linear SVM
huggingface_uit-sentiment-dataset-reddit-2000-balanced::1mpyqhi,Stress,0.8962746720097114,0.8962746720097114,Calibrated Linear SVM
huggingface_uit-sentiment-dataset-reddit-2000-balanced::1mq3b76,No stress,0.05157587264573368,0.9484241273542663,Calibrated Linear SVM
huggingface_uit-sentiment-dataset-reddit-2000-balanced::1mqaag2,Stress,0.9686288236814913,0.9686288236814913,Calibrated Linear SVM
huggingface_uit-sentiment-dataset-reddit-2000-balanced::1mqpus2,Stress,0.6334894711563933,0.6334894711563933,Calibrated Linear SVM
huggingface_uit-sentiment-dataset-reddit-2000-balanced::1mqsfkj,Stress,0.6331467350637451,0.6331467350637451,Calibrated Linear SVM
huggingface_uit-sentiment-dataset-reddit-2000-balanced::1mqtn95,No stress,0.4858258096218704,0.5141741903781296,Calibrated Linear SVM
huggingface_uit-sentiment-dataset-reddit-2000-balanced::1mr7c52,Stress,0.6829547762853574,0.6829547762853574,Calibrated Linear SVM
huggingface_uit-sentiment-dataset-reddit-2000-balanced::1mr7ewz,Stress,0.925351073153867,0.925351073153867,Calibrated Linear SVM
huggingface_uit-sentiment-dataset-reddit-2000-balanced::1mr9enj,Stress,0.9628730197296113,0.9628730197296113,Calibrated Linear SVM
huggingface_uit-sentiment-dataset-reddit-2000-balanced::1mrbvi9,Stress,0.6235441532655384,0.6235441532655384,Calibrated Linear SVM
huggingface_uit-sentiment-dataset-reddit-2000-balanced::1mrd3bg,No stress,0.25506813081453167,0.7449318691854683,Calibrated Linear SVM
huggingface_uit-sentiment-dataset-reddit-2000-balanced::1mrfpg3,Stress,0.7195913449105822,0.7195913449105822,Calibrated Linear SVM
huggingface_uit-sentiment-dataset-reddit-2000-balanced::1mrh153,Stress,0.9217577760013781,0.9217577760013781,Calibrated Linear SVM
huggingface_uit-sentiment-dataset-reddit-2000-balanced::1mritfr,Stress,0.7378288523379851,0.7378288523379851,Calibrated Linear SVM
huggingface_uit-sentiment-dataset-reddit-2000-balanced::1mrltsz,Stress,0.9283775500873593,0.9283775500873593,Calibrated Linear SVM
huggingface_uit-sentiment-dataset-reddit-2000-balanced::1mrmsf5,Stress,0.8055523342019605,0.8055523342019605,Calibrated Linear SVM
huggingface_uit-sentiment-dataset-reddit-2000-balanced::1mrpuxl,Stress,0.5397174874306306,0.5397174874306306,Calibrated Linear SVM
huggingface_uit-sentiment-dataset-reddit-2000-balanced::1mrttr8,Stress,0.9775291116449251,0.9775291116449251,Calibrated Linear SVM
huggingface_uit-sentiment-dataset-reddit-2000-balanced::1ms1mz1,Stress,0.9240287961264323,0.9240287961264323,Calibrated Linear SVM
huggingface_uit-sentiment-dataset-reddit-2000-balanced::1ms200u,Stress,0.9837226261951392,0.9837226261951392,Calibrated Linear SVM
huggingface_uit-sentiment-dataset-reddit-2000-balanced::1ms4ibq,Stress,0.6757662665919266,0.6757662665919266,Calibrated Linear SVM
huggingface_uit-sentiment-dataset-reddit-2000-balanced::1msdo6m,Stress,0.892772292533528,0.892772292533528,Calibrated Linear SVM
huggingface_uit-sentiment-dataset-reddit-2000-balanced::1msnm3o,No stress,0.2767422386251472,0.7232577613748529,Calibrated Linear SVM
huggingface_uit-sentiment-dataset-reddit-2000-balanced::1mt4ojv,Stress,0.8997807850286991,0.8997807850286991,Calibrated Linear SVM
huggingface_uit-sentiment-dataset-reddit-2000-balanced::1mtiwy6,Stress,0.9496648951911904,0.9496648951911904,Calibrated Linear SVM
huggingface_uit-sentiment-dataset-reddit-2000-balanced::1mtnjqs,No stress,0.3161992864569865,0.6838007135430134,Calibrated Linear SVM
huggingface_uit-sentiment-dataset-reddit-2000-balanced::1mty0k2,No stress,0.4440440518854589,0.5559559481145411,Calibrated Linear SVM
huggingface_uit-sentiment-dataset-reddit-2000-balanced::1mu3su7,Stress,0.94962465187451,0.94962465187451,Calibrated Linear SVM
huggingface_uit-sentiment-dataset-reddit-2000-balanced::1mvbixs,No stress,0.47607066544892646,0.5239293345510735,Calibrated Linear SVM
huggingface_uit-sentiment-dataset-reddit-2000-balanced::1mvcm4m,Stress,0.8465597492896694,0.8465597492896694,Calibrated Linear SVM
huggingface_uit-sentiment-dataset-reddit-2000-balanced::1mvcort,No stress,0.3031415185299304,0.6968584814700697,Calibrated Linear SVM
huggingface_uit-sentiment-dataset-reddit-2000-balanced::1mw5512,Stress,0.5718186097443034,0.5718186097443034,Calibrated Linear SVM
huggingface_uit-sentiment-dataset-reddit-2000-balanced::1mwjw3c,Stress,0.6085122132034039,0.6085122132034039,Calibrated Linear SVM
huggingface_uit-sentiment-dataset-reddit-2000-balanced::1mxhh7k,No stress,0.25439309039549757,0.7456069096045024,Calibrated Linear SVM
huggingface_uit-sentiment-dataset-reddit-2000-balanced::1mxnbb7,No stress,0.23381974990827695,0.7661802500917231,Calibrated Linear SVM
huggingface_uit-sentiment-dataset-reddit-2000-balanced::1mxsuok,No stress,0.23065774340264258,0.7693422565973574,Calibrated Linear SVM
huggingface_uit-sentiment-dataset-reddit-2000-balanced::1mxyw7t,Stress,0.6590373238895251,0.6590373238895251,Calibrated Linear SVM
huggingface_uit-sentiment-dataset-reddit-2000-balanced::1mydvzs,No stress,0.09233942192142298,0.907660578078577,Calibrated Linear SVM
huggingface_uit-sentiment-dataset-reddit-2000-balanced::1myfedc,Stress,0.9390494303183416,0.9390494303183416,Calibrated Linear SVM
huggingface_uit-sentiment-dataset-reddit-2000-balanced::1myjix2,No stress,0.46785776743296265,0.5321422325670374,Calibrated Linear SVM
huggingface_uit-sentiment-dataset-reddit-2000-balanced::1myn4h1,No stress,0.4262330230340354,0.5737669769659647,Calibrated Linear SVM
huggingface_uit-sentiment-dataset-reddit-2000-balanced::1myzh2k,Stress,0.7723927634939444,0.7723927634939444,Calibrated Linear SVM
huggingface_uit-sentiment-dataset-reddit-2000-balanced::1myzthd,Stress,0.9838618199173563,0.9838618199173563,Calibrated Linear SVM
huggingface_uit-sentiment-dataset-reddit-2000-balanced::1mz097s,Stress,0.7404662848621243,0.7404662848621243,Calibrated Linear SVM
huggingface_uit-sentiment-dataset-reddit-2000-balanced::1mzfhyl,Stress,0.9749868309023818,0.9749868309023818,Calibrated Linear SVM
huggingface_uit-sentiment-dataset-reddit-2000-balanced::1mzruby,No stress,0.1126670642658934,0.8873329357341065,Calibrated Linear SVM
huggingface_uit-sentiment-dataset-reddit-2000-balanced::1n09g2f,Stress,0.7620328360143654,0.7620328360143654,Calibrated Linear SVM
huggingface_uit-sentiment-dataset-reddit-2000-balanced::1n0qpvu,Stress,0.7769001164785282,0.7769001164785282,Calibrated Linear SVM
huggingface_uit-sentiment-dataset-reddit-2000-balanced::1n15a85,Stress,0.727770356587503,0.727770356587503,Calibrated Linear SVM
huggingface_uit-sentiment-dataset-reddit-2000-balanced::1n1ojmx,Stress,0.926527565033176,0.926527565033176,Calibrated Linear SVM
huggingface_uit-sentiment-dataset-reddit-2000-balanced::1n1p83g,Stress,0.8537263091860431,0.8537263091860431,Calibrated Linear SVM
huggingface_uit-sentiment-dataset-reddit-2000-balanced::1n1rmey,Stress,0.8558946334256268,0.8558946334256268,Calibrated Linear SVM
huggingface_uit-sentiment-dataset-reddit-2000-balanced::1n27vhg,No stress,0.18681731682069136,0.8131826831793086,Calibrated Linear SVM
huggingface_uit-sentiment-dataset-reddit-2000-balanced::1n3bhzv,Stress,0.967285926755247,0.967285926755247,Calibrated Linear SVM
huggingface_uit-sentiment-dataset-reddit-2000-balanced::1n3cfi8,Stress,0.9461118151180843,0.9461118151180843,Calibrated Linear SVM
huggingface_uit-sentiment-dataset-reddit-2000-balanced::1n3tlpr,Stress,0.7932825430264024,0.7932825430264024,Calibrated Linear SVM
huggingface_uit-sentiment-dataset-reddit-2000-balanced::1n3uxd8,Stress,0.5498328655142862,0.5498328655142862,Calibrated Linear SVM
huggingface_uit-sentiment-dataset-reddit-2000-balanced::1n47cov,No stress,0.12404058842958775,0.8759594115704122,Calibrated Linear SVM
huggingface_uit-sentiment-dataset-reddit-2000-balanced::1n49d39,Stress,0.9129360521064172,0.9129360521064172,Calibrated Linear SVM
huggingface_uit-sentiment-dataset-reddit-2000-balanced::1n4awef,Stress,0.6940656060186443,0.6940656060186443,Calibrated Linear SVM
huggingface_uit-sentiment-dataset-reddit-2000-balanced::1n4byb1,Stress,0.9164048816857995,0.9164048816857995,Calibrated Linear SVM
huggingface_uit-sentiment-dataset-reddit-2000-balanced::1n5uvk7,Stress,0.9621275687810581,0.9621275687810581,Calibrated Linear SVM
huggingface_uit-sentiment-dataset-reddit-2000-balanced::1n6kvkl,Stress,0.9354143693682118,0.9354143693682118,Calibrated Linear SVM
huggingface_uit-sentiment-dataset-reddit-2000-balanced::1n6kw9t,No stress,0.42310385171354165,0.5768961482864584,Calibrated Linear SVM
huggingface_uit-sentiment-dataset-reddit-2000-balanced::1n70d2u,Stress,0.9169114025662651,0.9169114025662651,Calibrated Linear SVM
huggingface_uit-sentiment-dataset-reddit-2000-balanced::1n78kyw,Stress,0.7961470868685169,0.7961470868685169,Calibrated Linear SVM
huggingface_uit-sentiment-dataset-reddit-2000-balanced::1n7qz0u,No stress,0.3993172047889102,0.6006827952110898,Calibrated Linear SVM
huggingface_uit-sentiment-dataset-reddit-2000-balanced::1n8j6lv,No stress,0.4018563225176424,0.5981436774823575,Calibrated Linear SVM
huggingface_uit-sentiment-dataset-reddit-2000-balanced::1n8n3ww,Stress,0.7273911782358451,0.7273911782358451,Calibrated Linear SVM
huggingface_uit-sentiment-dataset-reddit-2000-balanced::1n8pwyd,No stress,0.20503066982304693,0.794969330176953,Calibrated Linear SVM
huggingface_uit-sentiment-dataset-reddit-2000-balanced::1n8yjid,Stress,0.7752777616026522,0.7752777616026522,Calibrated Linear SVM
huggingface_uit-sentiment-dataset-reddit-2000-balanced::1n9cqhl,No stress,0.19597554826973887,0.8040244517302612,Calibrated Linear SVM
huggingface_uit-sentiment-dataset-reddit-2000-balanced::1n9v6la,Stress,0.8297694234486315,0.8297694234486315,Calibrated Linear SVM
huggingface_uit-sentiment-dataset-reddit-2000-balanced::1nbwp80,Stress,0.8738410941650946,0.8738410941650946,Calibrated Linear SVM
huggingface_uit-sentiment-dataset-reddit-2000-balanced::1ncjzvh,Stress,0.9689571360026689,0.9689571360026689,Calibrated Linear SVM
huggingface_uit-sentiment-dataset-reddit-2000-balanced::1ncmiab,Stress,0.9754038598731377,0.9754038598731377,Calibrated Linear SVM
huggingface_uit-sentiment-dataset-reddit-2000-balanced::1ncpn3v,Stress,0.6274565324453575,0.6274565324453575,Calibrated Linear SVM
huggingface_uit-sentiment-dataset-reddit-2000-balanced::1ncukrk,No stress,0.4992601400003947,0.5007398599996052,Calibrated Linear SVM
huggingface_uit-sentiment-dataset-reddit-2000-balanced::1ndc7z8,No stress,0.25838411804137845,0.7416158819586215,Calibrated Linear SVM
huggingface_uit-sentiment-dataset-reddit-2000-balanced::1nddsk9,Stress,0.9161965460427758,0.9161965460427758,Calibrated Linear SVM
huggingface_uit-sentiment-dataset-reddit-2000-balanced::1ndw2y0,Stress,0.9386419119953938,0.9386419119953938,Calibrated Linear SVM
huggingface_uit-sentiment-dataset-reddit-2000-balanced::1nedc4s,Stress,0.6149076052947683,0.6149076052947683,Calibrated Linear SVM
huggingface_uit-sentiment-dataset-reddit-2000-balanced::1nefx2l,No stress,0.19318585503675476,0.8068141449632454,Calibrated Linear SVM
huggingface_uit-sentiment-dataset-reddit-2000-balanced::1nelmku,No stress,0.21586459585446524,0.7841354041455347,Calibrated Linear SVM
huggingface_uit-sentiment-dataset-reddit-2000-balanced::1nem7e6,Stress,0.9703771487362213,0.9703771487362213,Calibrated Linear SVM
huggingface_uit-sentiment-dataset-reddit-2000-balanced::1nemxad,Stress,0.6428756024222687,0.6428756024222687,Calibrated Linear SVM
huggingface_uit-sentiment-dataset-reddit-2000-balanced::1net7sp,No stress,0.21330559434680543,0.7866944056531945,Calibrated Linear SVM
huggingface_uit-sentiment-dataset-reddit-2000-balanced::1ng4kpp,Stress,0.9243674051629869,0.9243674051629869,Calibrated Linear SVM
huggingface_uit-sentiment-dataset-reddit-2000-balanced::1ngrmwy,Stress,0.7941627252736501,0.7941627252736501,Calibrated Linear SVM
huggingface_uit-sentiment-dataset-reddit-2000-balanced::1nhayg1,Stress,0.8763437889176386,0.8763437889176386,Calibrated Linear SVM
huggingface_uit-sentiment-dataset-reddit-2000-balanced::1nhbn44,No stress,0.29068281673063506,0.709317183269365,Calibrated Linear SVM
huggingface_uit-sentiment-dataset-reddit-2000-balanced::1nhpxp7,Stress,0.8555439647661042,0.8555439647661042,Calibrated Linear SVM
huggingface_uit-sentiment-dataset-reddit-2000-balanced::1nhsiq8,Stress,0.525756659407577,0.525756659407577,Calibrated Linear SVM
huggingface_uit-sentiment-dataset-reddit-2000-balanced::1ni5cg0,Stress,0.8302265941337604,0.8302265941337604,Calibrated Linear SVM
huggingface_uit-sentiment-dataset-reddit-2000-balanced::1ni5tq3,Stress,0.5340829189991522,0.5340829189991522,Calibrated Linear SVM
huggingface_uit-sentiment-dataset-reddit-2000-balanced::1niaw9p,Stress,0.9021508417914627,0.9021508417914627,Calibrated Linear SVM
huggingface_uit-sentiment-dataset-reddit-2000-balanced::1nikn67,Stress,0.6752058644105242,0.6752058644105242,Calibrated Linear SVM
huggingface_uit-sentiment-dataset-reddit-2000-balanced::1nj4go8,Stress,0.7207327062282959,0.7207327062282959,Calibrated Linear SVM
huggingface_uit-sentiment-dataset-reddit-2000-balanced::1njdqh8,Stress,0.9060685963091669,0.9060685963091669,Calibrated Linear SVM
huggingface_uit-sentiment-dataset-reddit-2000-balanced::1njgqch,Stress,0.6344464204598493,0.6344464204598493,Calibrated Linear SVM
huggingface_uit-sentiment-dataset-reddit-2000-balanced::1nji780,Stress,0.9673748547433737,0.9673748547433737,Calibrated Linear SVM
huggingface_uit-sentiment-dataset-reddit-2000-balanced::1njjb1e,Stress,0.8887800433614496,0.8887800433614496,Calibrated Linear SVM
huggingface_uit-sentiment-dataset-reddit-2000-balanced::1njvsia,Stress,0.9409641786479308,0.9409641786479308,Calibrated Linear SVM
huggingface_uit-sentiment-dataset-reddit-2000-balanced::1nkbx6w,No stress,0.4825405721255853,0.5174594278744146,Calibrated Linear SVM
huggingface_uit-sentiment-dataset-reddit-2000-balanced::1nkotoe,Stress,0.8615765656339246,0.8615765656339246,Calibrated Linear SVM
huggingface_uit-sentiment-dataset-reddit-2000-balanced::1nlcbit,Stress,0.9469132357631541,0.9469132357631541,Calibrated Linear SVM
huggingface_uit-sentiment-dataset-reddit-2000-balanced::1nlmzh6,No stress,0.3433586796151473,0.6566413203848527,Calibrated Linear SVM
huggingface_uit-sentiment-dataset-reddit-2000-balanced::1nmfiw9,Stress,0.6910018782044539,0.6910018782044539,Calibrated Linear SVM
huggingface_uit-sentiment-dataset-reddit-2000-balanced::1nn7k2r,Stress,0.7862711084676297,0.7862711084676297,Calibrated Linear SVM
huggingface_uit-sentiment-dataset-reddit-2000-balanced::1nnczc6,Stress,0.7201826621621584,0.7201826621621584,Calibrated Linear SVM
huggingface_uit-sentiment-dataset-reddit-2000-balanced::1nojhy6,Stress,0.8761616113586892,0.8761616113586892,Calibrated Linear SVM
huggingface_uit-sentiment-dataset-reddit-2000-balanced::1np7k09,Stress,0.5507881641676334,0.5507881641676334,Calibrated Linear SVM
huggingface_uit-sentiment-dataset-reddit-2000-balanced::1np80ga,Stress,0.9004501754726785,0.9004501754726785,Calibrated Linear SVM
huggingface_uit-sentiment-dataset-reddit-2000-balanced::1npqc95,Stress,0.8782633621460733,0.8782633621460733,Calibrated Linear SVM
huggingface_uit-sentiment-dataset-reddit-2000-balanced::1nq90nr,No stress,0.31702003164983567,0.6829799683501644,Calibrated Linear SVM
huggingface_uit-sentiment-dataset-reddit-2000-balanced::1nqh5se,No stress,0.44149931392000763,0.5585006860799924,Calibrated Linear SVM
huggingface_uit-sentiment-dataset-reddit-2000-balanced::1nqjspo,No stress,0.2164277122561018,0.7835722877438981,Calibrated Linear SVM
huggingface_uit-sentiment-dataset-reddit-2000-balanced::1nqs3xd,Stress,0.8749046665170885,0.8749046665170885,Calibrated Linear SVM
huggingface_uit-sentiment-dataset-reddit-2000-balanced::1nr0ebl,Stress,0.7175574426125074,0.7175574426125074,Calibrated Linear SVM
huggingface_uit-sentiment-dataset-reddit-2000-balanced::1nr3t9k,Stress,0.9519800605207399,0.9519800605207399,Calibrated Linear SVM
huggingface_uit-sentiment-dataset-reddit-2000-balanced::1ns0cbu,Stress,0.8446823196048975,0.8446823196048975,Calibrated Linear SVM
huggingface_uit-sentiment-dataset-reddit-2000-balanced::1nso0e8,Stress,0.7927485616744457,0.7927485616744457,Calibrated Linear SVM
huggingface_uit-sentiment-dataset-reddit-2000-balanced::1ntdts0,Stress,0.6154892891001752,0.6154892891001752,Calibrated Linear SVM
huggingface_uit-sentiment-dataset-reddit-2000-balanced::1ntg48p,Stress,0.852217281980547,0.852217281980547,Calibrated Linear SVM
huggingface_uit-sentiment-dataset-reddit-2000-balanced::1ntoxyp,Stress,0.5436370628451256,0.5436370628451256,Calibrated Linear SVM
huggingface_uit-sentiment-dataset-reddit-2000-balanced::1ntro0b,Stress,0.6160128192066671,0.6160128192066671,Calibrated Linear SVM
huggingface_uit-sentiment-dataset-reddit-2000-balanced::1nu7izl,Stress,0.7747357366126639,0.7747357366126639,Calibrated Linear SVM
huggingface_uit-sentiment-dataset-reddit-2000-balanced::1nu8mrm,No stress,0.12304697414332583,0.8769530258566741,Calibrated Linear SVM
huggingface_uit-sentiment-dataset-reddit-2000-balanced::1nuagos,No stress,0.2891265156215451,0.7108734843784549,Calibrated Linear SVM
huggingface_uit-sentiment-dataset-reddit-2000-balanced::1nuqbsi,Stress,0.8437674552753198,0.8437674552753198,Calibrated Linear SVM
huggingface_uit-sentiment-dataset-reddit-2000-balanced::1nv856m,Stress,0.807201490069937,0.807201490069937,Calibrated Linear SVM
huggingface_uit-sentiment-dataset-reddit-2000-balanced::1nvh2zj,Stress,0.5260478994449319,0.5260478994449319,Calibrated Linear SVM
huggingface_uit-sentiment-dataset-reddit-2000-balanced::1nw95xw,Stress,0.6445889868161411,0.6445889868161411,Calibrated Linear SVM
huggingface_uit-sentiment-dataset-reddit-2000-balanced::1nwdwbw,Stress,0.9732124008935558,0.9732124008935558,Calibrated Linear SVM
huggingface_uit-sentiment-dataset-reddit-2000-balanced::1nwesz7,Stress,0.6088762229939867,0.6088762229939867,Calibrated Linear SVM
huggingface_uit-sentiment-dataset-reddit-2000-balanced::1nwt715,Stress,0.9561929122549407,0.9561929122549407,Calibrated Linear SVM
huggingface_uit-sentiment-dataset-reddit-2000-balanced::1nyjhpd,Stress,0.5182505431297119,0.5182505431297119,Calibrated Linear SVM
huggingface_uit-sentiment-dataset-reddit-2000-balanced::1nyqmhv,No stress,0.3073474496019239,0.6926525503980762,Calibrated Linear SVM
huggingface_uit-sentiment-dataset-reddit-2000-balanced::1nzgehj,No stress,0.25747448632385517,0.7425255136761448,Calibrated Linear SVM
huggingface_uit-sentiment-dataset-reddit-2000-balanced::1nzghq5,Stress,0.7256306132372695,0.7256306132372695,Calibrated Linear SVM
huggingface_uit-sentiment-dataset-reddit-2000-balanced::1nzuam6,No stress,0.439184325682874,0.560815674317126,Calibrated Linear SVM
huggingface_uit-sentiment-dataset-reddit-2000-balanced::1o17bn8,No stress,0.4355841753171543,0.5644158246828457,Calibrated Linear SVM
huggingface_uit-sentiment-dataset-reddit-2000-balanced::1o1ghv7,Stress,0.8187016944181527,0.8187016944181527,Calibrated Linear SVM
huggingface_uit-sentiment-dataset-reddit-2000-balanced::1o21hap,No stress,0.33357319369835187,0.6664268063016482,Calibrated Linear SVM
huggingface_uit-sentiment-dataset-reddit-2000-balanced::1o22iwo,Stress,0.8208276035340084,0.8208276035340084,Calibrated Linear SVM
huggingface_uit-sentiment-dataset-reddit-2000-balanced::1o23bri,Stress,0.5513059751400363,0.5513059751400363,Calibrated Linear SVM
huggingface_uit-sentiment-dataset-reddit-2000-balanced::1o23jvu,No stress,0.2728472471454498,0.7271527528545502,Calibrated Linear SVM
huggingface_uit-sentiment-dataset-reddit-2000-balanced::1o2q587,No stress,0.3500005550129848,0.6499994449870151,Calibrated Linear SVM
huggingface_uit-sentiment-dataset-reddit-2000-balanced::1o2t53m,No stress,0.41095878444202444,0.5890412155579755,Calibrated Linear SVM
huggingface_uit-sentiment-dataset-reddit-2000-balanced::1o3bnpd,No stress,0.486090013709121,0.513909986290879,Calibrated Linear SVM
huggingface_uit-sentiment-dataset-reddit-2000-balanced::1o3qes9,Stress,0.7090218323864712,0.7090218323864712,Calibrated Linear SVM
huggingface_uit-sentiment-dataset-reddit-2000-balanced::1o4h9hs,Stress,0.9882133856204224,0.9882133856204224,Calibrated Linear SVM
huggingface_uit-sentiment-dataset-reddit-2000-balanced::1o4ol0q,Stress,0.881860221751218,0.881860221751218,Calibrated Linear SVM
huggingface_uit-sentiment-dataset-reddit-2000-balanced::1o542qg,Stress,0.9656190508007775,0.9656190508007775,Calibrated Linear SVM
huggingface_uit-sentiment-dataset-reddit-2000-balanced::1o5cpuu,Stress,0.9236117631034668,0.9236117631034668,Calibrated Linear SVM
huggingface_uit-sentiment-dataset-reddit-2000-balanced::1o5su44,Stress,0.8178102962371678,0.8178102962371678,Calibrated Linear SVM
huggingface_uit-sentiment-dataset-reddit-2000-balanced::1o6qfgw,No stress,0.15257577869443215,0.8474242213055678,Calibrated Linear SVM
huggingface_uit-sentiment-dataset-reddit-2000-balanced::1o7ktur,Stress,0.541930812594354,0.541930812594354,Calibrated Linear SVM
huggingface_uit-sentiment-dataset-reddit-2000-balanced::1o7ngw8,Stress,0.6324104410313965,0.6324104410313965,Calibrated Linear SVM
huggingface_uit-sentiment-dataset-reddit-2000-balanced::1o7zdeg,Stress,0.6405837290115969,0.6405837290115969,Calibrated Linear SVM
huggingface_uit-sentiment-dataset-reddit-2000-balanced::1o8198b,No stress,0.4505933632577965,0.5494066367422036,Calibrated Linear SVM
huggingface_uit-sentiment-dataset-reddit-2000-balanced::1o9ghwq,Stress,0.9635362479983703,0.9635362479983703,Calibrated Linear SVM
huggingface_uit-sentiment-dataset-reddit-2000-balanced::1oa2p1q,Stress,0.5109648760072886,0.5109648760072886,Calibrated Linear SVM
huggingface_uit-sentiment-dataset-reddit-2000-balanced::1oa6bd8,No stress,0.4239893137864928,0.5760106862135072,Calibrated Linear SVM
huggingface_uit-sentiment-dataset-reddit-2000-balanced::1ob6fo3,No stress,0.281242375471293,0.7187576245287071,Calibrated Linear SVM
huggingface_uit-sentiment-dataset-reddit-2000-balanced::1obszym,No stress,0.4535647474206754,0.5464352525793247,Calibrated Linear SVM
huggingface_uit-sentiment-dataset-reddit-2000-balanced::1ocfrw4,No stress,0.4293936349635667,0.5706063650364334,Calibrated Linear SVM
huggingface_uit-sentiment-dataset-reddit-2000-balanced::1ocl8ha,Stress,0.5421697060941226,0.5421697060941226,Calibrated Linear SVM
huggingface_uit-sentiment-dataset-reddit-2000-balanced::1ocpbto,Stress,0.5101524896967499,0.5101524896967499,Calibrated Linear SVM
huggingface_uit-sentiment-dataset-reddit-2000-balanced::1oczmg0,Stress,0.9743998235843918,0.9743998235843918,Calibrated Linear SVM
huggingface_uit-sentiment-dataset-reddit-2000-balanced::1od0mju,No stress,0.2498014742301157,0.7501985257698843,Calibrated Linear SVM
huggingface_uit-sentiment-dataset-reddit-2000-balanced::1od4q3p,Stress,0.7932997023910534,0.7932997023910534,Calibrated Linear SVM
huggingface_uit-sentiment-dataset-reddit-2000-balanced::1od98ow,Stress,0.805419335583359,0.805419335583359,Calibrated Linear SVM
huggingface_uit-sentiment-dataset-reddit-2000-balanced::1odr0nh,No stress,0.10527629207584817,0.8947237079241518,Calibrated Linear SVM
huggingface_uit-sentiment-dataset-reddit-2000-balanced::1oe3ntv,Stress,0.754638616865877,0.754638616865877,Calibrated Linear SVM
huggingface_uit-sentiment-dataset-reddit-2000-balanced::1oerqcf,Stress,0.9265680269499805,0.9265680269499805,Calibrated Linear SVM
huggingface_uit-sentiment-dataset-reddit-2000-balanced::1ofiebp,Stress,0.7006011928610333,0.7006011928610333,Calibrated Linear SVM
huggingface_uit-sentiment-dataset-reddit-2000-balanced::1ofshgy,Stress,0.5608993021795552,0.5608993021795552,Calibrated Linear SVM
huggingface_uit-sentiment-dataset-reddit-2000-balanced::1ogsb5s,Stress,0.8916202774324177,0.8916202774324177,Calibrated Linear SVM
huggingface_uit-sentiment-dataset-reddit-2000-balanced::1ogtbts,Stress,0.9137162717439945,0.9137162717439945,Calibrated Linear SVM
huggingface_uit-sentiment-dataset-reddit-2000-balanced::1ogtgn6,No stress,0.14411716101441366,0.8558828389855865,Calibrated Linear SVM
huggingface_uit-sentiment-dataset-reddit-2000-balanced::1kbu8jw,No stress,0.2782735086722034,0.7217264913277965,Calibrated Linear SVM
huggingface_uit-sentiment-dataset-reddit-2000-balanced::1kc4aj0,No stress,0.40035189675827293,0.5996481032417271,Calibrated Linear SVM
huggingface_uit-sentiment-dataset-reddit-2000-balanced::1kc6cp7,No stress,0.09161081459131644,0.9083891854086836,Calibrated Linear SVM
huggingface_uit-sentiment-dataset-reddit-2000-balanced::1kc6wqm,No stress,0.2440981713096663,0.7559018286903337,Calibrated Linear SVM
huggingface_uit-sentiment-dataset-reddit-2000-balanced::1kcu0rs,Stress,0.7309651174919476,0.7309651174919476,Calibrated Linear SVM
huggingface_uit-sentiment-dataset-reddit-2000-balanced::1kcxr8u,No stress,0.4687509581063966,0.5312490418936034,Calibrated Linear SVM
huggingface_uit-sentiment-dataset-reddit-2000-balanced::1kd5lwe,No stress,0.017835148389548767,0.9821648516104512,Calibrated Linear SVM
huggingface_uit-sentiment-dataset-reddit-2000-balanced::1kd9cil,No stress,0.010384371016258812,0.9896156289837412,Calibrated Linear SVM
huggingface_uit-sentiment-dataset-reddit-2000-balanced::1kdes6e,No stress,0.08760645593853118,0.9123935440614689,Calibrated Linear SVM
huggingface_uit-sentiment-dataset-reddit-2000-balanced::1kdkg0j,No stress,0.02713804542329649,0.9728619545767034,Calibrated Linear SVM
huggingface_uit-sentiment-dataset-reddit-2000-balanced::1kdlwhp,No stress,0.49130227535117243,0.5086977246488276,Calibrated Linear SVM
huggingface_uit-sentiment-dataset-reddit-2000-balanced::1kdre5f,No stress,0.0799985698669302,0.9200014301330698,Calibrated Linear SVM
huggingface_uit-sentiment-dataset-reddit-2000-balanced::1kei8uj,No stress,0.23718151042374727,0.7628184895762526,Calibrated Linear SVM
huggingface_uit-sentiment-dataset-reddit-2000-balanced::1kfebga,Stress,0.7477834386028671,0.7477834386028671,Calibrated Linear SVM
huggingface_uit-sentiment-dataset-reddit-2000-balanced::1kg1rgx,Stress,0.7896152169531409,0.7896152169531409,Calibrated Linear SVM
huggingface_uit-sentiment-dataset-reddit-2000-balanced::1kg249v,Stress,0.7304706246096103,0.7304706246096103,Calibrated Linear SVM
huggingface_uit-sentiment-dataset-reddit-2000-balanced::1kg4pdo,No stress,0.010055544988384742,0.9899444550116153,Calibrated Linear SVM
huggingface_uit-sentiment-dataset-reddit-2000-balanced::1kg6ce3,No stress,0.4973588467854209,0.502641153214579,Calibrated Linear SVM
huggingface_uit-sentiment-dataset-reddit-2000-balanced::1kg70ya,No stress,0.021152174998023934,0.9788478250019761,Calibrated Linear SVM
huggingface_uit-sentiment-dataset-reddit-2000-balanced::1kg71ul,No stress,0.006888981997532095,0.9931110180024678,Calibrated Linear SVM
huggingface_uit-sentiment-dataset-reddit-2000-balanced::1kg72t3,No stress,0.01207826770015201,0.9879217322998479,Calibrated Linear SVM
huggingface_uit-sentiment-dataset-reddit-2000-balanced::1kg74gx,No stress,0.030252583306513894,0.9697474166934862,Calibrated Linear SVM
huggingface_uit-sentiment-dataset-reddit-2000-balanced::1kg75xx,No stress,0.010501692847517745,0.9894983071524823,Calibrated Linear SVM
huggingface_uit-sentiment-dataset-reddit-2000-balanced::1kg79tf,No stress,0.01730407866370695,0.9826959213362931,Calibrated Linear SVM
huggingface_uit-sentiment-dataset-reddit-2000-balanced::1kg7snu,No stress,0.04253856994975342,0.9574614300502465,Calibrated Linear SVM
huggingface_uit-sentiment-dataset-reddit-2000-balanced::1kg80ps,No stress,0.3837775992133676,0.6162224007866324,Calibrated Linear SVM
huggingface_uit-sentiment-dataset-reddit-2000-balanced::1kg8wlw,No stress,0.028377287087832177,0.9716227129121678,Calibrated Linear SVM
huggingface_uit-sentiment-dataset-reddit-2000-balanced::1kg8zm9,No stress,0.04952267908605407,0.950477320913946,Calibrated Linear SVM
huggingface_uit-sentiment-dataset-reddit-2000-balanced::1kgb040,No stress,0.008992527139107448,0.9910074728608925,Calibrated Linear SVM
huggingface_uit-sentiment-dataset-reddit-2000-balanced::1kgcjz6,Stress,0.8443092929789437,0.8443092929789437,Calibrated Linear SVM
huggingface_uit-sentiment-dataset-reddit-2000-balanced::1kggydh,No stress,0.08551589755301153,0.9144841024469885,Calibrated Linear SVM
huggingface_uit-sentiment-dataset-reddit-2000-balanced::1kglr2x,No stress,0.03093430786329644,0.9690656921367036,Calibrated Linear SVM
huggingface_uit-sentiment-dataset-reddit-2000-balanced::1kguqmd,No stress,0.051055533388034535,0.9489444666119655,Calibrated Linear SVM
huggingface_uit-sentiment-dataset-reddit-2000-balanced::1kgx5z3,Stress,0.7438206646672475,0.7438206646672475,Calibrated Linear SVM
huggingface_uit-sentiment-dataset-reddit-2000-balanced::1kh5vrx,Stress,0.6950957380331877,0.6950957380331877,Calibrated Linear SVM
huggingface_uit-sentiment-dataset-reddit-2000-balanced::1kh6aa7,Stress,0.5483027393279635,0.5483027393279635,Calibrated Linear SVM
huggingface_uit-sentiment-dataset-reddit-2000-balanced::1khhyuz,No stress,0.012487293276188393,0.9875127067238116,Calibrated Linear SVM
huggingface_uit-sentiment-dataset-reddit-2000-balanced::1khpgx2,No stress,0.07855007197432166,0.9214499280256784,Calibrated Linear SVM
huggingface_uit-sentiment-dataset-reddit-2000-balanced::1khvm9d,No stress,0.4565015391629432,0.5434984608370567,Calibrated Linear SVM
huggingface_uit-sentiment-dataset-reddit-2000-balanced::1kido1m,Stress,0.7606885896643143,0.7606885896643143,Calibrated Linear SVM
huggingface_uit-sentiment-dataset-reddit-2000-balanced::1kiforw,Stress,0.578908233143415,0.578908233143415,Calibrated Linear SVM
huggingface_uit-sentiment-dataset-reddit-2000-balanced::1kigmfo,No stress,0.3340405798458553,0.6659594201541448,Calibrated Linear SVM
huggingface_uit-sentiment-dataset-reddit-2000-balanced::1kiup00,No stress,0.027891556745862005,0.9721084432541381,Calibrated Linear SVM
huggingface_uit-sentiment-dataset-reddit-2000-balanced::1kj0mcn,No stress,0.12468019942885801,0.875319800571142,Calibrated Linear SVM
huggingface_uit-sentiment-dataset-reddit-2000-balanced::1kj7xjz,No stress,0.4488947261514416,0.5511052738485583,Calibrated Linear SVM
huggingface_uit-sentiment-dataset-reddit-2000-balanced::1kjnl3l,Stress,0.9406053292383367,0.9406053292383367,Calibrated Linear SVM
huggingface_uit-sentiment-dataset-reddit-2000-balanced::1kjnqig,No stress,0.2551769646997799,0.7448230353002202,Calibrated Linear SVM
huggingface_uit-sentiment-dataset-reddit-2000-balanced::1kjvwk4,No stress,0.1961688825961688,0.8038311174038313,Calibrated Linear SVM
huggingface_uit-sentiment-dataset-reddit-2000-balanced::1klfcu0,No stress,0.2752490085929212,0.7247509914070789,Calibrated Linear SVM
huggingface_uit-sentiment-dataset-reddit-2000-balanced::1klrfjt,Stress,0.5148570946645049,0.5148570946645049,Calibrated Linear SVM
huggingface_uit-sentiment-dataset-reddit-2000-balanced::1klshlu,Stress,0.682294057622903,0.682294057622903,Calibrated Linear SVM
huggingface_uit-sentiment-dataset-reddit-2000-balanced::1km2jyz,No stress,0.2929110318301052,0.7070889681698947,Calibrated Linear SVM
huggingface_uit-sentiment-dataset-reddit-2000-balanced::1km7719,No stress,0.023730415738016344,0.9762695842619836,Calibrated Linear SVM
huggingface_uit-sentiment-dataset-reddit-2000-balanced::1kmhti8,No stress,0.027151019709123845,0.9728489802908763,Calibrated Linear SVM
huggingface_uit-sentiment-dataset-reddit-2000-balanced::1kmnsol,No stress,0.055103840144057885,0.9448961598559421,Calibrated Linear SVM
huggingface_uit-sentiment-dataset-reddit-2000-balanced::1kmtrq9,Stress,0.7380786675664789,0.7380786675664789,Calibrated Linear SVM
huggingface_uit-sentiment-dataset-reddit-2000-balanced::1kn69mp,Stress,0.720801719292453,0.720801719292453,Calibrated Linear SVM
huggingface_uit-sentiment-dataset-reddit-2000-balanced::1kna33l,Stress,0.6373008960761787,0.6373008960761787,Calibrated Linear SVM
huggingface_uit-sentiment-dataset-reddit-2000-balanced::1kndy0o,No stress,0.3563546965927034,0.6436453034072965,Calibrated Linear SVM
huggingface_uit-sentiment-dataset-reddit-2000-balanced::1ko6oks,No stress,0.10973269772256504,0.8902673022774349,Calibrated Linear SVM
huggingface_uit-sentiment-dataset-reddit-2000-balanced::1koho5i,No stress,0.35222787995092136,0.6477721200490786,Calibrated Linear SVM
huggingface_uit-sentiment-dataset-reddit-2000-balanced::1kp44r3,No stress,0.23108992566448694,0.7689100743355132,Calibrated Linear SVM
huggingface_uit-sentiment-dataset-reddit-2000-balanced::1kp4ce9,No stress,0.17360247630528028,0.8263975236947196,Calibrated Linear SVM
huggingface_uit-sentiment-dataset-reddit-2000-balanced::1kqdl9o,Stress,0.5973501750811671,0.5973501750811671,Calibrated Linear SVM
huggingface_uit-sentiment-dataset-reddit-2000-balanced::1kqv8w5,No stress,0.09752328646587588,0.9024767135341242,Calibrated Linear SVM
huggingface_uit-sentiment-dataset-reddit-2000-balanced::1kqzkjl,No stress,0.38763067304813403,0.612369326951866,Calibrated Linear SVM
huggingface_uit-sentiment-dataset-reddit-2000-balanced::1kr16pq,Stress,0.6492550404081273,0.6492550404081273,Calibrated Linear SVM
huggingface_uit-sentiment-dataset-reddit-2000-balanced::1kr4lg2,No stress,0.23006029932015673,0.7699397006798433,Calibrated Linear SVM
huggingface_uit-sentiment-dataset-reddit-2000-balanced::1kr5epm,Stress,0.5602435249014909,0.5602435249014909,Calibrated Linear SVM
huggingface_uit-sentiment-dataset-reddit-2000-balanced::1kr867y,No stress,0.3057602944800598,0.6942397055199402,Calibrated Linear SVM
huggingface_uit-sentiment-dataset-reddit-2000-balanced::1krazi4,No stress,0.0016998864082065216,0.9983001135917934,Calibrated Linear SVM
huggingface_uit-sentiment-dataset-reddit-2000-balanced::1krba3i,No stress,0.009330793159171263,0.9906692068408286,Calibrated Linear SVM
huggingface_uit-sentiment-dataset-reddit-2000-balanced::1krbg70,No stress,0.0894557327487256,0.9105442672512746,Calibrated Linear SVM
huggingface_uit-sentiment-dataset-reddit-2000-balanced::1krblrv,No stress,0.16710312298287353,0.8328968770171264,Calibrated Linear SVM
huggingface_uit-sentiment-dataset-reddit-2000-balanced::1krbrvl,No stress,0.03527734650357277,0.9647226534964273,Calibrated Linear SVM
huggingface_uit-sentiment-dataset-reddit-2000-balanced::1krc2uy,No stress,0.05128936099708014,0.9487106390029197,Calibrated Linear SVM
huggingface_uit-sentiment-dataset-reddit-2000-balanced::1krc5kv,No stress,0.4991453614032992,0.5008546385967009,Calibrated Linear SVM
huggingface_uit-sentiment-dataset-reddit-2000-balanced::1krc797,No stress,0.07783938868265576,0.9221606113173443,Calibrated Linear SVM
huggingface_uit-sentiment-dataset-reddit-2000-balanced::1krcdg5,No stress,0.019841342484548757,0.9801586575154513,Calibrated Linear SVM
huggingface_uit-sentiment-dataset-reddit-2000-balanced::1krfl2n,No stress,0.04661856351690736,0.9533814364830927,Calibrated Linear SVM
huggingface_uit-sentiment-dataset-reddit-2000-balanced::1krgxw8,No stress,0.031077032872051213,0.9689229671279488,Calibrated Linear SVM
huggingface_uit-sentiment-dataset-reddit-2000-balanced::1krj45y,No stress,0.4613736888108921,0.538626311189108,Calibrated Linear SVM
huggingface_uit-sentiment-dataset-reddit-2000-balanced::1krqyy3,No stress,0.025530837451394065,0.974469162548606,Calibrated Linear SVM
huggingface_uit-sentiment-dataset-reddit-2000-balanced::1kru9v3,No stress,0.3295824834326819,0.670417516567318,Calibrated Linear SVM
huggingface_uit-sentiment-dataset-reddit-2000-balanced::1krvoz2,No stress,0.421757215312261,0.578242784687739,Calibrated Linear SVM
huggingface_uit-sentiment-dataset-reddit-2000-balanced::1ksas7b,Stress,0.5582428240477101,0.5582428240477101,Calibrated Linear SVM
huggingface_uit-sentiment-dataset-reddit-2000-balanced::1kstdhn,No stress,0.41430280075153897,0.5856971992484611,Calibrated Linear SVM
huggingface_uit-sentiment-dataset-reddit-2000-balanced::1ksu9vi,No stress,0.32865985274653614,0.6713401472534639,Calibrated Linear SVM
huggingface_uit-sentiment-dataset-reddit-2000-balanced::1kt4afr,No stress,0.007192761383323921,0.9928072386166761,Calibrated Linear SVM
huggingface_uit-sentiment-dataset-reddit-2000-balanced::1ktm0hd,Stress,0.827493219913337,0.827493219913337,Calibrated Linear SVM
huggingface_uit-sentiment-dataset-reddit-2000-balanced::1ktvhtl,No stress,0.4338481398562503,0.5661518601437497,Calibrated Linear SVM
huggingface_uit-sentiment-dataset-reddit-2000-balanced::1ktyit8,Stress,0.8363651366629545,0.8363651366629545,Calibrated Linear SVM
huggingface_uit-sentiment-dataset-reddit-2000-balanced::1ku6wol,No stress,0.24117503770450996,0.7588249622954901,Calibrated Linear SVM
huggingface_uit-sentiment-dataset-reddit-2000-balanced::1ku88w6,No stress,0.3304413892851816,0.6695586107148185,Calibrated Linear SVM
huggingface_uit-sentiment-dataset-reddit-2000-balanced::1ku8n9w,No stress,0.024636775455690433,0.9753632245443096,Calibrated Linear SVM
huggingface_uit-sentiment-dataset-reddit-2000-balanced::1kucii6,Stress,0.8259008573930573,0.8259008573930573,Calibrated Linear SVM
huggingface_uit-sentiment-dataset-reddit-2000-balanced::1kui17w,Stress,0.8100801222580872,0.8100801222580872,Calibrated Linear SVM
huggingface_uit-sentiment-dataset-reddit-2000-balanced::1kumkrx,Stress,0.9320147871773264,0.9320147871773264,Calibrated Linear SVM
huggingface_uit-sentiment-dataset-reddit-2000-balanced::1kuxvgt,Stress,0.6198220350249466,0.6198220350249466,Calibrated Linear SVM
huggingface_uit-sentiment-dataset-reddit-2000-balanced::1kuzane,No stress,0.44304109020193055,0.5569589097980695,Calibrated Linear SVM
huggingface_uit-sentiment-dataset-reddit-2000-balanced::1kvab9y,No stress,0.2752982873187923,0.7247017126812078,Calibrated Linear SVM
huggingface_uit-sentiment-dataset-reddit-2000-balanced::1kvcpf4,Stress,0.5328046271524526,0.5328046271524526,Calibrated Linear SVM
huggingface_uit-sentiment-dataset-reddit-2000-balanced::1kvh6df,Stress,0.8930643087087798,0.8930643087087798,Calibrated Linear SVM
huggingface_uit-sentiment-dataset-reddit-2000-balanced::1kvj149,No stress,0.48894987135030976,0.5110501286496901,Calibrated Linear SVM
huggingface_uit-sentiment-dataset-reddit-2000-balanced::1kvsnj4,Stress,0.549776209677782,0.549776209677782,Calibrated Linear SVM
huggingface_uit-sentiment-dataset-reddit-2000-balanced::1kvxfge,No stress,0.11236022727638194,0.887639772723618,Calibrated Linear SVM
huggingface_uit-sentiment-dataset-reddit-2000-balanced::1kw5ltp,Stress,0.962122249296931,0.962122249296931,Calibrated Linear SVM
huggingface_uit-sentiment-dataset-reddit-2000-balanced::1kwas79,No stress,0.27736543148847764,0.7226345685115224,Calibrated Linear SVM
huggingface_uit-sentiment-dataset-reddit-2000-balanced::1kws5wd,No stress,0.33310353249016916,0.6668964675098308,Calibrated Linear SVM
huggingface_uit-sentiment-dataset-reddit-2000-balanced::1kxa5hx,No stress,0.4126411739416265,0.5873588260583734,Calibrated Linear SVM
huggingface_uit-sentiment-dataset-reddit-2000-balanced::1kxqnha,No stress,0.17764800269795236,0.8223519973020476,Calibrated Linear SVM
huggingface_uit-sentiment-dataset-reddit-2000-balanced::1ky3l4f,No stress,0.20545234980843452,0.7945476501915655,Calibrated Linear SVM
huggingface_uit-sentiment-dataset-reddit-2000-balanced::1kya3c2,No stress,0.021521313521859,0.978478686478141,Calibrated Linear SVM
huggingface_uit-sentiment-dataset-reddit-2000-balanced::1kyopqh,No stress,0.4845071890888258,0.5154928109111742,Calibrated Linear SVM
huggingface_uit-sentiment-dataset-reddit-2000-balanced::1kyyhce,Stress,0.8824522070355979,0.8824522070355979,Calibrated Linear SVM
huggingface_uit-sentiment-dataset-reddit-2000-balanced::1kzc0ca,Stress,0.8991048964455284,0.8991048964455284,Calibrated Linear SVM
huggingface_uit-sentiment-dataset-reddit-2000-balanced::1l07llz,Stress,0.9419274954247783,0.9419274954247783,Calibrated Linear SVM
huggingface_uit-sentiment-dataset-reddit-2000-balanced::1l0hpha,No stress,0.14326270507731168,0.8567372949226884,Calibrated Linear SVM
huggingface_uit-sentiment-dataset-reddit-2000-balanced::1l0n5dn,Stress,0.7189638949862656,0.7189638949862656,Calibrated Linear SVM
huggingface_uit-sentiment-dataset-reddit-2000-balanced::1l27g8d,No stress,0.14628167614128718,0.8537183238587128,Calibrated Linear SVM
huggingface_uit-sentiment-dataset-reddit-2000-balanced::1l2fj2k,Stress,0.9648341388009163,0.9648341388009163,Calibrated Linear SVM
huggingface_uit-sentiment-dataset-reddit-2000-balanced::1l2tp1g,No stress,0.12229521340925102,0.8777047865907489,Calibrated Linear SVM
huggingface_uit-sentiment-dataset-reddit-2000-balanced::1l2z8jw,No stress,0.07737493920719717,0.9226250607928028,Calibrated Linear SVM
huggingface_uit-sentiment-dataset-reddit-2000-balanced::1l30iat,No stress,0.044697258811139305,0.9553027411888607,Calibrated Linear SVM
huggingface_uit-sentiment-dataset-reddit-2000-balanced::1l3ece4,No stress,0.04296437910825207,0.957035620891748,Calibrated Linear SVM
huggingface_uit-sentiment-dataset-reddit-2000-balanced::1l3jxll,No stress,0.44654554740323205,0.553454452596768,Calibrated Linear SVM
huggingface_uit-sentiment-dataset-reddit-2000-balanced::1l3rjff,No stress,0.018224403698725338,0.9817755963012748,Calibrated Linear SVM
huggingface_uit-sentiment-dataset-reddit-2000-balanced::1l42uye,No stress,0.012492508992782729,0.9875074910072174,Calibrated Linear SVM
huggingface_uit-sentiment-dataset-reddit-2000-balanced::1l43129,No stress,0.03067914897012704,0.969320851029873,Calibrated Linear SVM
huggingface_uit-sentiment-dataset-reddit-2000-balanced::1l4348i,No stress,0.035916868448853605,0.9640831315511464,Calibrated Linear SVM
huggingface_uit-sentiment-dataset-reddit-2000-balanced::1l434ek,No stress,0.02755751184836998,0.9724424881516299,Calibrated Linear SVM
huggingface_uit-sentiment-dataset-reddit-2000-balanced::1l438nd,No stress,0.01483399919766036,0.9851660008023396,Calibrated Linear SVM
huggingface_uit-sentiment-dataset-reddit-2000-balanced::1l43axg,No stress,0.015873367644571746,0.9841266323554283,Calibrated Linear SVM
huggingface_uit-sentiment-dataset-reddit-2000-balanced::1l48yz9,No stress,0.2950658343046077,0.7049341656953922,Calibrated Linear SVM
huggingface_uit-sentiment-dataset-reddit-2000-balanced::1l4bp2g,No stress,0.03618379922105786,0.963816200778942,Calibrated Linear SVM
huggingface_uit-sentiment-dataset-reddit-2000-balanced::1l4c50z,No stress,0.03315848338069008,0.96684151661931,Calibrated Linear SVM
huggingface_uit-sentiment-dataset-reddit-2000-balanced::1l4fbou,No stress,0.22962938835559735,0.7703706116444026,Calibrated Linear SVM
huggingface_uit-sentiment-dataset-reddit-2000-balanced::1l4w6k0,No stress,0.02677046936953244,0.9732295306304676,Calibrated Linear SVM
huggingface_uit-sentiment-dataset-reddit-2000-balanced::1l4xluf,No stress,0.03696762720818007,0.9630323727918201,Calibrated Linear SVM
huggingface_uit-sentiment-dataset-reddit-2000-balanced::1l5fesz,Stress,0.5453803004998363,0.5453803004998363,Calibrated Linear SVM
huggingface_uit-sentiment-dataset-reddit-2000-balanced::1l5mqjj,No stress,0.18768137555807352,0.8123186244419265,Calibrated Linear SVM
huggingface_uit-sentiment-dataset-reddit-2000-balanced::1l5uym2,No stress,0.2292964945713737,0.7707035054286263,Calibrated Linear SVM
huggingface_uit-sentiment-dataset-reddit-2000-balanced::1l5x3hu,No stress,0.0733601372800258,0.9266398627199742,Calibrated Linear SVM
huggingface_uit-sentiment-dataset-reddit-2000-balanced::1l6rrcf,Stress,0.9319623474684144,0.9319623474684144,Calibrated Linear SVM
huggingface_uit-sentiment-dataset-reddit-2000-balanced::1l6urvw,No stress,0.2811097268307461,0.7188902731692538,Calibrated Linear SVM
huggingface_uit-sentiment-dataset-reddit-2000-balanced::1l6utok,No stress,0.3269979806653806,0.6730020193346195,Calibrated Linear SVM
huggingface_uit-sentiment-dataset-reddit-2000-balanced::1l754k9,No stress,0.010374156802267834,0.9896258431977323,Calibrated Linear SVM
huggingface_uit-sentiment-dataset-reddit-2000-balanced::1l7olcw,Stress,0.5258580664201203,0.5258580664201203,Calibrated Linear SVM
huggingface_uit-sentiment-dataset-reddit-2000-balanced::1l8x080,Stress,0.6796345815066402,0.6796345815066402,Calibrated Linear SVM
huggingface_uit-sentiment-dataset-reddit-2000-balanced::1l92pp8,No stress,0.2118101408225783,0.7881898591774217,Calibrated Linear SVM
huggingface_uit-sentiment-dataset-reddit-2000-balanced::1lb7h7z,No stress,0.30886526574271783,0.6911347342572821,Calibrated Linear SVM
huggingface_uit-sentiment-dataset-reddit-2000-balanced::1lbqwfs,Stress,0.5966991606889437,0.5966991606889437,Calibrated Linear SVM
huggingface_uit-sentiment-dataset-reddit-2000-balanced::1lcbygl,Stress,0.8316995032886739,0.8316995032886739,Calibrated Linear SVM
huggingface_uit-sentiment-dataset-reddit-2000-balanced::1ld9a9f,No stress,0.04404057038813256,0.9559594296118675,Calibrated Linear SVM
huggingface_uit-sentiment-dataset-reddit-2000-balanced::1ldr05l,No stress,0.0025159432309403277,0.9974840567690597,Calibrated Linear SVM
huggingface_uit-sentiment-dataset-reddit-2000-balanced::1ldr0hk,No stress,0.024215653477479292,0.9757843465225208,Calibrated Linear SVM
huggingface_uit-sentiment-dataset-reddit-2000-balanced::1ldsez0,No stress,0.030008428055472786,0.9699915719445272,Calibrated Linear SVM
huggingface_uit-sentiment-dataset-reddit-2000-balanced::1ldxuk1,No stress,0.38061487911936465,0.6193851208806354,Calibrated Linear SVM
huggingface_uit-sentiment-dataset-reddit-2000-balanced::1ldz6pj,No stress,0.06596332320116269,0.9340366767988373,Calibrated Linear SVM
huggingface_uit-sentiment-dataset-reddit-2000-balanced::1led0lb,No stress,0.055220198420951376,0.9447798015790486,Calibrated Linear SVM
huggingface_uit-sentiment-dataset-reddit-2000-balanced::1leesej,No stress,0.03212053883972613,0.9678794611602739,Calibrated Linear SVM
huggingface_uit-sentiment-dataset-reddit-2000-balanced::1lekwqg,No stress,0.20846102326571966,0.7915389767342802,Calibrated Linear SVM
huggingface_uit-sentiment-dataset-reddit-2000-balanced::1lelzpn,No stress,0.010403385187848996,0.989596614812151,Calibrated Linear SVM
huggingface_uit-sentiment-dataset-reddit-2000-balanced::1letslu,Stress,0.9020019714785482,0.9020019714785482,Calibrated Linear SVM
huggingface_uit-sentiment-dataset-reddit-2000-balanced::1letuk8,No stress,0.020027421357083554,0.9799725786429164,Calibrated Linear SVM
huggingface_uit-sentiment-dataset-reddit-2000-balanced::1lfkq5g,No stress,0.3588391670199089,0.6411608329800911,Calibrated Linear SVM
huggingface_uit-sentiment-dataset-reddit-2000-balanced::1lfmi0z,No stress,0.09446043498587058,0.9055395650141295,Calibrated Linear SVM
huggingface_uit-sentiment-dataset-reddit-2000-balanced::1lg27hk,Stress,0.7824772597228103,0.7824772597228103,Calibrated Linear SVM
huggingface_uit-sentiment-dataset-reddit-2000-balanced::1lg72jn,Stress,0.7659526329853605,0.7659526329853605,Calibrated Linear SVM
huggingface_uit-sentiment-dataset-reddit-2000-balanced::1lgx222,No stress,0.03264270985081502,0.9673572901491849,Calibrated Linear SVM
huggingface_uit-sentiment-dataset-reddit-2000-balanced::1lh3sad,Stress,0.9119305023999725,0.9119305023999725,Calibrated Linear SVM
huggingface_uit-sentiment-dataset-reddit-2000-balanced::1lh3zuv,No stress,0.03555562529568445,0.9644443747043155,Calibrated Linear SVM
huggingface_uit-sentiment-dataset-reddit-2000-balanced::1lhey7g,Stress,0.9022116914582127,0.9022116914582127,Calibrated Linear SVM
huggingface_uit-sentiment-dataset-reddit-2000-balanced::1ljxa2e,No stress,0.13238419629380732,0.8676158037061926,Calibrated Linear SVM
huggingface_uit-sentiment-dataset-reddit-2000-balanced::1ljxou6,No stress,0.10793223010754621,0.8920677698924537,Calibrated Linear SVM
huggingface_uit-sentiment-dataset-reddit-2000-balanced::1lk2yq6,No stress,0.0746432068008032,0.9253567931991968,Calibrated Linear SVM
huggingface_uit-sentiment-dataset-reddit-2000-balanced::1lk48vg,No stress,0.026346894865457243,0.9736531051345428,Calibrated Linear SVM
huggingface_uit-sentiment-dataset-reddit-2000-balanced::1lk5h19,No stress,0.03995148887508839,0.9600485111249116,Calibrated Linear SVM
huggingface_uit-sentiment-dataset-reddit-2000-balanced::1lk63od,No stress,0.129203167995277,0.8707968320047229,Calibrated Linear SVM
huggingface_uit-sentiment-dataset-reddit-2000-balanced::1lkgayx,No stress,0.17078219796942395,0.829217802030576,Calibrated Linear SVM
huggingface_uit-sentiment-dataset-reddit-2000-balanced::1lks1sz,No stress,0.13992109510073267,0.8600789048992673,Calibrated Linear SVM
huggingface_uit-sentiment-dataset-reddit-2000-balanced::1ll340q,No stress,0.39327107596677974,0.6067289240332203,Calibrated Linear SVM
huggingface_uit-sentiment-dataset-reddit-2000-balanced::1ll94db,No stress,0.05332477247599902,0.946675227524001,Calibrated Linear SVM
huggingface_uit-sentiment-dataset-reddit-2000-balanced::1llaiuy,Stress,0.7436164608055638,0.7436164608055638,Calibrated Linear SVM
huggingface_uit-sentiment-dataset-reddit-2000-balanced::1llbp9u,Stress,0.6873258732584681,0.6873258732584681,Calibrated Linear SVM
huggingface_uit-sentiment-dataset-reddit-2000-balanced::1lleks2,No stress,0.2042319789103004,0.7957680210896996,Calibrated Linear SVM
huggingface_uit-sentiment-dataset-reddit-2000-balanced::1llka0e,Stress,0.5736158771719199,0.5736158771719199,Calibrated Linear SVM
huggingface_uit-sentiment-dataset-reddit-2000-balanced::1lllv3l,Stress,0.9157780577108096,0.9157780577108096,Calibrated Linear SVM
huggingface_uit-sentiment-dataset-reddit-2000-balanced::1llopqo,Stress,0.6896277589382697,0.6896277589382697,Calibrated Linear SVM
huggingface_uit-sentiment-dataset-reddit-2000-balanced::1llpnxt,Stress,0.9553080418381802,0.9553080418381802,Calibrated Linear SVM
huggingface_uit-sentiment-dataset-reddit-2000-balanced::1llpu8k,Stress,0.9781701438280948,0.9781701438280948,Calibrated Linear SVM
huggingface_uit-sentiment-dataset-reddit-2000-balanced::1lm9xlq,No stress,0.48250537147977957,0.5174946285202204,Calibrated Linear SVM
huggingface_uit-sentiment-dataset-reddit-2000-balanced::1lmc6dp,No stress,0.037264975003201285,0.9627350249967987,Calibrated Linear SVM
huggingface_uit-sentiment-dataset-reddit-2000-balanced::1lmgp62,No stress,0.08192289347550229,0.9180771065244976,Calibrated Linear SVM
huggingface_uit-sentiment-dataset-reddit-2000-balanced::1lmt957,No stress,0.02649153227772479,0.9735084677222753,Calibrated Linear SVM
huggingface_uit-sentiment-dataset-reddit-2000-balanced::1lmwpsv,Stress,0.8637119950065335,0.8637119950065335,Calibrated Linear SVM
huggingface_uit-sentiment-dataset-reddit-2000-balanced::1ln7rll,No stress,0.24384491448064025,0.7561550855193597,Calibrated Linear SVM
huggingface_uit-sentiment-dataset-reddit-2000-balanced::1lnax9s,No stress,0.15620582444216916,0.8437941755578309,Calibrated Linear SVM
huggingface_uit-sentiment-dataset-reddit-2000-balanced::1lnjto6,No stress,0.1856218479341721,0.8143781520658279,Calibrated Linear SVM
huggingface_uit-sentiment-dataset-reddit-2000-balanced::1loieqb,Stress,0.9725633938475876,0.9725633938475876,Calibrated Linear SVM
huggingface_uit-sentiment-dataset-reddit-2000-balanced::1loyba7,Stress,0.9829151550127424,0.9829151550127424,Calibrated Linear SVM
huggingface_uit-sentiment-dataset-reddit-2000-balanced::1lp2xhu,Stress,0.8318837067945872,0.8318837067945872,Calibrated Linear SVM
huggingface_uit-sentiment-dataset-reddit-2000-balanced::1lpdfkf,No stress,0.0465475206981835,0.9534524793018164,Calibrated Linear SVM
huggingface_uit-sentiment-dataset-reddit-2000-balanced::1lpffhh,No stress,0.4778156565378742,0.5221843434621258,Calibrated Linear SVM
huggingface_uit-sentiment-dataset-reddit-2000-balanced::1lpkzi7,No stress,0.3312307993811953,0.6687692006188047,Calibrated Linear SVM
huggingface_uit-sentiment-dataset-reddit-2000-balanced::1lq3omq,No stress,0.12467714977623624,0.8753228502237639,Calibrated Linear SVM
huggingface_uit-sentiment-dataset-reddit-2000-balanced::1lqsvf6,No stress,0.25204089891471476,0.7479591010852852,Calibrated Linear SVM
huggingface_uit-sentiment-dataset-reddit-2000-balanced::1lrvlf0,Stress,0.5745810355271915,0.5745810355271915,Calibrated Linear SVM
huggingface_uit-sentiment-dataset-reddit-2000-balanced::1lrzgc3,No stress,0.3293076264048587,0.6706923735951413,Calibrated Linear SVM
huggingface_uit-sentiment-dataset-reddit-2000-balanced::1ls0d8u,Stress,0.5095058017352708,0.5095058017352708,Calibrated Linear SVM
huggingface_uit-sentiment-dataset-reddit-2000-balanced::1lsevb1,Stress,0.6039974567870678,0.6039974567870678,Calibrated Linear SVM
huggingface_uit-sentiment-dataset-reddit-2000-balanced::1lsfv8c,No stress,0.22399248263830893,0.7760075173616912,Calibrated Linear SVM
huggingface_uit-sentiment-dataset-reddit-2000-balanced::1lsses1,Stress,0.8194131124101242,0.8194131124101242,Calibrated Linear SVM
huggingface_uit-sentiment-dataset-reddit-2000-balanced::1lsyd1a,Stress,0.8970946173849578,0.8970946173849578,Calibrated Linear SVM
huggingface_uit-sentiment-dataset-reddit-2000-balanced::1ltkkxd,Stress,0.5239156535424984,0.5239156535424984,Calibrated Linear SVM
huggingface_uit-sentiment-dataset-reddit-2000-balanced::1lu9lmg,Stress,0.6236524018292866,0.6236524018292866,Calibrated Linear SVM
huggingface_uit-sentiment-dataset-reddit-2000-balanced::1lumebd,Stress,0.5996837110673092,0.5996837110673092,Calibrated Linear SVM
huggingface_uit-sentiment-dataset-reddit-2000-balanced::1lv4pag,Stress,0.9132622177907462,0.9132622177907462,Calibrated Linear SVM
huggingface_uit-sentiment-dataset-reddit-2000-balanced::1lvbvru,No stress,0.014079106934109976,0.9859208930658899,Calibrated Linear SVM
huggingface_uit-sentiment-dataset-reddit-2000-balanced::1lvoyu4,No stress,0.33352728309830404,0.666472716901696,Calibrated Linear SVM
huggingface_uit-sentiment-dataset-reddit-2000-balanced::1lw6u69,No stress,0.13292117493496083,0.8670788250650392,Calibrated Linear SVM
huggingface_uit-sentiment-dataset-reddit-2000-balanced::1lwe5a0,Stress,0.9601294631557696,0.9601294631557696,Calibrated Linear SVM
huggingface_uit-sentiment-dataset-reddit-2000-balanced::1lwmtam,No stress,0.036907075413469805,0.9630929245865302,Calibrated Linear SVM
huggingface_uit-sentiment-dataset-reddit-2000-balanced::1lx10ja,No stress,0.3357124252039174,0.6642875747960826,Calibrated Linear SVM
huggingface_uit-sentiment-dataset-reddit-2000-balanced::1lx20ye,No stress,0.26670183580657614,0.7332981641934239,Calibrated Linear SVM
huggingface_uit-sentiment-dataset-reddit-2000-balanced::1lxuu5m,Stress,0.5644070107515694,0.5644070107515694,Calibrated Linear SVM
huggingface_uit-sentiment-dataset-reddit-2000-balanced::1lyqbbd,No stress,0.16971878419610284,0.8302812158038971,Calibrated Linear SVM
huggingface_uit-sentiment-dataset-reddit-2000-balanced::1lzh0cf,No stress,0.13178459253651603,0.868215407463484,Calibrated Linear SVM
huggingface_uit-sentiment-dataset-reddit-2000-balanced::1m084lw,Stress,0.6875783670027072,0.6875783670027072,Calibrated Linear SVM
huggingface_uit-sentiment-dataset-reddit-2000-balanced::1m0ufjq,No stress,0.12711215735141385,0.8728878426485861,Calibrated Linear SVM
huggingface_uit-sentiment-dataset-reddit-2000-balanced::1m0vlu3,Stress,0.7952653368373989,0.7952653368373989,Calibrated Linear SVM
huggingface_uit-sentiment-dataset-reddit-2000-balanced::1m15mgm,Stress,0.7631304721454187,0.7631304721454187,Calibrated Linear SVM
huggingface_uit-sentiment-dataset-reddit-2000-balanced::1m1dj34,Stress,0.7326325586135395,0.7326325586135395,Calibrated Linear SVM
huggingface_uit-sentiment-dataset-reddit-2000-balanced::1m2e8vc,No stress,0.4690942686584599,0.5309057313415401,Calibrated Linear SVM
huggingface_uit-sentiment-dataset-reddit-2000-balanced::1m2u7i8,Stress,0.5450282348052155,0.5450282348052155,Calibrated Linear SVM
huggingface_uit-sentiment-dataset-reddit-2000-balanced::1m2w1ez,No stress,0.2241293217499517,0.7758706782500484,Calibrated Linear SVM
huggingface_uit-sentiment-dataset-reddit-2000-balanced::1m33o5x,No stress,0.09115333163117434,0.9088466683688257,Calibrated Linear SVM
huggingface_uit-sentiment-dataset-reddit-2000-balanced::1m46w7u,No stress,0.04544151349341167,0.9545584865065884,Calibrated Linear SVM
huggingface_uit-sentiment-dataset-reddit-2000-balanced::1m4edyx,No stress,0.3686442796656996,0.6313557203343004,Calibrated Linear SVM
huggingface_uit-sentiment-dataset-reddit-2000-balanced::1m4gy17,No stress,0.03872195795197043,0.9612780420480296,Calibrated Linear SVM
huggingface_uit-sentiment-dataset-reddit-2000-balanced::1m4rbqv,Stress,0.7875666854936013,0.7875666854936013,Calibrated Linear SVM
huggingface_uit-sentiment-dataset-reddit-2000-balanced::1m5ek1z,Stress,0.8957350732078001,0.8957350732078001,Calibrated Linear SVM
huggingface_uit-sentiment-dataset-reddit-2000-balanced::1m5o1jh,No stress,0.05195339169017027,0.9480466083098297,Calibrated Linear SVM
huggingface_uit-sentiment-dataset-reddit-2000-balanced::1m5o1ll,No stress,0.00879601635272729,0.9912039836472727,Calibrated Linear SVM
huggingface_uit-sentiment-dataset-reddit-2000-balanced::1m5owur,No stress,0.10579395415734512,0.894206045842655,Calibrated Linear SVM
huggingface_uit-sentiment-dataset-reddit-2000-balanced::1m5p0vm,Stress,0.7241342052072574,0.7241342052072574,Calibrated Linear SVM
huggingface_uit-sentiment-dataset-reddit-2000-balanced::1m5wxw6,Stress,0.5235832055037215,0.5235832055037215,Calibrated Linear SVM
huggingface_uit-sentiment-dataset-reddit-2000-balanced::1m60shw,No stress,0.015279739654039004,0.984720260345961,Calibrated Linear SVM
huggingface_uit-sentiment-dataset-reddit-2000-balanced::1m65l0f,No stress,0.06385468822309788,0.9361453117769022,Calibrated Linear SVM
huggingface_uit-sentiment-dataset-reddit-2000-balanced::1m6qdet,No stress,0.12382629383226297,0.8761737061677369,Calibrated Linear SVM
huggingface_uit-sentiment-dataset-reddit-2000-balanced::1m6vbds,Stress,0.8359696014058734,0.8359696014058734,Calibrated Linear SVM
huggingface_uit-sentiment-dataset-reddit-2000-balanced::1m73ohk,Stress,0.6592341416389921,0.6592341416389921,Calibrated Linear SVM
huggingface_uit-sentiment-dataset-reddit-2000-balanced::1m7aefj,Stress,0.8915497452784261,0.8915497452784261,Calibrated Linear SVM
huggingface_uit-sentiment-dataset-reddit-2000-balanced::1m7av4q,No stress,0.485072776757065,0.514927223242935,Calibrated Linear SVM
huggingface_uit-sentiment-dataset-reddit-2000-balanced::1m7gv2d,Stress,0.8885366462602758,0.8885366462602758,Calibrated Linear SVM
huggingface_uit-sentiment-dataset-reddit-2000-balanced::1m7k4ix,No stress,0.030721210314930702,0.9692787896850693,Calibrated Linear SVM
huggingface_uit-sentiment-dataset-reddit-2000-balanced::1m8b72y,No stress,0.06935515675665714,0.9306448432433428,Calibrated Linear SVM
huggingface_uit-sentiment-dataset-reddit-2000-balanced::1m91mt6,No stress,0.35345844947168414,0.6465415505283159,Calibrated Linear SVM
huggingface_uit-sentiment-dataset-reddit-2000-balanced::1mafrre,No stress,0.40326810429898735,0.5967318957010126,Calibrated Linear SVM
huggingface_uit-sentiment-dataset-reddit-2000-balanced::1mammv5,No stress,0.33909964913028884,0.6609003508697111,Calibrated Linear SVM
huggingface_uit-sentiment-dataset-reddit-2000-balanced::1marx3v,No stress,0.027557814210193345,0.9724421857898067,Calibrated Linear SVM
huggingface_uit-sentiment-dataset-reddit-2000-balanced::1mb4h6d,Stress,0.7039114162346417,0.7039114162346417,Calibrated Linear SVM
huggingface_uit-sentiment-dataset-reddit-2000-balanced::1mbaho0,Stress,0.9566534472497428,0.9566534472497428,Calibrated Linear SVM
huggingface_uit-sentiment-dataset-reddit-2000-balanced::1mbbphk,No stress,0.07511723380899887,0.9248827661910012,Calibrated Linear SVM
huggingface_uit-sentiment-dataset-reddit-2000-balanced::1mbejz8,Stress,0.7702827371214238,0.7702827371214238,Calibrated Linear SVM
huggingface_uit-sentiment-dataset-reddit-2000-balanced::1mbmkkp,Stress,0.7195721975593051,0.7195721975593051,Calibrated Linear SVM
huggingface_uit-sentiment-dataset-reddit-2000-balanced::1mbq5zp,Stress,0.6783279987749413,0.6783279987749413,Calibrated Linear SVM
huggingface_uit-sentiment-dataset-reddit-2000-balanced::1mbypp7,No stress,0.1566966509680655,0.8433033490319345,Calibrated Linear SVM
huggingface_uit-sentiment-dataset-reddit-2000-balanced::1mc3t40,No stress,0.18671606475148314,0.8132839352485169,Calibrated Linear SVM
huggingface_uit-sentiment-dataset-reddit-2000-balanced::1mce9tt,No stress,0.029956247910425948,0.9700437520895742,Calibrated Linear SVM
huggingface_uit-sentiment-dataset-reddit-2000-balanced::1mcyay8,No stress,0.21000271790095437,0.7899972820990456,Calibrated Linear SVM
huggingface_uit-sentiment-dataset-reddit-2000-balanced::1mdu5l4,Stress,0.6389550194067821,0.6389550194067821,Calibrated Linear SVM
huggingface_uit-sentiment-dataset-reddit-2000-balanced::1me72as,No stress,0.024832783045522434,0.9751672169544775,Calibrated Linear SVM
huggingface_uit-sentiment-dataset-reddit-2000-balanced::1metnbi,No stress,0.007645741771471377,0.9923542582285286,Calibrated Linear SVM
huggingface_uit-sentiment-dataset-reddit-2000-balanced::1metslk,No stress,0.0058013288225581,0.994198671177442,Calibrated Linear SVM
huggingface_uit-sentiment-dataset-reddit-2000-balanced::1meu3jn,No stress,0.0033760577974829066,0.996623942202517,Calibrated Linear SVM
huggingface_uit-sentiment-dataset-reddit-2000-balanced::1mewr06,No stress,0.011274397761468316,0.9887256022385317,Calibrated Linear SVM
huggingface_uit-sentiment-dataset-reddit-2000-balanced::1mf1w49,Stress,0.5691850027727653,0.5691850027727653,Calibrated Linear SVM
huggingface_uit-sentiment-dataset-reddit-2000-balanced::1mf6s85,Stress,0.860221686787544,0.860221686787544,Calibrated Linear SVM
huggingface_uit-sentiment-dataset-reddit-2000-balanced::1mf8833,No stress,0.3734936358914043,0.6265063641085957,Calibrated Linear SVM
huggingface_uit-sentiment-dataset-reddit-2000-balanced::1mfst9t,No stress,0.367930953348332,0.632069046651668,Calibrated Linear SVM
huggingface_uit-sentiment-dataset-reddit-2000-balanced::1mgv384,No stress,0.3796908106433537,0.6203091893566463,Calibrated Linear SVM
huggingface_uit-sentiment-dataset-reddit-2000-balanced::1mh6zja,No stress,0.027803175018656038,0.972196824981344,Calibrated Linear SVM
huggingface_uit-sentiment-dataset-reddit-2000-balanced::1mhnqe4,No stress,0.054364521113913905,0.9456354788860861,Calibrated Linear SVM
huggingface_uit-sentiment-dataset-reddit-2000-balanced::1mhpcxo,No stress,0.011671717805944124,0.9883282821940558,Calibrated Linear SVM
huggingface_uit-sentiment-dataset-reddit-2000-balanced::1mhzxsv,Stress,0.9618010915016798,0.9618010915016798,Calibrated Linear SVM
huggingface_uit-sentiment-dataset-reddit-2000-balanced::1mig8ab,No stress,0.11246042194071203,0.887539578059288,Calibrated Linear SVM
huggingface_uit-sentiment-dataset-reddit-2000-balanced::1mj5265,No stress,0.08794224520644617,0.9120577547935538,Calibrated Linear SVM
huggingface_uit-sentiment-dataset-reddit-2000-balanced::1mjx60i,No stress,0.09039691764671766,0.9096030823532825,Calibrated Linear SVM
huggingface_uit-sentiment-dataset-reddit-2000-balanced::1mjyyx3,Stress,0.8745951515968238,0.8745951515968238,Calibrated Linear SVM
huggingface_uit-sentiment-dataset-reddit-2000-balanced::1mkyt6q,No stress,0.4157686984915087,0.5842313015084913,Calibrated Linear SVM
huggingface_uit-sentiment-dataset-reddit-2000-balanced::1ml3yph,No stress,0.04874434392972094,0.9512556560702791,Calibrated Linear SVM
huggingface_uit-sentiment-dataset-reddit-2000-balanced::1ml5l3j,No stress,0.1285651251994198,0.8714348748005802,Calibrated Linear SVM
huggingface_uit-sentiment-dataset-reddit-2000-balanced::1ml90ww,No stress,0.08150870034338993,0.9184912996566101,Calibrated Linear SVM
huggingface_uit-sentiment-dataset-reddit-2000-balanced::1mleg2a,No stress,0.15381545455140358,0.8461845454485964,Calibrated Linear SVM
huggingface_uit-sentiment-dataset-reddit-2000-balanced::1mlh4oc,Stress,0.6836579472263483,0.6836579472263483,Calibrated Linear SVM
huggingface_uit-sentiment-dataset-reddit-2000-balanced::1mlwtba,No stress,0.18447739944025623,0.8155226005597438,Calibrated Linear SVM
huggingface_uit-sentiment-dataset-reddit-2000-balanced::1mmd68w,Stress,0.9504428562217054,0.9504428562217054,Calibrated Linear SVM
huggingface_uit-sentiment-dataset-reddit-2000-balanced::1mnnkp5,No stress,0.4441890824918575,0.5558109175081425,Calibrated Linear SVM
huggingface_uit-sentiment-dataset-reddit-2000-balanced::1mnp1e2,No stress,0.010344332594417782,0.9896556674055823,Calibrated Linear SVM
huggingface_uit-sentiment-dataset-reddit-2000-balanced::1mnqepu,Stress,0.5901926608091385,0.5901926608091385,Calibrated Linear SVM
huggingface_uit-sentiment-dataset-reddit-2000-balanced::1monpdx,Stress,0.8428807786908906,0.8428807786908906,Calibrated Linear SVM
huggingface_uit-sentiment-dataset-reddit-2000-balanced::1mowsxv,No stress,0.2480271311649461,0.7519728688350539,Calibrated Linear SVM
huggingface_uit-sentiment-dataset-reddit-2000-balanced::1mp30wv,No stress,0.20529456299615398,0.794705437003846,Calibrated Linear SVM
huggingface_uit-sentiment-dataset-reddit-2000-balanced::1mpdq4c,Stress,0.7986615035349941,0.7986615035349941,Calibrated Linear SVM
huggingface_uit-sentiment-dataset-reddit-2000-balanced::1mqmfxk,No stress,0.2729656570773133,0.7270343429226868,Calibrated Linear SVM
huggingface_uit-sentiment-dataset-reddit-2000-balanced::1mr823x,Stress,0.9482951909581151,0.9482951909581151,Calibrated Linear SVM
huggingface_uit-sentiment-dataset-reddit-2000-balanced::1mra5l8,Stress,0.6989741253370697,0.6989741253370697,Calibrated Linear SVM
huggingface_uit-sentiment-dataset-reddit-2000-balanced::1mri2ug,Stress,0.9557695713947583,0.9557695713947583,Calibrated Linear SVM
huggingface_uit-sentiment-dataset-reddit-2000-balanced::1mry2bz,No stress,0.04393570668234619,0.9560642933176537,Calibrated Linear SVM
huggingface_uit-sentiment-dataset-reddit-2000-balanced::1msu4h4,Stress,0.9840521675937923,0.9840521675937923,Calibrated Linear SVM
huggingface_uit-sentiment-dataset-reddit-2000-balanced::1mt5ecq,No stress,0.1236755939389011,0.8763244060610988,Calibrated Linear SVM
huggingface_uit-sentiment-dataset-reddit-2000-balanced::1mt8yax,Stress,0.9257729815221832,0.9257729815221832,Calibrated Linear SVM
huggingface_uit-sentiment-dataset-reddit-2000-balanced::1mtp0y0,No stress,0.05199921715771963,0.9480007828422803,Calibrated Linear SVM
huggingface_uit-sentiment-dataset-reddit-2000-balanced::1mtp4u9,No stress,0.4763891506927121,0.5236108493072879,Calibrated Linear SVM
huggingface_uit-sentiment-dataset-reddit-2000-balanced::1muir3t,Stress,0.7042359089325677,0.7042359089325677,Calibrated Linear SVM
huggingface_uit-sentiment-dataset-reddit-2000-balanced::1mumcil,No stress,0.017587671687745034,0.9824123283122549,Calibrated Linear SVM
huggingface_uit-sentiment-dataset-reddit-2000-balanced::1muslis,Stress,0.8327887608304957,0.8327887608304957,Calibrated Linear SVM
huggingface_uit-sentiment-dataset-reddit-2000-balanced::1mvncu0,Stress,0.600758526597299,0.600758526597299,Calibrated Linear SVM
huggingface_uit-sentiment-dataset-reddit-2000-balanced::1mvpcxe,No stress,0.07032587600403925,0.9296741239959608,Calibrated Linear SVM
huggingface_uit-sentiment-dataset-reddit-2000-balanced::1mw0xn6,No stress,0.18021991248102545,0.8197800875189746,Calibrated Linear SVM
huggingface_uit-sentiment-dataset-reddit-2000-balanced::1mw7gbf,No stress,0.3676858941233818,0.6323141058766183,Calibrated Linear SVM
huggingface_uit-sentiment-dataset-reddit-2000-balanced::1mw9uk8,No stress,0.04716049170222917,0.9528395082977709,Calibrated Linear SVM
huggingface_uit-sentiment-dataset-reddit-2000-balanced::1mwfru3,No stress,0.04958729708632007,0.9504127029136799,Calibrated Linear SVM
huggingface_uit-sentiment-dataset-reddit-2000-balanced::1mwp67h,No stress,0.08647045544281316,0.9135295445571868,Calibrated Linear SVM
huggingface_uit-sentiment-dataset-reddit-2000-balanced::1mwz9k6,Stress,0.7107835194610224,0.7107835194610224,Calibrated Linear SVM
huggingface_uit-sentiment-dataset-reddit-2000-balanced::1mxa77h,No stress,0.027178553574486636,0.9728214464255133,Calibrated Linear SVM
huggingface_uit-sentiment-dataset-reddit-2000-balanced::1mxa806,No stress,0.027178553574486636,0.9728214464255133,Calibrated Linear SVM
huggingface_uit-sentiment-dataset-reddit-2000-balanced::1mxcjdg,No stress,0.06880829271403348,0.9311917072859665,Calibrated Linear SVM
huggingface_uit-sentiment-dataset-reddit-2000-balanced::1mxg4be,No stress,0.02057881688393134,0.9794211831160687,Calibrated Linear SVM
huggingface_uit-sentiment-dataset-reddit-2000-balanced::1mxobcn,No stress,0.3039446226533888,0.6960553773466112,Calibrated Linear SVM
huggingface_uit-sentiment-dataset-reddit-2000-balanced::1mxrtgv,No stress,0.0889460889886644,0.9110539110113356,Calibrated Linear SVM
huggingface_uit-sentiment-dataset-reddit-2000-balanced::1mymak3,No stress,0.07852347928028781,0.9214765207197121,Calibrated Linear SVM
huggingface_uit-sentiment-dataset-reddit-2000-balanced::1mypnk4,Stress,0.8536375779306166,0.8536375779306166,Calibrated Linear SVM
huggingface_uit-sentiment-dataset-reddit-2000-balanced::1mytcuu,No stress,0.02021950601727417,0.9797804939827257,Calibrated Linear SVM
huggingface_uit-sentiment-dataset-reddit-2000-balanced::1mytilm,No stress,0.4373434465832668,0.5626565534167332,Calibrated Linear SVM
huggingface_uit-sentiment-dataset-reddit-2000-balanced::1mz323b,No stress,0.424860775641043,0.5751392243589569,Calibrated Linear SVM
huggingface_uit-sentiment-dataset-reddit-2000-balanced::1mz4l65,No stress,0.2609598746834723,0.7390401253165276,Calibrated Linear SVM
huggingface_uit-sentiment-dataset-reddit-2000-balanced::1mz4wib,Stress,0.8091320669476595,0.8091320669476595,Calibrated Linear SVM
huggingface_uit-sentiment-dataset-reddit-2000-balanced::1mzba2v,No stress,0.3025825948225585,0.6974174051774414,Calibrated Linear SVM
huggingface_uit-sentiment-dataset-reddit-2000-balanced::1mzfcby,No stress,0.14642694483459376,0.8535730551654063,Calibrated Linear SVM
huggingface_uit-sentiment-dataset-reddit-2000-balanced::1mzu401,No stress,0.12014327910360965,0.8798567208963904,Calibrated Linear SVM
huggingface_uit-sentiment-dataset-reddit-2000-balanced::1mzubda,No stress,0.30252605406564254,0.6974739459343575,Calibrated Linear SVM
huggingface_uit-sentiment-dataset-reddit-2000-balanced::1mzvvkb,No stress,0.06105892107222777,0.9389410789277722,Calibrated Linear SVM
huggingface_uit-sentiment-dataset-reddit-2000-balanced::1mzymp5,No stress,0.1881805625258277,0.8118194374741723,Calibrated Linear SVM
huggingface_uit-sentiment-dataset-reddit-2000-balanced::1n0l6bj,No stress,0.021019956586188465,0.9789800434138115,Calibrated Linear SVM
huggingface_uit-sentiment-dataset-reddit-2000-balanced::1n0myx8,No stress,0.19810959891869806,0.8018904010813018,Calibrated Linear SVM
huggingface_uit-sentiment-dataset-reddit-2000-balanced::1n0mz9p,Stress,0.5940594350888528,0.5940594350888528,Calibrated Linear SVM
huggingface_uit-sentiment-dataset-reddit-2000-balanced::1n0n3mb,No stress,0.051642626329564734,0.9483573736704353,Calibrated Linear SVM
huggingface_uit-sentiment-dataset-reddit-2000-balanced::1n0qnen,No stress,0.06684949640915065,0.9331505035908494,Calibrated Linear SVM
huggingface_uit-sentiment-dataset-reddit-2000-balanced::1n0wrau,No stress,0.31876004770267546,0.6812399522973246,Calibrated Linear SVM
huggingface_uit-sentiment-dataset-reddit-2000-balanced::1n0zi13,Stress,0.6811149661917767,0.6811149661917767,Calibrated Linear SVM
huggingface_uit-sentiment-dataset-reddit-2000-balanced::1n0zmkc,No stress,0.03042252818664534,0.9695774718133546,Calibrated Linear SVM
huggingface_uit-sentiment-dataset-reddit-2000-balanced::1n1qjrt,Stress,0.604096891270262,0.604096891270262,Calibrated Linear SVM
huggingface_uit-sentiment-dataset-reddit-2000-balanced::1n1rs6v,No stress,0.16912013913911736,0.8308798608608826,Calibrated Linear SVM
huggingface_uit-sentiment-dataset-reddit-2000-balanced::1n1v68e,Stress,0.6416494809174823,0.6416494809174823,Calibrated Linear SVM
huggingface_uit-sentiment-dataset-reddit-2000-balanced::1n2falp,No stress,0.23671982997885224,0.7632801700211478,Calibrated Linear SVM
huggingface_uit-sentiment-dataset-reddit-2000-balanced::1n2l01s,No stress,0.16169788457367978,0.8383021154263202,Calibrated Linear SVM
huggingface_uit-sentiment-dataset-reddit-2000-balanced::1n2rq4o,No stress,0.33349162615247807,0.6665083738475219,Calibrated Linear SVM
huggingface_uit-sentiment-dataset-reddit-2000-balanced::1n4747a,No stress,0.2914323110056916,0.7085676889943082,Calibrated Linear SVM
huggingface_uit-sentiment-dataset-reddit-2000-balanced::1n4gm0f,No stress,0.31072767282385855,0.6892723271761415,Calibrated Linear SVM
huggingface_uit-sentiment-dataset-reddit-2000-balanced::1n4t2wh,No stress,0.14899068502103607,0.8510093149789638,Calibrated Linear SVM
huggingface_uit-sentiment-dataset-reddit-2000-balanced::1n52f43,No stress,0.08492141959678261,0.9150785804032173,Calibrated Linear SVM
huggingface_uit-sentiment-dataset-reddit-2000-balanced::1n54rqw,Stress,0.9335986193734621,0.9335986193734621,Calibrated Linear SVM
huggingface_uit-sentiment-dataset-reddit-2000-balanced::1n57jnc,Stress,0.5778659290750635,0.5778659290750635,Calibrated Linear SVM
huggingface_uit-sentiment-dataset-reddit-2000-balanced::1n5wgw0,No stress,0.012934693213313931,0.9870653067866861,Calibrated Linear SVM
huggingface_uit-sentiment-dataset-reddit-2000-balanced::1n62snk,Stress,0.8546082840487915,0.8546082840487915,Calibrated Linear SVM
huggingface_uit-sentiment-dataset-reddit-2000-balanced::1n638gv,Stress,0.8966741469437215,0.8966741469437215,Calibrated Linear SVM
huggingface_uit-sentiment-dataset-reddit-2000-balanced::1n6a7np,No stress,0.062393487650452856,0.9376065123495471,Calibrated Linear SVM
huggingface_uit-sentiment-dataset-reddit-2000-balanced::1n6cvgt,Stress,0.870694132078996,0.870694132078996,Calibrated Linear SVM
huggingface_uit-sentiment-dataset-reddit-2000-balanced::1n74kym,No stress,0.034185039117601,0.965814960882399,Calibrated Linear SVM
huggingface_uit-sentiment-dataset-reddit-2000-balanced::1n7cark,No stress,0.1582150865348664,0.8417849134651337,Calibrated Linear SVM
huggingface_uit-sentiment-dataset-reddit-2000-balanced::1n80p5i,No stress,0.22506230188202006,0.77493769811798,Calibrated Linear SVM
huggingface_uit-sentiment-dataset-reddit-2000-balanced::1n88ybz,No stress,0.4758721995895448,0.5241278004104551,Calibrated Linear SVM
huggingface_uit-sentiment-dataset-reddit-2000-balanced::1n8x1gv,Stress,0.5455162373801349,0.5455162373801349,Calibrated Linear SVM
huggingface_uit-sentiment-dataset-reddit-2000-balanced::1n9f225,No stress,0.028479326967952422,0.9715206730320477,Calibrated Linear SVM
huggingface_uit-sentiment-dataset-reddit-2000-balanced::1n9sjvu,No stress,0.0609655865066323,0.9390344134933676,Calibrated Linear SVM
huggingface_uit-sentiment-dataset-reddit-2000-balanced::1naqu4d,No stress,0.08877557970122646,0.9112244202987735,Calibrated Linear SVM
huggingface_uit-sentiment-dataset-reddit-2000-balanced::1navjgf,Stress,0.6143367997107704,0.6143367997107704,Calibrated Linear SVM
huggingface_uit-sentiment-dataset-reddit-2000-balanced::1nb3b8l,No stress,0.12023384187002074,0.8797661581299793,Calibrated Linear SVM
huggingface_uit-sentiment-dataset-reddit-2000-balanced::1nb7vct,Stress,0.8601238056892613,0.8601238056892613,Calibrated Linear SVM
huggingface_uit-sentiment-dataset-reddit-2000-balanced::1nbf3ai,No stress,0.18960218995467285,0.8103978100453272,Calibrated Linear SVM
huggingface_uit-sentiment-dataset-reddit-2000-balanced::1nbqh2c,Stress,0.6999903100856826,0.6999903100856826,Calibrated Linear SVM
huggingface_uit-sentiment-dataset-reddit-2000-balanced::1nbzypk,No stress,0.15686953367805911,0.8431304663219409,Calibrated Linear SVM
huggingface_uit-sentiment-dataset-reddit-2000-balanced::1nchfay,No stress,0.11396014893454993,0.88603985106545,Calibrated Linear SVM
huggingface_uit-sentiment-dataset-reddit-2000-balanced::1ndee5b,No stress,0.23527355717127363,0.7647264428287265,Calibrated Linear SVM
huggingface_uit-sentiment-dataset-reddit-2000-balanced::1ndnehb,No stress,0.3542114510224648,0.6457885489775351,Calibrated Linear SVM
huggingface_uit-sentiment-dataset-reddit-2000-balanced::1ndqk1f,No stress,0.33817502680213857,0.6618249731978615,Calibrated Linear SVM
huggingface_uit-sentiment-dataset-reddit-2000-balanced::1ne0dit,No stress,0.13541902026985897,0.864580979730141,Calibrated Linear SVM
huggingface_uit-sentiment-dataset-reddit-2000-balanced::1neee9u,No stress,0.049046059254529505,0.9509539407454705,Calibrated Linear SVM
huggingface_uit-sentiment-dataset-reddit-2000-balanced::1nefmzr,No stress,0.1394073219972409,0.860592678002759,Calibrated Linear SVM
huggingface_uit-sentiment-dataset-reddit-2000-balanced::1nexloc,No stress,0.4600705153766247,0.5399294846233753,Calibrated Linear SVM
huggingface_uit-sentiment-dataset-reddit-2000-balanced::1nf79lr,Stress,0.9439655003655029,0.9439655003655029,Calibrated Linear SVM
huggingface_uit-sentiment-dataset-reddit-2000-balanced::1nfzgge,Stress,0.9181163218508271,0.9181163218508271,Calibrated Linear SVM
huggingface_uit-sentiment-dataset-reddit-2000-balanced::1ngaoj6,No stress,0.20004182870454298,0.799958171295457,Calibrated Linear SVM
huggingface_uit-sentiment-dataset-reddit-2000-balanced::1ngaw86,No stress,0.02453645735134109,0.975463542648659,Calibrated Linear SVM
huggingface_uit-sentiment-dataset-reddit-2000-balanced::1nghylz,No stress,0.11261528442286554,0.8873847155771345,Calibrated Linear SVM
huggingface_uit-sentiment-dataset-reddit-2000-balanced::1ngornp,No stress,0.1841746375555038,0.8158253624444961,Calibrated Linear SVM
huggingface_uit-sentiment-dataset-reddit-2000-balanced::1nhn1zp,No stress,0.48119539485061963,0.5188046051493803,Calibrated Linear SVM
huggingface_uit-sentiment-dataset-reddit-2000-balanced::1ni1ai0,No stress,0.35837347220536714,0.6416265277946328,Calibrated Linear SVM
huggingface_uit-sentiment-dataset-reddit-2000-balanced::1nimfrt,No stress,0.10458506932167182,0.8954149306783282,Calibrated Linear SVM
huggingface_uit-sentiment-dataset-reddit-2000-balanced::1njn6mi,No stress,0.06077432560571213,0.9392256743942878,Calibrated Linear SVM
huggingface_uit-sentiment-dataset-reddit-2000-balanced::1njt0m7,No stress,0.16733810861468576,0.8326618913853142,Calibrated Linear SVM
huggingface_uit-sentiment-dataset-reddit-2000-balanced::1nk1u8s,No stress,0.11970932310252702,0.8802906768974729,Calibrated Linear SVM
huggingface_uit-sentiment-dataset-reddit-2000-balanced::1nk4j47,No stress,0.13326809155215927,0.8667319084478408,Calibrated Linear SVM
huggingface_uit-sentiment-dataset-reddit-2000-balanced::1nku5r1,No stress,0.3184176698309569,0.6815823301690432,Calibrated Linear SVM
huggingface_uit-sentiment-dataset-reddit-2000-balanced::1nkx3tm,No stress,0.10356984746020943,0.8964301525397905,Calibrated Linear SVM
huggingface_uit-sentiment-dataset-reddit-2000-balanced::1nl97i5,No stress,0.031035318651850996,0.9689646813481488,Calibrated Linear SVM
huggingface_uit-sentiment-dataset-reddit-2000-balanced::1nlo4on,Stress,0.5507581010974912,0.5507581010974912,Calibrated Linear SVM
huggingface_uit-sentiment-dataset-reddit-2000-balanced::1nlpqq0,No stress,0.026525212137950255,0.9734747878620498,Calibrated Linear SVM
huggingface_uit-sentiment-dataset-reddit-2000-balanced::1nmcm7s,Stress,0.7920433277562026,0.7920433277562026,Calibrated Linear SVM
huggingface_uit-sentiment-dataset-reddit-2000-balanced::1nmii5y,Stress,0.6736574202985106,0.6736574202985106,Calibrated Linear SVM
huggingface_uit-sentiment-dataset-reddit-2000-balanced::1nmp3m1,No stress,0.023420357360803376,0.9765796426391966,Calibrated Linear SVM
huggingface_uit-sentiment-dataset-reddit-2000-balanced::1nnq171,No stress,0.46865002017337826,0.5313499798266218,Calibrated Linear SVM
huggingface_uit-sentiment-dataset-reddit-2000-balanced::1nnsy8b,No stress,0.10284004634222776,0.8971599536577722,Calibrated Linear SVM
huggingface_uit-sentiment-dataset-reddit-2000-balanced::1nnt1bw,No stress,0.08160791701034997,0.91839208298965,Calibrated Linear SVM
huggingface_uit-sentiment-dataset-reddit-2000-balanced::1nnzaev,No stress,0.04011872076016777,0.9598812792398322,Calibrated Linear SVM
huggingface_uit-sentiment-dataset-reddit-2000-balanced::1noqpli,No stress,0.06264878969181328,0.9373512103081868,Calibrated Linear SVM
huggingface_uit-sentiment-dataset-reddit-2000-balanced::1np9fli,No stress,0.06997020211604797,0.930029797883952,Calibrated Linear SVM
huggingface_uit-sentiment-dataset-reddit-2000-balanced::1nqar8d,No stress,0.042139984381619915,0.9578600156183801,Calibrated Linear SVM
huggingface_uit-sentiment-dataset-reddit-2000-balanced::1nqcw3w,No stress,0.05069820636436607,0.9493017936356339,Calibrated Linear SVM
huggingface_uit-sentiment-dataset-reddit-2000-balanced::1nqcx2c,No stress,0.04009418437480367,0.9599058156251963,Calibrated Linear SVM
huggingface_uit-sentiment-dataset-reddit-2000-balanced::1nqws35,No stress,0.24517978124498363,0.7548202187550164,Calibrated Linear SVM
huggingface_uit-sentiment-dataset-reddit-2000-balanced::1nr2c4s,No stress,0.2429160008925615,0.7570839991074384,Calibrated Linear SVM
huggingface_uit-sentiment-dataset-reddit-2000-balanced::1nt99fp,No stress,0.09574569379498842,0.9042543062050116,Calibrated Linear SVM
huggingface_uit-sentiment-dataset-reddit-2000-balanced::1nu5me6,No stress,0.07067295782108705,0.9293270421789129,Calibrated Linear SVM
huggingface_uit-sentiment-dataset-reddit-2000-balanced::1nugpbu,Stress,0.9520535354086137,0.9520535354086137,Calibrated Linear SVM
huggingface_uit-sentiment-dataset-reddit-2000-balanced::1numsuq,No stress,0.04801955403035638,0.9519804459696437,Calibrated Linear SVM
huggingface_uit-sentiment-dataset-reddit-2000-balanced::1nv5uw8,No stress,0.09895392405006294,0.901046075949937,Calibrated Linear SVM
huggingface_uit-sentiment-dataset-reddit-2000-balanced::1nvdyiy,No stress,0.4228366235796945,0.5771633764203056,Calibrated Linear SVM
huggingface_uit-sentiment-dataset-reddit-2000-balanced::1nviiax,Stress,0.5832876830325974,0.5832876830325974,Calibrated Linear SVM
huggingface_uit-sentiment-dataset-reddit-2000-balanced::1nvkjo8,No stress,0.25168537685197745,0.7483146231480226,Calibrated Linear SVM
huggingface_uit-sentiment-dataset-reddit-2000-balanced::1nwehc3,No stress,0.008970537719586233,0.9910294622804138,Calibrated Linear SVM
huggingface_uit-sentiment-dataset-reddit-2000-balanced::1nwovl9,No stress,0.18560035489183865,0.8143996451081614,Calibrated Linear SVM
huggingface_uit-sentiment-dataset-reddit-2000-balanced::1nwxrji,No stress,0.025265079090664472,0.9747349209093356,Calibrated Linear SVM
huggingface_uit-sentiment-dataset-reddit-2000-balanced::1ny6qug,Stress,0.5606538375123192,0.5606538375123192,Calibrated Linear SVM
huggingface_uit-sentiment-dataset-reddit-2000-balanced::1o02txe,No stress,0.20348942903434594,0.796510570965654,Calibrated Linear SVM
huggingface_uit-sentiment-dataset-reddit-2000-balanced::1o0pata,No stress,0.006971438006636978,0.9930285619933631,Calibrated Linear SVM
huggingface_uit-sentiment-dataset-reddit-2000-balanced::1o0puzj,No stress,0.014385708730914278,0.9856142912690857,Calibrated Linear SVM
huggingface_uit-sentiment-dataset-reddit-2000-balanced::1o0swy4,No stress,0.03589574563604752,0.9641042543639525,Calibrated Linear SVM
huggingface_uit-sentiment-dataset-reddit-2000-balanced::1o13rfk,No stress,0.3556283957809782,0.6443716042190218,Calibrated Linear SVM
huggingface_uit-sentiment-dataset-reddit-2000-balanced::1o19wvg,No stress,0.10960199108161944,0.8903980089183806,Calibrated Linear SVM
huggingface_uit-sentiment-dataset-reddit-2000-balanced::1o1mnyh,No stress,0.3625941979847602,0.6374058020152398,Calibrated Linear SVM
huggingface_uit-sentiment-dataset-reddit-2000-balanced::1o26kt2,No stress,0.3186992331522269,0.6813007668477731,Calibrated Linear SVM
huggingface_uit-sentiment-dataset-reddit-2000-balanced::1o2d6ku,No stress,0.01210258234860702,0.9878974176513929,Calibrated Linear SVM
huggingface_uit-sentiment-dataset-reddit-2000-balanced::1o2e93y,No stress,0.03081312394005527,0.9691868760599448,Calibrated Linear SVM
huggingface_uit-sentiment-dataset-reddit-2000-balanced::1o2qq8m,No stress,0.1286760765120576,0.8713239234879424,Calibrated Linear SVM
huggingface_uit-sentiment-dataset-reddit-2000-balanced::1o3sstr,Stress,0.8439771512361851,0.8439771512361851,Calibrated Linear SVM
huggingface_uit-sentiment-dataset-reddit-2000-balanced::1o5dly2,No stress,0.08261004816583795,0.917389951834162,Calibrated Linear SVM
huggingface_uit-sentiment-dataset-reddit-2000-balanced::1o5it1h,No stress,0.17047930016466384,0.8295206998353363,Calibrated Linear SVM
huggingface_uit-sentiment-dataset-reddit-2000-balanced::1o60188,No stress,0.05455291036090846,0.9454470896390915,Calibrated Linear SVM
huggingface_uit-sentiment-dataset-reddit-2000-balanced::1o61p2d,Stress,0.6404736486923346,0.6404736486923346,Calibrated Linear SVM
huggingface_uit-sentiment-dataset-reddit-2000-balanced::1o632xq,No stress,0.19340909061408026,0.8065909093859197,Calibrated Linear SVM
huggingface_uit-sentiment-dataset-reddit-2000-balanced::1o6mejl,No stress,0.007365918763287992,0.9926340812367119,Calibrated Linear SVM
huggingface_uit-sentiment-dataset-reddit-2000-balanced::1o6pnoe,No stress,0.4562615594261814,0.5437384405738185,Calibrated Linear SVM
huggingface_uit-sentiment-dataset-reddit-2000-balanced::1o74ufs,No stress,0.3204732213168205,0.6795267786831795,Calibrated Linear SVM
huggingface_uit-sentiment-dataset-reddit-2000-balanced::1o76ev6,No stress,0.09837132275890449,0.9016286772410956,Calibrated Linear SVM
huggingface_uit-sentiment-dataset-reddit-2000-balanced::1o7dccb,Stress,0.5565491866467399,0.5565491866467399,Calibrated Linear SVM
huggingface_uit-sentiment-dataset-reddit-2000-balanced::1o7lynv,No stress,0.00438734191328843,0.9956126580867116,Calibrated Linear SVM
huggingface_uit-sentiment-dataset-reddit-2000-balanced::1o7up0e,No stress,0.2623446766306257,0.7376553233693742,Calibrated Linear SVM
huggingface_uit-sentiment-dataset-reddit-2000-balanced::1o89qzn,No stress,0.0942507911163668,0.9057492088836332,Calibrated Linear SVM
huggingface_uit-sentiment-dataset-reddit-2000-balanced::1o8iibt,No stress,0.08187899352746837,0.9181210064725316,Calibrated Linear SVM
huggingface_uit-sentiment-dataset-reddit-2000-balanced::1o8tlz3,No stress,0.17512107513358285,0.8248789248664172,Calibrated Linear SVM
huggingface_uit-sentiment-dataset-reddit-2000-balanced::1o973ka,No stress,0.10406374416655852,0.8959362558334414,Calibrated Linear SVM
huggingface_uit-sentiment-dataset-reddit-2000-balanced::1o9d8ft,No stress,0.03546899219273404,0.964531007807266,Calibrated Linear SVM
huggingface_uit-sentiment-dataset-reddit-2000-balanced::1o9pdt0,Stress,0.7794844020721078,0.7794844020721078,Calibrated Linear SVM
huggingface_uit-sentiment-dataset-reddit-2000-balanced::1oauzsa,No stress,0.07929720153656956,0.9207027984634304,Calibrated Linear SVM
huggingface_uit-sentiment-dataset-reddit-2000-balanced::1ob2lrb,No stress,0.02995504021790873,0.9700449597820913,Calibrated Linear SVM
huggingface_uit-sentiment-dataset-reddit-2000-balanced::1ob4gcp,No stress,0.3791407058301353,0.6208592941698646,Calibrated Linear SVM
huggingface_uit-sentiment-dataset-reddit-2000-balanced::1obkxqj,No stress,0.12273595448318854,0.8772640455168115,Calibrated Linear SVM
huggingface_uit-sentiment-dataset-reddit-2000-balanced::1obwedk,No stress,0.008984905752022345,0.9910150942479777,Calibrated Linear SVM
huggingface_uit-sentiment-dataset-reddit-2000-balanced::1occr50,No stress,0.24482872152214796,0.755171278477852,Calibrated Linear SVM
huggingface_uit-sentiment-dataset-reddit-2000-balanced::1ode77b,Stress,0.8434965895261755,0.8434965895261755,Calibrated Linear SVM
huggingface_uit-sentiment-dataset-reddit-2000-balanced::1odi0ih,Stress,0.7432723398491813,0.7432723398491813,Calibrated Linear SVM
huggingface_uit-sentiment-dataset-reddit-2000-balanced::1odrwax,No stress,0.05031929413644318,0.9496807058635568,Calibrated Linear SVM
huggingface_uit-sentiment-dataset-reddit-2000-balanced::1oe65hl,No stress,0.3725384748319968,0.6274615251680032,Calibrated Linear SVM
huggingface_uit-sentiment-dataset-reddit-2000-balanced::1oeoyp3,No stress,0.1250198747905111,0.8749801252094889,Calibrated Linear SVM
huggingface_uit-sentiment-dataset-reddit-2000-balanced::1oet55i,No stress,0.0966987857471971,0.903301214252803,Calibrated Linear SVM
huggingface_uit-sentiment-dataset-reddit-2000-balanced::1og4750,No stress,0.09978774376846085,0.9002122562315392,Calibrated Linear SVM
huggingface_uit-sentiment-dataset-reddit-2000-balanced::1og8jil,Stress,0.9282120461318947,0.9282120461318947,Calibrated Linear SVM
huggingface_uit-sentiment-dataset-reddit-2000-balanced::1ogm384,Stress,0.8701011914854179,0.8701011914854179,Calibrated Linear SVM
huggingface_uit-sentiment-dataset-reddit-2000-balanced::1kbym8v,Stress,0.6481991827833585,0.6481991827833585,Calibrated Linear SVM
huggingface_uit-sentiment-dataset-reddit-2000-balanced::1kc0vj8,No stress,0.3370880032791718,0.6629119967208282,Calibrated Linear SVM
huggingface_uit-sentiment-dataset-reddit-2000-balanced::1kc3n1z,No stress,0.20739959547420148,0.7926004045257985,Calibrated Linear SVM
huggingface_uit-sentiment-dataset-reddit-2000-balanced::1kca20r,No stress,0.24668952536283495,0.753310474637165,Calibrated Linear SVM
huggingface_uit-sentiment-dataset-reddit-2000-balanced::1kcfbpp,No stress,0.2873985871592378,0.7126014128407622,Calibrated Linear SVM
huggingface_uit-sentiment-dataset-reddit-2000-balanced::1kcghky,No stress,0.09460859451822107,0.905391405481779,Calibrated Linear SVM
huggingface_uit-sentiment-dataset-reddit-2000-balanced::1kcgqbl,No stress,0.30090067676951154,0.6990993232304885,Calibrated Linear SVM
huggingface_uit-sentiment-dataset-reddit-2000-balanced::1kci8iv,No stress,0.3482537491937003,0.6517462508062998,Calibrated Linear SVM
huggingface_uit-sentiment-dataset-reddit-2000-balanced::1kcjyxy,No stress,0.08819977601269362,0.9118002239873064,Calibrated Linear SVM
huggingface_uit-sentiment-dataset-reddit-2000-balanced::1kckuv8,No stress,0.16431640364109404,0.8356835963589059,Calibrated Linear SVM
huggingface_uit-sentiment-dataset-reddit-2000-balanced::1kd2urk,No stress,0.22283579995411026,0.7771642000458897,Calibrated Linear SVM
huggingface_uit-sentiment-dataset-reddit-2000-balanced::1kd8t3r,No stress,0.43011252468019423,0.5698874753198057,Calibrated Linear SVM
huggingface_uit-sentiment-dataset-reddit-2000-balanced::1kd9b55,No stress,0.022263769133522293,0.9777362308664777,Calibrated Linear SVM
huggingface_uit-sentiment-dataset-reddit-2000-balanced::1kdcs5a,Stress,0.8271706582546727,0.8271706582546727,Calibrated Linear SVM
huggingface_uit-sentiment-dataset-reddit-2000-balanced::1kddcdp,No stress,0.1784345877297644,0.8215654122702357,Calibrated Linear SVM
huggingface_uit-sentiment-dataset-reddit-2000-balanced::1kde9mn,No stress,0.31718194297550495,0.682818057024495,Calibrated Linear SVM
huggingface_uit-sentiment-dataset-reddit-2000-balanced::1kdge66,No stress,0.0954526435016409,0.9045473564983592,Calibrated Linear SVM
huggingface_uit-sentiment-dataset-reddit-2000-balanced::1kdswby,No stress,0.4833958962108092,0.5166041037891907,Calibrated Linear SVM
huggingface_uit-sentiment-dataset-reddit-2000-balanced::1kdt2yb,No stress,0.22829628548829173,0.7717037145117082,Calibrated Linear SVM
huggingface_uit-sentiment-dataset-reddit-2000-balanced::1keoint,No stress,0.2423250863524511,0.7576749136475489,Calibrated Linear SVM
huggingface_uit-sentiment-dataset-reddit-2000-balanced::1kepuli,Stress,0.7327985606911724,0.7327985606911724,Calibrated Linear SVM
huggingface_uit-sentiment-dataset-reddit-2000-balanced::1kf62ck,No stress,0.23954014917248814,0.7604598508275119,Calibrated Linear SVM
huggingface_uit-sentiment-dataset-reddit-2000-balanced::1kfi1cn,No stress,0.3884772935296783,0.6115227064703218,Calibrated Linear SVM
huggingface_uit-sentiment-dataset-reddit-2000-balanced::1kfi8xh,Stress,0.5319214946768279,0.5319214946768279,Calibrated Linear SVM
huggingface_uit-sentiment-dataset-reddit-2000-balanced::1kfrsdi,Stress,0.5424914056451419,0.5424914056451419,Calibrated Linear SVM
huggingface_uit-sentiment-dataset-reddit-2000-balanced::1kg20mu,No stress,0.18900401440886327,0.8109959855911367,Calibrated Linear SVM
huggingface_uit-sentiment-dataset-reddit-2000-balanced::1kg9x4d,No stress,0.16019173088725036,0.8398082691127496,Calibrated Linear SVM
huggingface_uit-sentiment-dataset-reddit-2000-balanced::1kgkyap,No stress,0.1956968697728363,0.8043031302271637,Calibrated Linear SVM
huggingface_uit-sentiment-dataset-reddit-2000-balanced::1ki1kh1,No stress,0.06703511747886841,0.9329648825211315,Calibrated Linear SVM
huggingface_uit-sentiment-dataset-reddit-2000-balanced::1ki4pme,Stress,0.7732654184010072,0.7732654184010072,Calibrated Linear SVM
huggingface_uit-sentiment-dataset-reddit-2000-balanced::1kifg2v,Stress,0.7837844849437426,0.7837844849437426,Calibrated Linear SVM
huggingface_uit-sentiment-dataset-reddit-2000-balanced::1kisfu2,Stress,0.7121648681824461,0.7121648681824461,Calibrated Linear SVM
huggingface_uit-sentiment-dataset-reddit-2000-balanced::1kj1t1o,Stress,0.8972982310543202,0.8972982310543202,Calibrated Linear SVM
huggingface_uit-sentiment-dataset-reddit-2000-balanced::1kj6fns,No stress,0.3780726112445969,0.6219273887554031,Calibrated Linear SVM
huggingface_uit-sentiment-dataset-reddit-2000-balanced::1kjb9zs,No stress,0.29024818612680714,0.709751813873193,Calibrated Linear SVM
huggingface_uit-sentiment-dataset-reddit-2000-balanced::1kjdg0c,No stress,0.2136954915150243,0.7863045084849757,Calibrated Linear SVM
huggingface_uit-sentiment-dataset-reddit-2000-balanced::1kjf4li,Stress,0.6243225409398395,0.6243225409398395,Calibrated Linear SVM
huggingface_uit-sentiment-dataset-reddit-2000-balanced::1kjwi3w,No stress,0.22176044836427625,0.7782395516357238,Calibrated Linear SVM
huggingface_uit-sentiment-dataset-reddit-2000-balanced::1kkg73u,No stress,0.36789904778150745,0.6321009522184925,Calibrated Linear SVM
huggingface_uit-sentiment-dataset-reddit-2000-balanced::1kko4xu,No stress,0.14404653022142316,0.8559534697785769,Calibrated Linear SVM
huggingface_uit-sentiment-dataset-reddit-2000-balanced::1kldquv,No stress,0.1064109176328733,0.8935890823671268,Calibrated Linear SVM
huggingface_uit-sentiment-dataset-reddit-2000-balanced::1klur6q,No stress,0.32588904885354303,0.6741109511464569,Calibrated Linear SVM
huggingface_uit-sentiment-dataset-reddit-2000-balanced::1klxlbx,No stress,0.3191207967215726,0.6808792032784274,Calibrated Linear SVM
huggingface_uit-sentiment-dataset-reddit-2000-balanced::1kmc37p,Stress,0.9916574238762937,0.9916574238762937,Calibrated Linear SVM
huggingface_uit-sentiment-dataset-reddit-2000-balanced::1kmjr1n,No stress,0.3038389490730224,0.6961610509269777,Calibrated Linear SVM
huggingface_uit-sentiment-dataset-reddit-2000-balanced::1kmmq6d,Stress,0.6695078387345837,0.6695078387345837,Calibrated Linear SVM
huggingface_uit-sentiment-dataset-reddit-2000-balanced::1kmq7gx,Stress,0.9308535171701493,0.9308535171701493,Calibrated Linear SVM
huggingface_uit-sentiment-dataset-reddit-2000-balanced::1kmv4q4,No stress,0.46463203678584614,0.5353679632141538,Calibrated Linear SVM
huggingface_uit-sentiment-dataset-reddit-2000-balanced::1kmyr7h,Stress,0.9057920270881373,0.9057920270881373,Calibrated Linear SVM
huggingface_uit-sentiment-dataset-reddit-2000-balanced::1ko1iob,No stress,0.051862792359202825,0.9481372076407971,Calibrated Linear SVM
huggingface_uit-sentiment-dataset-reddit-2000-balanced::1ko9bx2,No stress,0.36390538025274677,0.6360946197472533,Calibrated Linear SVM
huggingface_uit-sentiment-dataset-reddit-2000-balanced::1kod345,Stress,0.8081315500751222,0.8081315500751222,Calibrated Linear SVM
huggingface_uit-sentiment-dataset-reddit-2000-balanced::1kowzqe,Stress,0.9845162744048973,0.9845162744048973,Calibrated Linear SVM
huggingface_uit-sentiment-dataset-reddit-2000-balanced::1kptmbk,Stress,0.547502893812502,0.547502893812502,Calibrated Linear SVM
huggingface_uit-sentiment-dataset-reddit-2000-balanced::1kqa6l0,No stress,0.23687884822203095,0.7631211517779691,Calibrated Linear SVM
huggingface_uit-sentiment-dataset-reddit-2000-balanced::1kqab4m,No stress,0.19414238494485478,0.8058576150551452,Calibrated Linear SVM
huggingface_uit-sentiment-dataset-reddit-2000-balanced::1kr1hu3,No stress,0.20179978816726618,0.7982002118327337,Calibrated Linear SVM
huggingface_uit-sentiment-dataset-reddit-2000-balanced::1krheay,Stress,0.8440701928615608,0.8440701928615608,Calibrated Linear SVM
huggingface_uit-sentiment-dataset-reddit-2000-balanced::1krr7hn,No stress,0.31881630336900996,0.6811836966309901,Calibrated Linear SVM
huggingface_uit-sentiment-dataset-reddit-2000-balanced::1ks5oxb,Stress,0.6407562955991775,0.6407562955991775,Calibrated Linear SVM
huggingface_uit-sentiment-dataset-reddit-2000-balanced::1ks7oss,Stress,0.5811073013181063,0.5811073013181063,Calibrated Linear SVM
huggingface_uit-sentiment-dataset-reddit-2000-balanced::1ks7qgk,Stress,0.5384975627132782,0.5384975627132782,Calibrated Linear SVM
huggingface_uit-sentiment-dataset-reddit-2000-balanced::1kspe8c,Stress,0.5957755334419064,0.5957755334419064,Calibrated Linear SVM
huggingface_uit-sentiment-dataset-reddit-2000-balanced::1ksy9hi,No stress,0.13741948767089188,0.862580512329108,Calibrated Linear SVM
huggingface_uit-sentiment-dataset-reddit-2000-balanced::1ktvs5j,Stress,0.5913134352570834,0.5913134352570834,Calibrated Linear SVM
huggingface_uit-sentiment-dataset-reddit-2000-balanced::1kutgnr,Stress,0.7949129395438975,0.7949129395438975,Calibrated Linear SVM
huggingface_uit-sentiment-dataset-reddit-2000-balanced::1kvd0jr,No stress,0.16384907241365085,0.8361509275863491,Calibrated Linear SVM
huggingface_uit-sentiment-dataset-reddit-2000-balanced::1kvknlo,No stress,0.36421013191508717,0.6357898680849129,Calibrated Linear SVM
huggingface_uit-sentiment-dataset-reddit-2000-balanced::1kvn51x,Stress,0.7380552502574141,0.7380552502574141,Calibrated Linear SVM
huggingface_uit-sentiment-dataset-reddit-2000-balanced::1kvz322,No stress,0.25753984171377114,0.7424601582862289,Calibrated Linear SVM
huggingface_uit-sentiment-dataset-reddit-2000-balanced::1kwmlos,No stress,0.176483087928385,0.8235169120716149,Calibrated Linear SVM
huggingface_uit-sentiment-dataset-reddit-2000-balanced::1kwqt64,No stress,0.3158614149794123,0.6841385850205878,Calibrated Linear SVM
huggingface_uit-sentiment-dataset-reddit-2000-balanced::1kx2tfl,No stress,0.37290987233714473,0.6270901276628553,Calibrated Linear SVM
huggingface_uit-sentiment-dataset-reddit-2000-balanced::1kxdb1n,Stress,0.6717801839425045,0.6717801839425045,Calibrated Linear SVM
huggingface_uit-sentiment-dataset-reddit-2000-balanced::1kxdkms,Stress,0.8186922125660742,0.8186922125660742,Calibrated Linear SVM
huggingface_uit-sentiment-dataset-reddit-2000-balanced::1kxk3lk,Stress,0.5009044849734563,0.5009044849734563,Calibrated Linear SVM
huggingface_uit-sentiment-dataset-reddit-2000-balanced::1kxkke4,Stress,0.8853544742245171,0.8853544742245171,Calibrated Linear SVM
huggingface_uit-sentiment-dataset-reddit-2000-balanced::1kyku6k,Stress,0.7329232163451186,0.7329232163451186,Calibrated Linear SVM
huggingface_uit-sentiment-dataset-reddit-2000-balanced::1kytgz7,Stress,0.5523007132552673,0.5523007132552673,Calibrated Linear SVM
huggingface_uit-sentiment-dataset-reddit-2000-balanced::1kz0kqi,No stress,0.47684611499448043,0.5231538850055195,Calibrated Linear SVM
huggingface_uit-sentiment-dataset-reddit-2000-balanced::1kz25r8,No stress,0.43147910302791076,0.5685208969720893,Calibrated Linear SVM
huggingface_uit-sentiment-dataset-reddit-2000-balanced::1kzcalh,No stress,0.10009280922274598,0.8999071907772541,Calibrated Linear SVM
huggingface_uit-sentiment-dataset-reddit-2000-balanced::1kzn4ix,Stress,0.7137347289872013,0.7137347289872013,Calibrated Linear SVM
huggingface_uit-sentiment-dataset-reddit-2000-balanced::1l0y4ep,Stress,0.692444048014815,0.692444048014815,Calibrated Linear SVM
huggingface_uit-sentiment-dataset-reddit-2000-balanced::1l108b2,No stress,0.2567820421742973,0.7432179578257028,Calibrated Linear SVM
huggingface_uit-sentiment-dataset-reddit-2000-balanced::1l17sdd,Stress,0.5224033314986763,0.5224033314986763,Calibrated Linear SVM
huggingface_uit-sentiment-dataset-reddit-2000-balanced::1l379ix,Stress,0.8234966784983532,0.8234966784983532,Calibrated Linear SVM
huggingface_uit-sentiment-dataset-reddit-2000-balanced::1l3i78l,No stress,0.21147379052768145,0.7885262094723186,Calibrated Linear SVM
huggingface_uit-sentiment-dataset-reddit-2000-balanced::1l3lrdq,Stress,0.6980194323092528,0.6980194323092528,Calibrated Linear SVM
huggingface_uit-sentiment-dataset-reddit-2000-balanced::1l3nwic,No stress,0.24286597533185617,0.7571340246681438,Calibrated Linear SVM
huggingface_uit-sentiment-dataset-reddit-2000-balanced::1l3qxas,No stress,0.34355560543672486,0.6564443945632751,Calibrated Linear SVM
huggingface_uit-sentiment-dataset-reddit-2000-balanced::1l3tby7,No stress,0.10108127903374697,0.898918720966253,Calibrated Linear SVM
huggingface_uit-sentiment-dataset-reddit-2000-balanced::1l3wloi,No stress,0.0848701222081813,0.9151298777918186,Calibrated Linear SVM
huggingface_uit-sentiment-dataset-reddit-2000-balanced::1l53g0m,Stress,0.8359562814819798,0.8359562814819798,Calibrated Linear SVM
huggingface_uit-sentiment-dataset-reddit-2000-balanced::1l67afp,No stress,0.37811151994966874,0.6218884800503313,Calibrated Linear SVM
huggingface_uit-sentiment-dataset-reddit-2000-balanced::1l75fc8,No stress,0.16549857212456862,0.8345014278754315,Calibrated Linear SVM
huggingface_uit-sentiment-dataset-reddit-2000-balanced::1l7rc5e,Stress,0.5008139015557157,0.5008139015557157,Calibrated Linear SVM
huggingface_uit-sentiment-dataset-reddit-2000-balanced::1l8c3nb,Stress,0.9168751228854127,0.9168751228854127,Calibrated Linear SVM
huggingface_uit-sentiment-dataset-reddit-2000-balanced::1l8h95q,No stress,0.46251128574963785,0.5374887142503622,Calibrated Linear SVM
huggingface_uit-sentiment-dataset-reddit-2000-balanced::1l8wvvr,Stress,0.708500144754136,0.708500144754136,Calibrated Linear SVM
huggingface_uit-sentiment-dataset-reddit-2000-balanced::1l9cwi5,No stress,0.4083629717786646,0.5916370282213353,Calibrated Linear SVM
huggingface_uit-sentiment-dataset-reddit-2000-balanced::1l9yk8v,Stress,0.6816060394873897,0.6816060394873897,Calibrated Linear SVM
huggingface_uit-sentiment-dataset-reddit-2000-balanced::1la1v4d,No stress,0.16296439425815204,0.837035605741848,Calibrated Linear SVM
huggingface_uit-sentiment-dataset-reddit-2000-balanced::1la91hz,No stress,0.37956994047853704,0.620430059521463,Calibrated Linear SVM
huggingface_uit-sentiment-dataset-reddit-2000-balanced::1lak9yb,Stress,0.8768583514952043,0.8768583514952043,Calibrated Linear SVM
huggingface_uit-sentiment-dataset-reddit-2000-balanced::1lb9jqc,Stress,0.6791039724920603,0.6791039724920603,Calibrated Linear SVM
huggingface_uit-sentiment-dataset-reddit-2000-balanced::1lbd2jy,No stress,0.1495509059632078,0.8504490940367923,Calibrated Linear SVM
huggingface_uit-sentiment-dataset-reddit-2000-balanced::1lbfinu,Stress,0.748699880469521,0.748699880469521,Calibrated Linear SVM
huggingface_uit-sentiment-dataset-reddit-2000-balanced::1lcb4e6,Stress,0.740766506888261,0.740766506888261,Calibrated Linear SVM
huggingface_uit-sentiment-dataset-reddit-2000-balanced::1ldbh4i,No stress,0.45738902033481826,0.5426109796651817,Calibrated Linear SVM
huggingface_uit-sentiment-dataset-reddit-2000-balanced::1ldfyak,Stress,0.894712251801626,0.894712251801626,Calibrated Linear SVM
huggingface_uit-sentiment-dataset-reddit-2000-balanced::1ldk57p,Stress,0.7861923694693388,0.7861923694693388,Calibrated Linear SVM
huggingface_uit-sentiment-dataset-reddit-2000-balanced::1leamks,Stress,0.8570641266317015,0.8570641266317015,Calibrated Linear SVM
huggingface_uit-sentiment-dataset-reddit-2000-balanced::1lel886,Stress,0.5155931205395655,0.5155931205395655,Calibrated Linear SVM
huggingface_uit-sentiment-dataset-reddit-2000-balanced::1lexg9w,No stress,0.4115719247582354,0.5884280752417647,Calibrated Linear SVM
huggingface_uit-sentiment-dataset-reddit-2000-balanced::1lf9zph,Stress,0.5033661691723167,0.5033661691723167,Calibrated Linear SVM
huggingface_uit-sentiment-dataset-reddit-2000-balanced::1lfgfu5,Stress,0.5214747959872317,0.5214747959872317,Calibrated Linear SVM
huggingface_uit-sentiment-dataset-reddit-2000-balanced::1lg4mp9,No stress,0.1185522502617723,0.8814477497382277,Calibrated Linear SVM
huggingface_uit-sentiment-dataset-reddit-2000-balanced::1lg6r9r,Stress,0.5635047676350923,0.5635047676350923,Calibrated Linear SVM
huggingface_uit-sentiment-dataset-reddit-2000-balanced::1lg94vr,No stress,0.47009866555582525,0.5299013344441748,Calibrated Linear SVM
huggingface_uit-sentiment-dataset-reddit-2000-balanced::1lgd4tq,No stress,0.4538265981233099,0.5461734018766901,Calibrated Linear SVM
huggingface_uit-sentiment-dataset-reddit-2000-balanced::1lhd1j0,Stress,0.7457971737220591,0.7457971737220591,Calibrated Linear SVM
huggingface_uit-sentiment-dataset-reddit-2000-balanced::1lhi8p8,No stress,0.11120457966507595,0.8887954203349241,Calibrated Linear SVM
huggingface_uit-sentiment-dataset-reddit-2000-balanced::1ljm3pb,Stress,0.5711473537808146,0.5711473537808146,Calibrated Linear SVM
huggingface_uit-sentiment-dataset-reddit-2000-balanced::1ljn4h8,Stress,0.7105481711126771,0.7105481711126771,Calibrated Linear SVM
huggingface_uit-sentiment-dataset-reddit-2000-balanced::1ljohcu,No stress,0.46538738817454256,0.5346126118254574,Calibrated Linear SVM
huggingface_uit-sentiment-dataset-reddit-2000-balanced::1lk20o4,Stress,0.7228995027135511,0.7228995027135511,Calibrated Linear SVM
huggingface_uit-sentiment-dataset-reddit-2000-balanced::1lk6axd,No stress,0.34005416397160376,0.6599458360283963,Calibrated Linear SVM
huggingface_uit-sentiment-dataset-reddit-2000-balanced::1lk9a3k,Stress,0.7838365848941322,0.7838365848941322,Calibrated Linear SVM
huggingface_uit-sentiment-dataset-reddit-2000-balanced::1lkau4z,No stress,0.29430103072313313,0.7056989692768667,Calibrated Linear SVM
huggingface_uit-sentiment-dataset-reddit-2000-balanced::1lkorvb,No stress,0.21611990503057568,0.7838800949694242,Calibrated Linear SVM
huggingface_uit-sentiment-dataset-reddit-2000-balanced::1lkxxak,Stress,0.7651199817652777,0.7651199817652777,Calibrated Linear SVM
huggingface_uit-sentiment-dataset-reddit-2000-balanced::1ll429p,No stress,0.1208309533288695,0.8791690466711305,Calibrated Linear SVM
huggingface_uit-sentiment-dataset-reddit-2000-balanced::1llgpxj,No stress,0.40984215707893384,0.5901578429210662,Calibrated Linear SVM
huggingface_uit-sentiment-dataset-reddit-2000-balanced::1lllpzt,Stress,0.7058302657047403,0.7058302657047403,Calibrated Linear SVM
huggingface_uit-sentiment-dataset-reddit-2000-balanced::1llmu12,Stress,0.7143002478915902,0.7143002478915902,Calibrated Linear SVM
huggingface_uit-sentiment-dataset-reddit-2000-balanced::1llqsj9,Stress,0.5689247188998808,0.5689247188998808,Calibrated Linear SVM
huggingface_uit-sentiment-dataset-reddit-2000-balanced::1llu89r,No stress,0.11829484295975362,0.8817051570402463,Calibrated Linear SVM
huggingface_uit-sentiment-dataset-reddit-2000-balanced::1lmjs43,No stress,0.3630936817335462,0.6369063182664537,Calibrated Linear SVM
huggingface_uit-sentiment-dataset-reddit-2000-balanced::1lmk2dj,No stress,0.12548582384020177,0.8745141761597983,Calibrated Linear SVM
huggingface_uit-sentiment-dataset-reddit-2000-balanced::1lml8lx,Stress,0.6190369515736854,0.6190369515736854,Calibrated Linear SVM
huggingface_uit-sentiment-dataset-reddit-2000-balanced::1lmranc,No stress,0.3701798667546134,0.6298201332453867,Calibrated Linear SVM
huggingface_uit-sentiment-dataset-reddit-2000-balanced::1lmxg89,No stress,0.07815347466468205,0.921846525335318,Calibrated Linear SVM
huggingface_uit-sentiment-dataset-reddit-2000-balanced::1ln1gdr,Stress,0.6683814796155674,0.6683814796155674,Calibrated Linear SVM
huggingface_uit-sentiment-dataset-reddit-2000-balanced::1ln4iyg,Stress,0.524631704092931,0.524631704092931,Calibrated Linear SVM
huggingface_uit-sentiment-dataset-reddit-2000-balanced::1lnscnw,No stress,0.1325164544608412,0.8674835455391587,Calibrated Linear SVM
huggingface_uit-sentiment-dataset-reddit-2000-balanced::1lnt6yj,Stress,0.5967435482333945,0.5967435482333945,Calibrated Linear SVM
huggingface_uit-sentiment-dataset-reddit-2000-balanced::1lo3l7w,No stress,0.12577817955652704,0.874221820443473,Calibrated Linear SVM
huggingface_uit-sentiment-dataset-reddit-2000-balanced::1lp5obe,No stress,0.3903458634053485,0.6096541365946515,Calibrated Linear SVM
huggingface_uit-sentiment-dataset-reddit-2000-balanced::1lq79xx,No stress,0.09154381684750489,0.9084561831524951,Calibrated Linear SVM
huggingface_uit-sentiment-dataset-reddit-2000-balanced::1lqnwih,Stress,0.5343928478614991,0.5343928478614991,Calibrated Linear SVM
huggingface_uit-sentiment-dataset-reddit-2000-balanced::1lqo8q0,Stress,0.5215599442528406,0.5215599442528406,Calibrated Linear SVM
huggingface_uit-sentiment-dataset-reddit-2000-balanced::1lrgw16,Stress,0.9539201253177606,0.9539201253177606,Calibrated Linear SVM
huggingface_uit-sentiment-dataset-reddit-2000-balanced::1lrqj68,No stress,0.3852617537274587,0.6147382462725414,Calibrated Linear SVM
huggingface_uit-sentiment-dataset-reddit-2000-balanced::1lrqtzj,No stress,0.1646480597652453,0.8353519402347548,Calibrated Linear SVM
huggingface_uit-sentiment-dataset-reddit-2000-balanced::1ls4kp1,No stress,0.415942368385322,0.5840576316146779,Calibrated Linear SVM
huggingface_uit-sentiment-dataset-reddit-2000-balanced::1lsdjnb,No stress,0.23751419793286763,0.7624858020671325,Calibrated Linear SVM
huggingface_uit-sentiment-dataset-reddit-2000-balanced::1ltbr1t,No stress,0.08889335436944229,0.9111066456305578,Calibrated Linear SVM
huggingface_uit-sentiment-dataset-reddit-2000-balanced::1ltg9ji,No stress,0.15448977113742204,0.8455102288625779,Calibrated Linear SVM
huggingface_uit-sentiment-dataset-reddit-2000-balanced::1ltm1mp,Stress,0.6958044257396412,0.6958044257396412,Calibrated Linear SVM
huggingface_uit-sentiment-dataset-reddit-2000-balanced::1ltxzad,Stress,0.7008746228798955,0.7008746228798955,Calibrated Linear SVM
huggingface_uit-sentiment-dataset-reddit-2000-balanced::1lu7hd6,Stress,0.7692480302277799,0.7692480302277799,Calibrated Linear SVM
huggingface_uit-sentiment-dataset-reddit-2000-balanced::1lue5xt,Stress,0.6678634290401061,0.6678634290401061,Calibrated Linear SVM
huggingface_uit-sentiment-dataset-reddit-2000-balanced::1luf8d1,Stress,0.6682885381535275,0.6682885381535275,Calibrated Linear SVM
huggingface_uit-sentiment-dataset-reddit-2000-balanced::1lusqmt,No stress,0.4857548916805346,0.5142451083194655,Calibrated Linear SVM
huggingface_uit-sentiment-dataset-reddit-2000-balanced::1lv5je7,No stress,0.18495551078459072,0.8150444892154093,Calibrated Linear SVM
huggingface_uit-sentiment-dataset-reddit-2000-balanced::1lvd7z4,No stress,0.08520028851815108,0.9147997114818489,Calibrated Linear SVM
huggingface_uit-sentiment-dataset-reddit-2000-balanced::1lvkw5q,Stress,0.9931867645859694,0.9931867645859694,Calibrated Linear SVM
huggingface_uit-sentiment-dataset-reddit-2000-balanced::1lvm7vk,No stress,0.23849023809805947,0.7615097619019405,Calibrated Linear SVM
huggingface_uit-sentiment-dataset-reddit-2000-balanced::1lvpp0e,Stress,0.5934135670113584,0.5934135670113584,Calibrated Linear SVM
huggingface_uit-sentiment-dataset-reddit-2000-balanced::1lvun89,No stress,0.18785986254267617,0.8121401374573237,Calibrated Linear SVM
huggingface_uit-sentiment-dataset-reddit-2000-balanced::1lw05ob,No stress,0.2764397077690857,0.7235602922309142,Calibrated Linear SVM
huggingface_uit-sentiment-dataset-reddit-2000-balanced::1lwk84b,Stress,0.7943231065679699,0.7943231065679699,Calibrated Linear SVM
huggingface_uit-sentiment-dataset-reddit-2000-balanced::1lwpi5p,Stress,0.8516709468470834,0.8516709468470834,Calibrated Linear SVM
huggingface_uit-sentiment-dataset-reddit-2000-balanced::1lx4ya7,Stress,0.700608664326027,0.700608664326027,Calibrated Linear SVM
huggingface_uit-sentiment-dataset-reddit-2000-balanced::1lx7kfh,Stress,0.5474925555870952,0.5474925555870952,Calibrated Linear SVM
huggingface_uit-sentiment-dataset-reddit-2000-balanced::1lxhjjn,Stress,0.7161337614930431,0.7161337614930431,Calibrated Linear SVM
huggingface_uit-sentiment-dataset-reddit-2000-balanced::1lxlgjk,No stress,0.21954463454716514,0.780455365452835,Calibrated Linear SVM
huggingface_uit-sentiment-dataset-reddit-2000-balanced::1lxmldq,No stress,0.4966709879709292,0.5033290120290709,Calibrated Linear SVM
huggingface_uit-sentiment-dataset-reddit-2000-balanced::1lysmo9,No stress,0.2698402908481263,0.7301597091518738,Calibrated Linear SVM
huggingface_uit-sentiment-dataset-reddit-2000-balanced::1lzcuom,No stress,0.07672446193604883,0.9232755380639511,Calibrated Linear SVM
huggingface_uit-sentiment-dataset-reddit-2000-balanced::1lzoxbl,No stress,0.39040784545545026,0.6095921545445496,Calibrated Linear SVM
huggingface_uit-sentiment-dataset-reddit-2000-balanced::1lzps3b,Stress,0.5401738580957938,0.5401738580957938,Calibrated Linear SVM
huggingface_uit-sentiment-dataset-reddit-2000-balanced::1m15yss,Stress,0.6522362942659983,0.6522362942659983,Calibrated Linear SVM
huggingface_uit-sentiment-dataset-reddit-2000-balanced::1m18nke,Stress,0.6863955113954171,0.6863955113954171,Calibrated Linear SVM
huggingface_uit-sentiment-dataset-reddit-2000-balanced::1m1as5s,Stress,0.6995405165834191,0.6995405165834191,Calibrated Linear SVM
huggingface_uit-sentiment-dataset-reddit-2000-balanced::1m1g1z2,No stress,0.06261221768641999,0.93738778231358,Calibrated Linear SVM
huggingface_uit-sentiment-dataset-reddit-2000-balanced::1m1h0fy,No stress,0.3161512746749507,0.6838487253250493,Calibrated Linear SVM
huggingface_uit-sentiment-dataset-reddit-2000-balanced::1m1jd2r,No stress,0.41772134596253546,0.5822786540374646,Calibrated Linear SVM
huggingface_uit-sentiment-dataset-reddit-2000-balanced::1m1k0vh,No stress,0.36593573538455226,0.6340642646154477,Calibrated Linear SVM
huggingface_uit-sentiment-dataset-reddit-2000-balanced::1m25d44,Stress,0.6652988110830264,0.6652988110830264,Calibrated Linear SVM
huggingface_uit-sentiment-dataset-reddit-2000-balanced::1m29f3p,No stress,0.067505263935804,0.932494736064196,Calibrated Linear SVM
huggingface_uit-sentiment-dataset-reddit-2000-balanced::1m31z4z,No stress,0.05846285042991867,0.9415371495700814,Calibrated Linear SVM
huggingface_uit-sentiment-dataset-reddit-2000-balanced::1m389gi,Stress,0.6131395458715384,0.6131395458715384,Calibrated Linear SVM
huggingface_uit-sentiment-dataset-reddit-2000-balanced::1m3qg3w,Stress,0.8658923818959546,0.8658923818959546,Calibrated Linear SVM
huggingface_uit-sentiment-dataset-reddit-2000-balanced::1m4ag6u,Stress,0.8445378090573031,0.8445378090573031,Calibrated Linear SVM
huggingface_uit-sentiment-dataset-reddit-2000-balanced::1m4j0sa,Stress,0.6301396015625783,0.6301396015625783,Calibrated Linear SVM
huggingface_uit-sentiment-dataset-reddit-2000-balanced::1m4p75g,No stress,0.05910708803282309,0.9408929119671768,Calibrated Linear SVM
huggingface_uit-sentiment-dataset-reddit-2000-balanced::1m4r7t5,Stress,0.5558692252226901,0.5558692252226901,Calibrated Linear SVM
huggingface_uit-sentiment-dataset-reddit-2000-balanced::1m58695,No stress,0.09836240526017477,0.9016375947398251,Calibrated Linear SVM
huggingface_uit-sentiment-dataset-reddit-2000-balanced::1m5hksu,Stress,0.930844407713761,0.930844407713761,Calibrated Linear SVM
huggingface_uit-sentiment-dataset-reddit-2000-balanced::1m69sb6,No stress,0.11917424702648377,0.8808257529735162,Calibrated Linear SVM
huggingface_uit-sentiment-dataset-reddit-2000-balanced::1m6ahsu,No stress,0.16503665777786944,0.8349633422221304,Calibrated Linear SVM
huggingface_uit-sentiment-dataset-reddit-2000-balanced::1m6dvhi,No stress,0.2451706721120678,0.7548293278879322,Calibrated Linear SVM
huggingface_uit-sentiment-dataset-reddit-2000-balanced::1m6hck1,Stress,0.6023456750059162,0.6023456750059162,Calibrated Linear SVM
huggingface_uit-sentiment-dataset-reddit-2000-balanced::1m6pjpx,Stress,0.5285749628280897,0.5285749628280897,Calibrated Linear SVM
huggingface_uit-sentiment-dataset-reddit-2000-balanced::1m6xrfj,Stress,0.6084987739503379,0.6084987739503379,Calibrated Linear SVM
huggingface_uit-sentiment-dataset-reddit-2000-balanced::1m7pqln,No stress,0.09149825688516838,0.9085017431148317,Calibrated Linear SVM
huggingface_uit-sentiment-dataset-reddit-2000-balanced::1m7ypyb,No stress,0.2881692346842039,0.7118307653157961,Calibrated Linear SVM
huggingface_uit-sentiment-dataset-reddit-2000-balanced::1m820ry,No stress,0.36156957005218887,0.6384304299478111,Calibrated Linear SVM
huggingface_uit-sentiment-dataset-reddit-2000-balanced::1m8h89j,No stress,0.13662399600858208,0.8633760039914179,Calibrated Linear SVM
huggingface_uit-sentiment-dataset-reddit-2000-balanced::1m8i53g,Stress,0.5634119645368687,0.5634119645368687,Calibrated Linear SVM
huggingface_uit-sentiment-dataset-reddit-2000-balanced::1m8n3ry,No stress,0.44590774906896186,0.5540922509310381,Calibrated Linear SVM
huggingface_uit-sentiment-dataset-reddit-2000-balanced::1m91u38,Stress,0.6596396586688934,0.6596396586688934,Calibrated Linear SVM
huggingface_uit-sentiment-dataset-reddit-2000-balanced::1m9itnz,No stress,0.20685681563044755,0.7931431843695526,Calibrated Linear SVM
huggingface_uit-sentiment-dataset-reddit-2000-balanced::1m9ml0y,Stress,0.6614961135808564,0.6614961135808564,Calibrated Linear SVM
huggingface_uit-sentiment-dataset-reddit-2000-balanced::1m9p7bb,No stress,0.38084423782456217,0.6191557621754379,Calibrated Linear SVM
huggingface_uit-sentiment-dataset-reddit-2000-balanced::1ma41wu,No stress,0.1805703916250646,0.8194296083749353,Calibrated Linear SVM
huggingface_uit-sentiment-dataset-reddit-2000-balanced::1ma6igb,No stress,0.0765942098409295,0.9234057901590704,Calibrated Linear SVM
huggingface_uit-sentiment-dataset-reddit-2000-balanced::1mad6sy,No stress,0.44338776231631877,0.5566122376836812,Calibrated Linear SVM
huggingface_uit-sentiment-dataset-reddit-2000-balanced::1majfwi,Stress,0.6001759372768224,0.6001759372768224,Calibrated Linear SVM
huggingface_uit-sentiment-dataset-reddit-2000-balanced::1malsci,Stress,0.5007191234600851,0.5007191234600851,Calibrated Linear SVM
huggingface_uit-sentiment-dataset-reddit-2000-balanced::1maoody,Stress,0.6276856439588229,0.6276856439588229,Calibrated Linear SVM
huggingface_uit-sentiment-dataset-reddit-2000-balanced::1mapvcv,No stress,0.13637610118914137,0.8636238988108587,Calibrated Linear SVM
huggingface_uit-sentiment-dataset-reddit-2000-balanced::1max9qz,No stress,0.1951802819513252,0.8048197180486748,Calibrated Linear SVM
huggingface_uit-sentiment-dataset-reddit-2000-balanced::1mb2dcp,No stress,0.4570711244636653,0.5429288755363346,Calibrated Linear SVM
huggingface_uit-sentiment-dataset-reddit-2000-balanced::1mbei14,No stress,0.0797642253317626,0.9202357746682374,Calibrated Linear SVM
huggingface_uit-sentiment-dataset-reddit-2000-balanced::1mbs4dw,No stress,0.20992872707697194,0.790071272923028,Calibrated Linear SVM
huggingface_uit-sentiment-dataset-reddit-2000-balanced::1mby5ct,Stress,0.7311793908103725,0.7311793908103725,Calibrated Linear SVM
huggingface_uit-sentiment-dataset-reddit-2000-balanced::1mce7wo,Stress,0.6935527173731221,0.6935527173731221,Calibrated Linear SVM
huggingface_uit-sentiment-dataset-reddit-2000-balanced::1mcgpno,No stress,0.18376725441841668,0.8162327455815834,Calibrated Linear SVM
huggingface_uit-sentiment-dataset-reddit-2000-balanced::1mck6o7,No stress,0.15027089615201947,0.8497291038479805,Calibrated Linear SVM
huggingface_uit-sentiment-dataset-reddit-2000-balanced::1mco449,No stress,0.08585253539993869,0.9141474646000614,Calibrated Linear SVM
huggingface_uit-sentiment-dataset-reddit-2000-balanced::1mdaoxi,Stress,0.7835985076553325,0.7835985076553325,Calibrated Linear SVM
huggingface_uit-sentiment-dataset-reddit-2000-balanced::1mdbiei,Stress,0.6394330799390747,0.6394330799390747,Calibrated Linear SVM
huggingface_uit-sentiment-dataset-reddit-2000-balanced::1mdfi5e,Stress,0.519838407019913,0.519838407019913,Calibrated Linear SVM
huggingface_uit-sentiment-dataset-reddit-2000-balanced::1mdflyq,No stress,0.33700691089205065,0.6629930891079493,Calibrated Linear SVM
huggingface_uit-sentiment-dataset-reddit-2000-balanced::1mejkcu,No stress,0.44935502911505765,0.5506449708849424,Calibrated Linear SVM
huggingface_uit-sentiment-dataset-reddit-2000-balanced::1mekuwo,No stress,0.3184522974317788,0.6815477025682212,Calibrated Linear SVM
huggingface_uit-sentiment-dataset-reddit-2000-balanced::1melcsm,Stress,0.531075908203507,0.531075908203507,Calibrated Linear SVM
huggingface_uit-sentiment-dataset-reddit-2000-balanced::1men28l,No stress,0.30284212091799406,0.697157879082006,Calibrated Linear SVM
huggingface_uit-sentiment-dataset-reddit-2000-balanced::1mf0fgj,Stress,0.7617915588412569,0.7617915588412569,Calibrated Linear SVM
huggingface_uit-sentiment-dataset-reddit-2000-balanced::1mf581n,No stress,0.22664840110467996,0.7733515988953199,Calibrated Linear SVM
huggingface_uit-sentiment-dataset-reddit-2000-balanced::1mf6gaa,No stress,0.1040237537333693,0.8959762462666307,Calibrated Linear SVM
huggingface_uit-sentiment-dataset-reddit-2000-balanced::1mf72g8,No stress,0.05622954759250156,0.9437704524074985,Calibrated Linear SVM
huggingface_uit-sentiment-dataset-reddit-2000-balanced::1mfodac,No stress,0.45740541857181904,0.542594581428181,Calibrated Linear SVM
huggingface_uit-sentiment-dataset-reddit-2000-balanced::1mfs9qn,No stress,0.4349037085325546,0.5650962914674453,Calibrated Linear SVM
huggingface_uit-sentiment-dataset-reddit-2000-balanced::1mfxas1,Stress,0.8068146605301129,0.8068146605301129,Calibrated Linear SVM
huggingface_uit-sentiment-dataset-reddit-2000-balanced::1mgbprh,No stress,0.13992204482013806,0.8600779551798619,Calibrated Linear SVM
huggingface_uit-sentiment-dataset-reddit-2000-balanced::1mgfuf3,Stress,0.9489801410940819,0.9489801410940819,Calibrated Linear SVM
huggingface_uit-sentiment-dataset-reddit-2000-balanced::1mgpq7a,Stress,0.7184796227135992,0.7184796227135992,Calibrated Linear SVM
huggingface_uit-sentiment-dataset-reddit-2000-balanced::1mgytca,Stress,0.7489708696390668,0.7489708696390668,Calibrated Linear SVM
huggingface_uit-sentiment-dataset-reddit-2000-balanced::1milm9t,No stress,0.39571017035325334,0.6042898296467466,Calibrated Linear SVM
huggingface_uit-sentiment-dataset-reddit-2000-balanced::1mjnhj2,No stress,0.2397400075500762,0.7602599924499237,Calibrated Linear SVM
huggingface_uit-sentiment-dataset-reddit-2000-balanced::1mke7ef,No stress,0.3278252768279513,0.6721747231720486,Calibrated Linear SVM
huggingface_uit-sentiment-dataset-reddit-2000-balanced::1mlie4i,Stress,0.5535812877560432,0.5535812877560432,Calibrated Linear SVM
huggingface_uit-sentiment-dataset-reddit-2000-balanced::1mlo0xc,No stress,0.3421041490187118,0.6578958509812881,Calibrated Linear SVM
huggingface_uit-sentiment-dataset-reddit-2000-balanced::1mlsurg,Stress,0.909389699817825,0.909389699817825,Calibrated Linear SVM
huggingface_uit-sentiment-dataset-reddit-2000-balanced::1mm0ssv,Stress,0.779187786540534,0.779187786540534,Calibrated Linear SVM
huggingface_uit-sentiment-dataset-reddit-2000-balanced::1mmlht7,No stress,0.4589752591928808,0.5410247408071193,Calibrated Linear SVM
huggingface_uit-sentiment-dataset-reddit-2000-balanced::1mn6kjg,Stress,0.9195479323551948,0.9195479323551948,Calibrated Linear SVM
huggingface_uit-sentiment-dataset-reddit-2000-balanced::1mnevw3,Stress,0.5006310543714122,0.5006310543714122,Calibrated Linear SVM
huggingface_uit-sentiment-dataset-reddit-2000-balanced::1mniqgg,No stress,0.1370649622168395,0.8629350377831605,Calibrated Linear SVM
huggingface_uit-sentiment-dataset-reddit-2000-balanced::1mnl9lh,No stress,0.36380690664989884,0.6361930933501011,Calibrated Linear SVM
huggingface_uit-sentiment-dataset-reddit-2000-balanced::1mo40p5,No stress,0.4601151637032341,0.539884836296766,Calibrated Linear SVM
huggingface_uit-sentiment-dataset-reddit-2000-balanced::1moxk4g,No stress,0.1425167734636999,0.8574832265363002,Calibrated Linear SVM
huggingface_uit-sentiment-dataset-reddit-2000-balanced::1mpa1ew,Stress,0.6389074961897719,0.6389074961897719,Calibrated Linear SVM
huggingface_uit-sentiment-dataset-reddit-2000-balanced::1mpe9p2,Stress,0.5524947603256452,0.5524947603256452,Calibrated Linear SVM
huggingface_uit-sentiment-dataset-reddit-2000-balanced::1mpkuyz,No stress,0.368123267077285,0.6318767329227151,Calibrated Linear SVM
huggingface_uit-sentiment-dataset-reddit-2000-balanced::1mpqtyo,No stress,0.28671114678220383,0.7132888532177962,Calibrated Linear SVM
huggingface_uit-sentiment-dataset-reddit-2000-balanced::1mq2ady,No stress,0.11195129102008892,0.8880487089799111,Calibrated Linear SVM
huggingface_uit-sentiment-dataset-reddit-2000-balanced::1mq2k00,No stress,0.28506579098956647,0.7149342090104335,Calibrated Linear SVM
huggingface_uit-sentiment-dataset-reddit-2000-balanced::1mqakc3,No stress,0.4340695774418279,0.5659304225581722,Calibrated Linear SVM
huggingface_uit-sentiment-dataset-reddit-2000-balanced::1mqbwu6,No stress,0.32685025719617516,0.6731497428038248,Calibrated Linear SVM
huggingface_uit-sentiment-dataset-reddit-2000-balanced::1mqme6y,Stress,0.7709486587187041,0.7709486587187041,Calibrated Linear SVM
huggingface_uit-sentiment-dataset-reddit-2000-balanced::1mquist,No stress,0.06612789576254922,0.9338721042374507,Calibrated Linear SVM
huggingface_uit-sentiment-dataset-reddit-2000-balanced::1mqwt76,Stress,0.6245104665076399,0.6245104665076399,Calibrated Linear SVM
huggingface_uit-sentiment-dataset-reddit-2000-balanced::1mqy0b1,No stress,0.45681617322088064,0.5431838267791194,Calibrated Linear SVM
huggingface_uit-sentiment-dataset-reddit-2000-balanced::1mr41v6,No stress,0.2605889193863394,0.7394110806136606,Calibrated Linear SVM
huggingface_uit-sentiment-dataset-reddit-2000-balanced::1msvidx,Stress,0.7142150370310775,0.7142150370310775,Calibrated Linear SVM
huggingface_uit-sentiment-dataset-reddit-2000-balanced::1msyzh8,No stress,0.38293887057399306,0.6170611294260069,Calibrated Linear SVM
huggingface_uit-sentiment-dataset-reddit-2000-balanced::1mt9htu,No stress,0.34055752775752035,0.6594424722424796,Calibrated Linear SVM
huggingface_uit-sentiment-dataset-reddit-2000-balanced::1mtdh1r,Stress,0.6408850824779425,0.6408850824779425,Calibrated Linear SVM
huggingface_uit-sentiment-dataset-reddit-2000-balanced::1mtrzi0,No stress,0.46175606054240337,0.5382439394575966,Calibrated Linear SVM
huggingface_uit-sentiment-dataset-reddit-2000-balanced::1mtv1rr,Stress,0.5085803899656703,0.5085803899656703,Calibrated Linear SVM
huggingface_uit-sentiment-dataset-reddit-2000-balanced::1mtzm47,No stress,0.2764802432601629,0.7235197567398371,Calibrated Linear SVM
huggingface_uit-sentiment-dataset-reddit-2000-balanced::1mu4wvl,No stress,0.04951624303890281,0.9504837569610972,Calibrated Linear SVM
huggingface_uit-sentiment-dataset-reddit-2000-balanced::1mu5ytz,No stress,0.4161211712946642,0.5838788287053358,Calibrated Linear SVM
huggingface_uit-sentiment-dataset-reddit-2000-balanced::1mu9s9c,No stress,0.03356145151079112,0.9664385484892088,Calibrated Linear SVM
huggingface_uit-sentiment-dataset-reddit-2000-balanced::1mucrov,Stress,0.5695661820896265,0.5695661820896265,Calibrated Linear SVM
huggingface_uit-sentiment-dataset-reddit-2000-balanced::1mucw6t,No stress,0.2966689311622895,0.7033310688377105,Calibrated Linear SVM
huggingface_uit-sentiment-dataset-reddit-2000-balanced::1munu35,Stress,0.9340186630514798,0.9340186630514798,Calibrated Linear SVM
huggingface_uit-sentiment-dataset-reddit-2000-balanced::1mupotq,Stress,0.8884063458930102,0.8884063458930102,Calibrated Linear SVM
huggingface_uit-sentiment-dataset-reddit-2000-balanced::1mus03v,Stress,0.7204934532700742,0.7204934532700742,Calibrated Linear SVM
huggingface_uit-sentiment-dataset-reddit-2000-balanced::1muwsj6,No stress,0.4171775976322117,0.5828224023677883,Calibrated Linear SVM
huggingface_uit-sentiment-dataset-reddit-2000-balanced::1mv5a3o,Stress,0.9412444492939994,0.9412444492939994,Calibrated Linear SVM
huggingface_uit-sentiment-dataset-reddit-2000-balanced::1mvlskw,No stress,0.08165190666962067,0.9183480933303793,Calibrated Linear SVM
huggingface_uit-sentiment-dataset-reddit-2000-balanced::1mvo9ko,No stress,0.43464438234354524,0.5653556176564547,Calibrated Linear SVM
huggingface_uit-sentiment-dataset-reddit-2000-balanced::1mwo7da,Stress,0.7377585063755451,0.7377585063755451,Calibrated Linear SVM
huggingface_uit-sentiment-dataset-reddit-2000-balanced::1mx2zk1,Stress,0.5369396595674393,0.5369396595674393,Calibrated Linear SVM
huggingface_uit-sentiment-dataset-reddit-2000-balanced::1mx6lms,No stress,0.44016960077504286,0.5598303992249571,Calibrated Linear SVM
huggingface_uit-sentiment-dataset-reddit-2000-balanced::1mxm93t,No stress,0.36490411205275414,0.6350958879472458,Calibrated Linear SVM
huggingface_uit-sentiment-dataset-reddit-2000-balanced::1mxykmq,No stress,0.09306574793502707,0.9069342520649729,Calibrated Linear SVM
huggingface_uit-sentiment-dataset-reddit-2000-balanced::1my70pv,No stress,0.20528773915114673,0.7947122608488533,Calibrated Linear SVM
huggingface_uit-sentiment-dataset-reddit-2000-balanced::1myxhda,Stress,0.8153274801753572,0.8153274801753572,Calibrated Linear SVM
huggingface_uit-sentiment-dataset-reddit-2000-balanced::1mz6som,No stress,0.197289785109197,0.8027102148908031,Calibrated Linear SVM
huggingface_uit-sentiment-dataset-reddit-2000-balanced::1mzbj6q,No stress,0.34671703002323584,0.6532829699767643,Calibrated Linear SVM
huggingface_uit-sentiment-dataset-reddit-2000-balanced::1mziy6p,Stress,0.5981692252034629,0.5981692252034629,Calibrated Linear SVM
huggingface_uit-sentiment-dataset-reddit-2000-balanced::1mznzt6,No stress,0.2519462934225659,0.7480537065774341,Calibrated Linear SVM
huggingface_uit-sentiment-dataset-reddit-2000-balanced::1mzquqi,Stress,0.5035975434362499,0.5035975434362499,Calibrated Linear SVM
huggingface_uit-sentiment-dataset-reddit-2000-balanced::1mzrb4l,No stress,0.14424642125164264,0.8557535787483573,Calibrated Linear SVM
huggingface_uit-sentiment-dataset-reddit-2000-balanced::1mzx81t,No stress,0.3907164133256271,0.6092835866743729,Calibrated Linear SVM
huggingface_uit-sentiment-dataset-reddit-2000-balanced::1n0c2pv,No stress,0.18384877253555496,0.816151227464445,Calibrated Linear SVM
huggingface_uit-sentiment-dataset-reddit-2000-balanced::1n14i2f,Stress,0.5005391901961702,0.5005391901961702,Calibrated Linear SVM
huggingface_uit-sentiment-dataset-reddit-2000-balanced::1n1ibql,No stress,0.2327100060414118,0.7672899939585882,Calibrated Linear SVM
huggingface_uit-sentiment-dataset-reddit-2000-balanced::1n1kunk,No stress,0.0693163663671877,0.9306836336328123,Calibrated Linear SVM
huggingface_uit-sentiment-dataset-reddit-2000-balanced::1n1potw,No stress,0.4004710678897833,0.5995289321102167,Calibrated Linear SVM
huggingface_uit-sentiment-dataset-reddit-2000-balanced::1n2amal,No stress,0.37508596018066,0.6249140398193401,Calibrated Linear SVM
huggingface_uit-sentiment-dataset-reddit-2000-balanced::1n2bdal,Stress,0.8778718891133396,0.8778718891133396,Calibrated Linear SVM
huggingface_uit-sentiment-dataset-reddit-2000-balanced::1n2ghx4,No stress,0.3094242322631456,0.6905757677368545,Calibrated Linear SVM
huggingface_uit-sentiment-dataset-reddit-2000-balanced::1n2xc58,No stress,0.19721184812611123,0.8027881518738887,Calibrated Linear SVM
huggingface_uit-sentiment-dataset-reddit-2000-balanced::1n2y1fk,No stress,0.19799313256928797,0.802006867430712,Calibrated Linear SVM
huggingface_uit-sentiment-dataset-reddit-2000-balanced::1n312bi,No stress,0.15118443946209223,0.8488155605379077,Calibrated Linear SVM
huggingface_uit-sentiment-dataset-reddit-2000-balanced::1n3kjtg,Stress,0.7485242705096562,0.7485242705096562,Calibrated Linear SVM
huggingface_uit-sentiment-dataset-reddit-2000-balanced::1n3mvzm,No stress,0.1144041865329048,0.8855958134670953,Calibrated Linear SVM
huggingface_uit-sentiment-dataset-reddit-2000-balanced::1n41pon,No stress,0.1756205837112145,0.8243794162887855,Calibrated Linear SVM
huggingface_uit-sentiment-dataset-reddit-2000-balanced::1n4358t,Stress,0.5695228932651233,0.5695228932651233,Calibrated Linear SVM
huggingface_uit-sentiment-dataset-reddit-2000-balanced::1n473r0,No stress,0.1378780565410518,0.8621219434589481,Calibrated Linear SVM
huggingface_uit-sentiment-dataset-reddit-2000-balanced::1n4go5n,No stress,0.31539914568817823,0.6846008543118218,Calibrated Linear SVM
huggingface_uit-sentiment-dataset-reddit-2000-balanced::1n4wrbh,No stress,0.11877498948668168,0.8812250105133184,Calibrated Linear SVM
huggingface_uit-sentiment-dataset-reddit-2000-balanced::1n4z23q,Stress,0.6691224034656048,0.6691224034656048,Calibrated Linear SVM
huggingface_uit-sentiment-dataset-reddit-2000-balanced::1n587pp,Stress,0.7194099091527851,0.7194099091527851,Calibrated Linear SVM
huggingface_uit-sentiment-dataset-reddit-2000-balanced::1n5oqti,No stress,0.3269265537138932,0.6730734462861068,Calibrated Linear SVM
huggingface_uit-sentiment-dataset-reddit-2000-balanced::1n5ow0z,Stress,0.8072887315013215,0.8072887315013215,Calibrated Linear SVM
huggingface_uit-sentiment-dataset-reddit-2000-balanced::1n5uh44,No stress,0.4648808119451033,0.5351191880548968,Calibrated Linear SVM
huggingface_uit-sentiment-dataset-reddit-2000-balanced::1n5w9yy,No stress,0.2483050765752426,0.7516949234247575,Calibrated Linear SVM
huggingface_uit-sentiment-dataset-reddit-2000-balanced::1n5zed0,No stress,0.21130971070907525,0.7886902892909248,Calibrated Linear SVM
huggingface_uit-sentiment-dataset-reddit-2000-balanced::1n62tcc,No stress,0.2589497065375896,0.7410502934624104,Calibrated Linear SVM
huggingface_uit-sentiment-dataset-reddit-2000-balanced::1n6esim,No stress,0.19791945107767991,0.8020805489223201,Calibrated Linear SVM
huggingface_uit-sentiment-dataset-reddit-2000-balanced::1n764be,No stress,0.2500396749541735,0.7499603250458264,Calibrated Linear SVM
huggingface_uit-sentiment-dataset-reddit-2000-balanced::1n7oamj,Stress,0.6374188429739226,0.6374188429739226,Calibrated Linear SVM
huggingface_uit-sentiment-dataset-reddit-2000-balanced::1na32ws,No stress,0.45266957857128487,0.5473304214287151,Calibrated Linear SVM
huggingface_uit-sentiment-dataset-reddit-2000-balanced::1nad1on,No stress,0.038164265145705464,0.9618357348542945,Calibrated Linear SVM
huggingface_uit-sentiment-dataset-reddit-2000-balanced::1nan5az,No stress,0.44435291554275924,0.5556470844572406,Calibrated Linear SVM
huggingface_uit-sentiment-dataset-reddit-2000-balanced::1nau0qe,No stress,0.18042515127216907,0.8195748487278309,Calibrated Linear SVM
huggingface_uit-sentiment-dataset-reddit-2000-balanced::1nbf3tq,No stress,0.0548636078035393,0.9451363921964607,Calibrated Linear SVM
huggingface_uit-sentiment-dataset-reddit-2000-balanced::1nbijao,Stress,0.7452060318153023,0.7452060318153023,Calibrated Linear SVM
huggingface_uit-sentiment-dataset-reddit-2000-balanced::1nbqa34,Stress,0.8237941762643967,0.8237941762643967,Calibrated Linear SVM
huggingface_uit-sentiment-dataset-reddit-2000-balanced::1nceqny,No stress,0.06422597720332753,0.9357740227966724,Calibrated Linear SVM
huggingface_uit-sentiment-dataset-reddit-2000-balanced::1ncq1zb,Stress,0.6741171831963392,0.6741171831963392,Calibrated Linear SVM
huggingface_uit-sentiment-dataset-reddit-2000-balanced::1nctpo0,Stress,0.6211594639684822,0.6211594639684822,Calibrated Linear SVM
huggingface_uit-sentiment-dataset-reddit-2000-balanced::1ncy4nz,No stress,0.42729307622098833,0.5727069237790117,Calibrated Linear SVM
huggingface_uit-sentiment-dataset-reddit-2000-balanced::1nczatl,No stress,0.3776768062374276,0.6223231937625724,Calibrated Linear SVM
huggingface_uit-sentiment-dataset-reddit-2000-balanced::1ndacaw,No stress,0.09755799490275857,0.9024420050972414,Calibrated Linear SVM
huggingface_uit-sentiment-dataset-reddit-2000-balanced::1ndjxdt,No stress,0.23435840836832825,0.7656415916316718,Calibrated Linear SVM
huggingface_uit-sentiment-dataset-reddit-2000-balanced::1ndo6op,No stress,0.4148341440103945,0.5851658559896055,Calibrated Linear SVM
huggingface_uit-sentiment-dataset-reddit-2000-balanced::1ndqa6d,Stress,0.632337723006887,0.632337723006887,Calibrated Linear SVM
huggingface_uit-sentiment-dataset-reddit-2000-balanced::1ndwos5,Stress,0.8366058528397501,0.8366058528397501,Calibrated Linear SVM
huggingface_uit-sentiment-dataset-reddit-2000-balanced::1ndxjsu,Stress,0.9191149563550015,0.9191149563550015,Calibrated Linear SVM
huggingface_uit-sentiment-dataset-reddit-2000-balanced::1ne3o0v,No stress,0.22698545016114233,0.7730145498388575,Calibrated Linear SVM
huggingface_uit-sentiment-dataset-reddit-2000-balanced::1ne3t4b,Stress,0.8258638794829055,0.8258638794829055,Calibrated Linear SVM
huggingface_uit-sentiment-dataset-reddit-2000-balanced::1neelit,No stress,0.4412518775598709,0.5587481224401291,Calibrated Linear SVM
huggingface_uit-sentiment-dataset-reddit-2000-balanced::1nezru6,Stress,0.5961507250827931,0.5961507250827931,Calibrated Linear SVM
huggingface_uit-sentiment-dataset-reddit-2000-balanced::1nf9k71,No stress,0.3520660741785942,0.6479339258214059,Calibrated Linear SVM
huggingface_uit-sentiment-dataset-reddit-2000-balanced::1nfin72,No stress,0.2731629632268958,0.7268370367731042,Calibrated Linear SVM
huggingface_uit-sentiment-dataset-reddit-2000-balanced::1nfnvrk,No stress,0.09057849833456162,0.9094215016654384,Calibrated Linear SVM
huggingface_uit-sentiment-dataset-reddit-2000-balanced::1nfrvja,Stress,0.7003217588505235,0.7003217588505235,Calibrated Linear SVM
huggingface_uit-sentiment-dataset-reddit-2000-balanced::1nfyjv5,No stress,0.3328005577340745,0.6671994422659254,Calibrated Linear SVM
huggingface_uit-sentiment-dataset-reddit-2000-balanced::1ngdriz,No stress,0.4432158926221839,0.556784107377816,Calibrated Linear SVM
huggingface_uit-sentiment-dataset-reddit-2000-balanced::1ngfp45,No stress,0.42883680894726145,0.5711631910527385,Calibrated Linear SVM
huggingface_uit-sentiment-dataset-reddit-2000-balanced::1ngrkpb,Stress,0.9238495112635183,0.9238495112635183,Calibrated Linear SVM
huggingface_uit-sentiment-dataset-reddit-2000-balanced::1ngvy9i,No stress,0.30648538921199875,0.6935146107880014,Calibrated Linear SVM
huggingface_uit-sentiment-dataset-reddit-2000-balanced::1nh5fn0,Stress,0.5992377273199422,0.5992377273199422,Calibrated Linear SVM
huggingface_uit-sentiment-dataset-reddit-2000-balanced::1nhn5sy,Stress,0.5579678519641743,0.5579678519641743,Calibrated Linear SVM
huggingface_uit-sentiment-dataset-reddit-2000-balanced::1nhpy35,Stress,0.664336744683002,0.664336744683002,Calibrated Linear SVM
huggingface_uit-sentiment-dataset-reddit-2000-balanced::1nhu7cw,Stress,0.5339876098357638,0.5339876098357638,Calibrated Linear SVM
huggingface_uit-sentiment-dataset-reddit-2000-balanced::1nhz4dn,Stress,0.7021686870585859,0.7021686870585859,Calibrated Linear SVM
huggingface_uit-sentiment-dataset-reddit-2000-balanced::1nilmr7,Stress,0.6683014949704537,0.6683014949704537,Calibrated Linear SVM
huggingface_uit-sentiment-dataset-reddit-2000-balanced::1ninoo3,No stress,0.07963899879090132,0.9203610012090987,Calibrated Linear SVM
huggingface_uit-sentiment-dataset-reddit-2000-balanced::1njrbbx,Stress,0.6711725820677353,0.6711725820677353,Calibrated Linear SVM
huggingface_uit-sentiment-dataset-reddit-2000-balanced::1njwmtl,Stress,0.5032201522458365,0.5032201522458365,Calibrated Linear SVM
huggingface_uit-sentiment-dataset-reddit-2000-balanced::1nk5wtq,No stress,0.10045548480475387,0.8995445151952461,Calibrated Linear SVM
huggingface_uit-sentiment-dataset-reddit-2000-balanced::1nka2cl,Stress,0.7692014137028091,0.7692014137028091,Calibrated Linear SVM
huggingface_uit-sentiment-dataset-reddit-2000-balanced::1nkax9u,No stress,0.3833806818970626,0.6166193181029375,Calibrated Linear SVM
huggingface_uit-sentiment-dataset-reddit-2000-balanced::1nkjpu3,No stress,0.10223624236496215,0.8977637576350378,Calibrated Linear SVM
huggingface_uit-sentiment-dataset-reddit-2000-balanced::1nkuj6z,Stress,0.8609437965163108,0.8609437965163108,Calibrated Linear SVM
huggingface_uit-sentiment-dataset-reddit-2000-balanced::1nkvkle,Stress,0.7842970878628764,0.7842970878628764,Calibrated Linear SVM
huggingface_uit-sentiment-dataset-reddit-2000-balanced::1nl0lqk,No stress,0.32680034851758305,0.6731996514824169,Calibrated Linear SVM
huggingface_uit-sentiment-dataset-reddit-2000-balanced::1nl5etj,Stress,0.7268323776361708,0.7268323776361708,Calibrated Linear SVM
huggingface_uit-sentiment-dataset-reddit-2000-balanced::1nl8jl2,Stress,0.6024910765096516,0.6024910765096516,Calibrated Linear SVM
huggingface_uit-sentiment-dataset-reddit-2000-balanced::1nlguk9,No stress,0.37231690667362133,0.6276830933263787,Calibrated Linear SVM
huggingface_uit-sentiment-dataset-reddit-2000-balanced::1nlufzx,No stress,0.3628131729066224,0.6371868270933775,Calibrated Linear SVM
huggingface_uit-sentiment-dataset-reddit-2000-balanced::1nme2qf,No stress,0.4283159709000637,0.5716840290999364,Calibrated Linear SVM
huggingface_uit-sentiment-dataset-reddit-2000-balanced::1nmjkd8,No stress,0.42898055030794263,0.5710194496920573,Calibrated Linear SVM
huggingface_uit-sentiment-dataset-reddit-2000-balanced::1nn2nqz,No stress,0.3075019740747988,0.6924980259252012,Calibrated Linear SVM
huggingface_uit-sentiment-dataset-reddit-2000-balanced::1nndqcb,No stress,0.3804217495396444,0.6195782504603556,Calibrated Linear SVM
huggingface_uit-sentiment-dataset-reddit-2000-balanced::1nnfwmo,No stress,0.18817373285509262,0.8118262671449074,Calibrated Linear SVM
huggingface_uit-sentiment-dataset-reddit-2000-balanced::1nobcui,Stress,0.7671571489804586,0.7671571489804586,Calibrated Linear SVM
huggingface_uit-sentiment-dataset-reddit-2000-balanced::1nou6rv,Stress,0.6439552076452312,0.6439552076452312,Calibrated Linear SVM
huggingface_uit-sentiment-dataset-reddit-2000-balanced::1nozqw1,No stress,0.10687410744489395,0.8931258925551061,Calibrated Linear SVM
huggingface_uit-sentiment-dataset-reddit-2000-balanced::1nozt72,Stress,0.8444888588795982,0.8444888588795982,Calibrated Linear SVM
huggingface_uit-sentiment-dataset-reddit-2000-balanced::1npatw9,Stress,0.8798946642546293,0.8798946642546293,Calibrated Linear SVM
huggingface_uit-sentiment-dataset-reddit-2000-balanced::1nq1rry,No stress,0.3265627963522712,0.6734372036477287,Calibrated Linear SVM
huggingface_uit-sentiment-dataset-reddit-2000-balanced::1nqif5c,No stress,0.2932589540197571,0.7067410459802428,Calibrated Linear SVM
huggingface_uit-sentiment-dataset-reddit-2000-balanced::1nr99vl,Stress,0.6899829168854898,0.6899829168854898,Calibrated Linear SVM
huggingface_uit-sentiment-dataset-reddit-2000-balanced::1ns668t,No stress,0.37077267157976523,0.6292273284202348,Calibrated Linear SVM
huggingface_uit-sentiment-dataset-reddit-2000-balanced::1nteiji,No stress,0.45631987300763033,0.5436801269923697,Calibrated Linear SVM
huggingface_uit-sentiment-dataset-reddit-2000-balanced::1ntos6t,No stress,0.3015951142657202,0.6984048857342797,Calibrated Linear SVM
huggingface_uit-sentiment-dataset-reddit-2000-balanced::1nuc03x,No stress,0.25924987987797415,0.7407501201220258,Calibrated Linear SVM
huggingface_uit-sentiment-dataset-reddit-2000-balanced::1nul4ti,No stress,0.07949432928334248,0.9205056707166576,Calibrated Linear SVM
huggingface_uit-sentiment-dataset-reddit-2000-balanced::1nutjlm,No stress,0.13933403866387833,0.8606659613361217,Calibrated Linear SVM
huggingface_uit-sentiment-dataset-reddit-2000-balanced::1nv77uv,No stress,0.43536824135069424,0.5646317586493058,Calibrated Linear SVM
huggingface_uit-sentiment-dataset-reddit-2000-balanced::1nvjtn6,No stress,0.3245097053297921,0.6754902946702078,Calibrated Linear SVM
huggingface_uit-sentiment-dataset-reddit-2000-balanced::1nw4i4f,No stress,0.22920177800188304,0.770798221998117,Calibrated Linear SVM
huggingface_uit-sentiment-dataset-reddit-2000-balanced::1nw4sv6,No stress,0.2580972277286036,0.7419027722713963,Calibrated Linear SVM
huggingface_uit-sentiment-dataset-reddit-2000-balanced::1nw71uz,No stress,0.2689727706082312,0.7310272293917688,Calibrated Linear SVM
huggingface_uit-sentiment-dataset-reddit-2000-balanced::1nwgfc4,No stress,0.2789251494576592,0.7210748505423408,Calibrated Linear SVM
huggingface_uit-sentiment-dataset-reddit-2000-balanced::1nya0kf,Stress,0.8697907051864275,0.8697907051864275,Calibrated Linear SVM
huggingface_uit-sentiment-dataset-reddit-2000-balanced::1nycrd9,Stress,0.6206366769920056,0.6206366769920056,Calibrated Linear SVM
huggingface_uit-sentiment-dataset-reddit-2000-balanced::1nyhjbc,No stress,0.13967476187460762,0.8603252381253923,Calibrated Linear SVM
huggingface_uit-sentiment-dataset-reddit-2000-balanced::1nyndnp,No stress,0.2872254056325059,0.712774594367494,Calibrated Linear SVM
huggingface_uit-sentiment-dataset-reddit-2000-balanced::1nyqrjd,Stress,0.6440075668476227,0.6440075668476227,Calibrated Linear SVM
huggingface_uit-sentiment-dataset-reddit-2000-balanced::1nyybu7,No stress,0.07726427419435236,0.9227357258056476,Calibrated Linear SVM
huggingface_uit-sentiment-dataset-reddit-2000-balanced::1nzskwx,Stress,0.755173291461357,0.755173291461357,Calibrated Linear SVM
huggingface_uit-sentiment-dataset-reddit-2000-balanced::1o03s6a,No stress,0.24175206131499985,0.7582479386850002,Calibrated Linear SVM
huggingface_uit-sentiment-dataset-reddit-2000-balanced::1o19z9u,No stress,0.1523346866982553,0.8476653133017447,Calibrated Linear SVM
huggingface_uit-sentiment-dataset-reddit-2000-balanced::1o1e0hq,No stress,0.23452493766341057,0.7654750623365892,Calibrated Linear SVM
huggingface_uit-sentiment-dataset-reddit-2000-balanced::1o1wb1p,No stress,0.44287502163167064,0.5571249783683293,Calibrated Linear SVM
huggingface_uit-sentiment-dataset-reddit-2000-balanced::1o2x0bv,Stress,0.7813565621501892,0.7813565621501892,Calibrated Linear SVM
huggingface_uit-sentiment-dataset-reddit-2000-balanced::1o2zs6f,Stress,0.5534195593621732,0.5534195593621732,Calibrated Linear SVM
huggingface_uit-sentiment-dataset-reddit-2000-balanced::1o4ez13,Stress,0.5244379896218897,0.5244379896218897,Calibrated Linear SVM
huggingface_uit-sentiment-dataset-reddit-2000-balanced::1o562l3,No stress,0.2950660563318068,0.7049339436681931,Calibrated Linear SVM
huggingface_uit-sentiment-dataset-reddit-2000-balanced::1o570cf,Stress,0.5031495979221564,0.5031495979221564,Calibrated Linear SVM
huggingface_uit-sentiment-dataset-reddit-2000-balanced::1o5pvb7,No stress,0.18952079866587956,0.8104792013341203,Calibrated Linear SVM
huggingface_uit-sentiment-dataset-reddit-2000-balanced::1o5w7lw,Stress,0.5425942440237824,0.5425942440237824,Calibrated Linear SVM
huggingface_uit-sentiment-dataset-reddit-2000-balanced::1o677iz,Stress,0.7236403053690404,0.7236403053690404,Calibrated Linear SVM
huggingface_uit-sentiment-dataset-reddit-2000-balanced::1o6dfv8,Stress,0.6982904833101581,0.6982904833101581,Calibrated Linear SVM
huggingface_uit-sentiment-dataset-reddit-2000-balanced::1o6gi01,No stress,0.23755508198451716,0.762444918015483,Calibrated Linear SVM
huggingface_uit-sentiment-dataset-reddit-2000-balanced::1o6m08t,No stress,0.06478034524890756,0.9352196547510925,Calibrated Linear SVM
huggingface_uit-sentiment-dataset-reddit-2000-balanced::1o6yia5,No stress,0.3610117830395472,0.6389882169604528,Calibrated Linear SVM
huggingface_uit-sentiment-dataset-reddit-2000-balanced::1o78vh7,Stress,0.5585631924018876,0.5585631924018876,Calibrated Linear SVM
huggingface_uit-sentiment-dataset-reddit-2000-balanced::1o7yte3,No stress,0.08910187680066496,0.910898123199335,Calibrated Linear SVM
huggingface_uit-sentiment-dataset-reddit-2000-balanced::1o8clx0,No stress,0.13261335589482492,0.8673866441051752,Calibrated Linear SVM
huggingface_uit-sentiment-dataset-reddit-2000-balanced::1o8d3gt,No stress,0.4392409687283159,0.560759031271684,Calibrated Linear SVM
huggingface_uit-sentiment-dataset-reddit-2000-balanced::1o8m5ua,No stress,0.21504549726026137,0.7849545027397387,Calibrated Linear SVM
huggingface_uit-sentiment-dataset-reddit-2000-balanced::1o8n0kd,Stress,0.5697166745600709,0.5697166745600709,Calibrated Linear SVM
huggingface_uit-sentiment-dataset-reddit-2000-balanced::1o8qcn7,No stress,0.11152438537030675,0.8884756146296932,Calibrated Linear SVM
huggingface_uit-sentiment-dataset-reddit-2000-balanced::1o8r62a,Stress,0.762861916365551,0.762861916365551,Calibrated Linear SVM
huggingface_uit-sentiment-dataset-reddit-2000-balanced::1o90ixr,No stress,0.2047972600096799,0.79520273999032,Calibrated Linear SVM
huggingface_uit-sentiment-dataset-reddit-2000-balanced::1o93ad1,No stress,0.18595224251391396,0.8140477574860862,Calibrated Linear SVM
huggingface_uit-sentiment-dataset-reddit-2000-balanced::1o9hvow,No stress,0.3248789404973359,0.6751210595026641,Calibrated Linear SVM
huggingface_uit-sentiment-dataset-reddit-2000-balanced::1oa3gh0,Stress,0.7544516027921732,0.7544516027921732,Calibrated Linear SVM
huggingface_uit-sentiment-dataset-reddit-2000-balanced::1oa47s0,Stress,0.7558476440078609,0.7558476440078609,Calibrated Linear SVM
huggingface_uit-sentiment-dataset-reddit-2000-balanced::1ob7mcy,No stress,0.18575141262633701,0.814248587373663,Calibrated Linear SVM
huggingface_uit-sentiment-dataset-reddit-2000-balanced::1obg11j,No stress,0.43680926847264595,0.563190731527354,Calibrated Linear SVM
huggingface_uit-sentiment-dataset-reddit-2000-balanced::1obgci1,No stress,0.22645761027748168,0.7735423897225182,Calibrated Linear SVM
huggingface_uit-sentiment-dataset-reddit-2000-balanced::1ocj4w8,No stress,0.2494824604823701,0.7505175395176299,Calibrated Linear SVM
huggingface_uit-sentiment-dataset-reddit-2000-balanced::1od8fz0,No stress,0.2874343057232703,0.7125656942767299,Calibrated Linear SVM
huggingface_uit-sentiment-dataset-reddit-2000-balanced::1oda8mk,No stress,0.2299289628761926,0.7700710371238074,Calibrated Linear SVM
huggingface_uit-sentiment-dataset-reddit-2000-balanced::1oddw6j,Stress,0.6483715021463695,0.6483715021463695,Calibrated Linear SVM
huggingface_uit-sentiment-dataset-reddit-2000-balanced::1odiai7,Stress,0.7813007129602548,0.7813007129602548,Calibrated Linear SVM
huggingface_uit-sentiment-dataset-reddit-2000-balanced::1odilom,No stress,0.24098700845170576,0.7590129915482943,Calibrated Linear SVM
huggingface_uit-sentiment-dataset-reddit-2000-balanced::1oe1eba,No stress,0.18330168050846504,0.816698319491535,Calibrated Linear SVM
huggingface_uit-sentiment-dataset-reddit-2000-balanced::1oe8rtd,No stress,0.26640064892003007,0.73359935107997,Calibrated Linear SVM
huggingface_uit-sentiment-dataset-reddit-2000-balanced::1oeot9c,No stress,0.2530164518964774,0.7469835481035226,Calibrated Linear SVM
huggingface_uit-sentiment-dataset-reddit-2000-balanced::1oes4ez,No stress,0.4965342949617996,0.5034657050382004,Calibrated Linear SVM
huggingface_uit-sentiment-dataset-reddit-2000-balanced::1ogg6sz,Stress,0.8932141943755932,0.8932141943755932,Calibrated Linear SVM
huggingface_uit-sentiment-dataset-reddit-2000-balanced::1ogrjo2,No stress,0.35180360123240634,0.6481963987675937,Calibrated Linear SVM
arctic_shift::1v0uq09,No stress,0.33359262621322733,0.6664073737867726,Calibrated Linear SVM
arctic_shift::1v0t17b,Stress,0.8354123716009605,0.8354123716009605,Calibrated Linear SVM
arctic_shift::1v0srnm,Stress,0.8404292199484361,0.8404292199484361,Calibrated Linear SVM
arctic_shift::1v0skpz,No stress,0.23190848533032082,0.7680915146696793,Calibrated Linear SVM
arctic_shift::1v0r28u,Stress,0.8493574019506024,0.8493574019506024,Calibrated Linear SVM
arctic_shift::1v0pel1,No stress,0.13290842801797192,0.8670915719820279,Calibrated Linear SVM
arctic_shift::1v0p8rc,No stress,0.4289719906126303,0.5710280093873696,Calibrated Linear SVM
arctic_shift::1v0kfuh,Stress,0.8804400082289782,0.8804400082289782,Calibrated Linear SVM
arctic_shift::1v0kdu6,No stress,0.17455441626572613,0.8254455837342739,Calibrated Linear SVM
arctic_shift::1v0jbmr,No stress,0.2004364167675794,0.7995635832324206,Calibrated Linear SVM
arctic_shift::1v0hzyx,No stress,0.3944081830905368,0.6055918169094632,Calibrated Linear SVM
arctic_shift::1v0g1v2,No stress,0.42861019138257417,0.5713898086174258,Calibrated Linear SVM
arctic_shift::1v0dt1w,Stress,0.9283074839433887,0.9283074839433887,Calibrated Linear SVM
arctic_shift::1v0cq49,No stress,0.46065989412959807,0.5393401058704019,Calibrated Linear SVM
arctic_shift::1v08fbp,Stress,0.9540264200422491,0.9540264200422491,Calibrated Linear SVM
arctic_shift::1v07so1,No stress,0.29879299158109185,0.701207008418908,Calibrated Linear SVM
arctic_shift::1v06c3a,No stress,0.34351498081114556,0.6564850191888544,Calibrated Linear SVM
arctic_shift::1v031jq,Stress,0.6300486329420472,0.6300486329420472,Calibrated Linear SVM
arctic_shift::1v02yg7,Stress,0.5872812235717902,0.5872812235717902,Calibrated Linear SVM
arctic_shift::1v027je,Stress,0.8505451201530893,0.8505451201530893,Calibrated Linear SVM
arctic_shift::1uzzwul,Stress,0.9005807547043299,0.9005807547043299,Calibrated Linear SVM
arctic_shift::1uzz9dl,Stress,0.9625139861930253,0.9625139861930253,Calibrated Linear SVM
arctic_shift::1v0ixao,No stress,0.45438520264612636,0.5456147973538736,Calibrated Linear SVM
arctic_shift::1uzz81m,No stress,0.09994947153585676,0.9000505284641432,Calibrated Linear SVM
arctic_shift::1uzs32h,No stress,0.10627716975741201,0.8937228302425879,Calibrated Linear SVM
arctic_shift::1uzmzfh,No stress,0.24855186848887922,0.7514481315111207,Calibrated Linear SVM
arctic_shift::1uzju2a,Stress,0.7948657660086953,0.7948657660086953,Calibrated Linear SVM
arctic_shift::1uzerp7,Stress,0.9116049149978701,0.9116049149978701,Calibrated Linear SVM
arctic_shift::1uzbuor,No stress,0.43726294844385527,0.5627370515561446,Calibrated Linear SVM
arctic_shift::1uzadz5,Stress,0.8884852425003977,0.8884852425003977,Calibrated Linear SVM
arctic_shift::1uyzfr8,No stress,0.08666781047455702,0.9133321895254429,Calibrated Linear SVM
arctic_shift::1uyxjmm,No stress,0.09678080498685264,0.9032191950131474,Calibrated Linear SVM
arctic_shift::1uyx0cd,No stress,0.06501414735156465,0.9349858526484353,Calibrated Linear SVM
arctic_shift::1uyqpiy,No stress,0.49147777387240704,0.5085222261275929,Calibrated Linear SVM
arctic_shift::1uypmvd,No stress,0.3486927986506745,0.6513072013493254,Calibrated Linear SVM
arctic_shift::1uymyod,Stress,0.7401943312341773,0.7401943312341773,Calibrated Linear SVM
arctic_shift::1uymxyq,Stress,0.5064056806427496,0.5064056806427496,Calibrated Linear SVM
arctic_shift::1uyfvav,No stress,0.283013824870461,0.7169861751295389,Calibrated Linear SVM
arctic_shift::1v0wln3,Stress,0.7671458355370078,0.7671458355370078,Calibrated Linear SVM
arctic_shift::1v0swd0,Stress,0.7166630446961163,0.7166630446961163,Calibrated Linear SVM
arctic_shift::1v0pv45,Stress,0.6776369953446769,0.6776369953446769,Calibrated Linear SVM
arctic_shift::1v0pnoq,No stress,0.13155047902869874,0.8684495209713012,Calibrated Linear SVM
arctic_shift::1v0pc9u,Stress,0.9839250293789883,0.9839250293789883,Calibrated Linear SVM
arctic_shift::1v0lqfh,No stress,0.1604427126522138,0.8395572873477862,Calibrated Linear SVM
arctic_shift::1v07xai,No stress,0.48348801718578,0.5165119828142201,Calibrated Linear SVM
arctic_shift::1v01g8p,No stress,0.3977772353476869,0.6022227646523132,Calibrated Linear SVM
arctic_shift::1v012jc,Stress,0.9434416938084098,0.9434416938084098,Calibrated Linear SVM
arctic_shift::1uzyf66,No stress,0.20158292234895359,0.7984170776510465,Calibrated Linear SVM
arctic_shift::1uzxrn4,No stress,0.4123082674073233,0.5876917325926767,Calibrated Linear SVM
arctic_shift::1uzrmtb,Stress,0.6832230409190103,0.6832230409190103,Calibrated Linear SVM
arctic_shift::1uzr2zc,Stress,0.8166657766166564,0.8166657766166564,Calibrated Linear SVM
arctic_shift::1uzik5s,Stress,0.7389261205086289,0.7389261205086289,Calibrated Linear SVM
arctic_shift::1uzevbg,Stress,0.7554029101202359,0.7554029101202359,Calibrated Linear SVM
arctic_shift::1uz355y,No stress,0.09141008772006136,0.9085899122799387,Calibrated Linear SVM
arctic_shift::1uyys70,Stress,0.7239562646038215,0.7239562646038215,Calibrated Linear SVM
arctic_shift::1uyw4rg,Stress,0.5604028822928621,0.5604028822928621,Calibrated Linear SVM
arctic_shift::1uytlac,No stress,0.2649412850465115,0.7350587149534885,Calibrated Linear SVM
arctic_shift::1uyt8qc,No stress,0.08768400099478559,0.9123159990052144,Calibrated Linear SVM
arctic_shift::1uyt6ah,No stress,0.18814435262186746,0.8118556473781325,Calibrated Linear SVM
arctic_shift::1uyi2mj,No stress,0.14937657127673493,0.850623428723265,Calibrated Linear SVM
arctic_shift::1uyf8oo,No stress,0.23287239266933005,0.76712760733067,Calibrated Linear SVM
arctic_shift::1uyecez,Stress,0.807533434529817,0.807533434529817,Calibrated Linear SVM
arctic_shift::1uycffg,Stress,0.7404909176596745,0.7404909176596745,Calibrated Linear SVM
arctic_shift::1uy8e0v,No stress,0.4825601671745498,0.5174398328254503,Calibrated Linear SVM
arctic_shift::1uy6yht,Stress,0.8400436949898814,0.8400436949898814,Calibrated Linear SVM
arctic_shift::1uy3n70,No stress,0.36624561516044557,0.6337543848395545,Calibrated Linear SVM
arctic_shift::1uxty9v,No stress,0.4297695555201837,0.5702304444798163,Calibrated Linear SVM
arctic_shift::1uxcryc,Stress,0.7174064161715684,0.7174064161715684,Calibrated Linear SVM
arctic_shift::1ux9uc1,No stress,0.17163762766420235,0.8283623723357977,Calibrated Linear SVM
arctic_shift::1ux9rny,No stress,0.38174910252817823,0.6182508974718218,Calibrated Linear SVM
arctic_shift::1ux7wsa,Stress,0.6720727219961447,0.6720727219961447,Calibrated Linear SVM
arctic_shift::1v0xpsz,Stress,0.6502280784274332,0.6502280784274332,Calibrated Linear SVM
arctic_shift::1v0xouz,Stress,0.6627024091589937,0.6627024091589937,Calibrated Linear SVM
arctic_shift::1v0wdci,Stress,0.5583084395097384,0.5583084395097384,Calibrated Linear SVM
arctic_shift::1v0uf0n,No stress,0.16243126912803127,0.8375687308719687,Calibrated Linear SVM
arctic_shift::1v0sedp,No stress,0.20863567000133051,0.7913643299986695,Calibrated Linear SVM
arctic_shift::1v0s4kf,Stress,0.815949092691589,0.815949092691589,Calibrated Linear SVM
arctic_shift::1v0pseh,No stress,0.11697345944518366,0.8830265405548164,Calibrated Linear SVM
arctic_shift::1v0ppa9,No stress,0.4365341444661684,0.5634658555338315,Calibrated Linear SVM
arctic_shift::1v0kxeq,No stress,0.47194081127098847,0.5280591887290116,Calibrated Linear SVM
arctic_shift::1v0jxup,Stress,0.9637641364864077,0.9637641364864077,Calibrated Linear SVM
arctic_shift::1v0jg7c,No stress,0.11180912569692768,0.8881908743030723,Calibrated Linear SVM
arctic_shift::1v0j7i4,No stress,0.14312136344996643,0.8568786365500336,Calibrated Linear SVM
arctic_shift::1v0fi23,Stress,0.8861239578322921,0.8861239578322921,Calibrated Linear SVM
arctic_shift::1v0ez3r,Stress,0.9440232579728806,0.9440232579728806,Calibrated Linear SVM
arctic_shift::1v0ehbc,No stress,0.15342147673921916,0.8465785232607809,Calibrated Linear SVM
arctic_shift::1v0aisb,Stress,0.6916906170224705,0.6916906170224705,Calibrated Linear SVM
arctic_shift::1v09ie1,Stress,0.6039806381708486,0.6039806381708486,Calibrated Linear SVM
arctic_shift::1v08x5v,Stress,0.9558262947778596,0.9558262947778596,Calibrated Linear SVM
arctic_shift::1uzfvrq,Stress,0.9754702112256076,0.9754702112256076,Calibrated Linear SVM
arctic_shift::1uz3abt,Stress,0.963391563585927,0.963391563585927,Calibrated Linear SVM
arctic_shift::1uyawv9,Stress,0.857522056563449,0.857522056563449,Calibrated Linear SVM
arctic_shift::1uxppk8,Stress,0.9906062548360626,0.9906062548360626,Calibrated Linear SVM
arctic_shift::1uxhais,Stress,0.6892314185301478,0.6892314185301478,Calibrated Linear SVM
arctic_shift::1v0z2eb,No stress,0.1736414549789845,0.8263585450210155,Calibrated Linear SVM
huggingface_divde-sentiment_posts::text-6f661969a799e35d2079,Stress,0.778994600711461,0.778994600711461,Calibrated Linear SVM
huggingface_divde-sentiment_posts::text-2358db4e0a3805bf5798,No stress,0.1428958548300159,0.8571041451699841,Calibrated Linear SVM
huggingface_divde-sentiment_posts::text-f0f8edbc43ff4d52a196,No stress,0.061749203081234695,0.9382507969187652,Calibrated Linear SVM
huggingface_divde-sentiment_posts::text-f44d430dc4a1d05ab8e1,No stress,0.46434971858229085,0.5356502814177092,Calibrated Linear SVM
huggingface_divde-sentiment_posts::text-1e77e761f27e15af0bd9,Stress,0.7160232662447892,0.7160232662447892,Calibrated Linear SVM
huggingface_divde-sentiment_posts::text-57ca4e2f38d295eee399,No stress,0.30927364252900125,0.6907263574709988,Calibrated Linear SVM
huggingface_divde-sentiment_posts::text-25330db2f74b5d5815c0,No stress,0.2503445925340996,0.7496554074659004,Calibrated Linear SVM
huggingface_divde-sentiment_posts::text-8d3627f1ad5f2feca05d,No stress,0.14925173314967052,0.8507482668503296,Calibrated Linear SVM
huggingface_divde-sentiment_posts::text-331ae12121f3b3c60770,No stress,0.0960313862311223,0.9039686137688777,Calibrated Linear SVM
huggingface_divde-sentiment_posts::text-70540cee86da91a17f05,No stress,0.24623313113867193,0.753766868861328,Calibrated Linear SVM
huggingface_divde-sentiment_posts::text-5d0d940333c75ca4de60,No stress,0.41739306920725766,0.5826069307927423,Calibrated Linear SVM
huggingface_divde-sentiment_posts::text-52407f326dc022c7af5b,No stress,0.10894235673182041,0.8910576432681796,Calibrated Linear SVM
huggingface_divde-sentiment_posts::text-23616db54af74b3a6e0f,No stress,0.10654910099167351,0.8934508990083265,Calibrated Linear SVM
huggingface_divde-sentiment_posts::text-b23663e938d8f15bcb95,No stress,0.08800844514311033,0.9119915548568897,Calibrated Linear SVM
huggingface_divde-sentiment_posts::text-b835c7d8a6c818113147,No stress,0.2863699640428526,0.7136300359571474,Calibrated Linear SVM
huggingface_divde-sentiment_posts::text-68f5a1e84037e6f2bf74,No stress,0.12637645322726057,0.8736235467727393,Calibrated Linear SVM
huggingface_divde-sentiment_posts::text-d977b89a4905d45e2354,No stress,0.12694407027994217,0.8730559297200577,Calibrated Linear SVM
huggingface_divde-sentiment_posts::text-9e51c7c2abc390d2499e,No stress,0.04618750790688227,0.9538124920931178,Calibrated Linear SVM
huggingface_divde-sentiment_posts::text-eb1d66fe9144f331a731,No stress,0.3089633479044449,0.6910366520955552,Calibrated Linear SVM
huggingface_divde-sentiment_posts::text-f9e3c087fe6963caf44e,No stress,0.06402480102750226,0.9359751989724977,Calibrated Linear SVM
huggingface_divde-sentiment_posts::text-aff14807110e27e06566,No stress,0.18283369956018672,0.8171663004398132,Calibrated Linear SVM
huggingface_divde-sentiment_posts::text-fcec37ecd99dbb9cd8d3,No stress,0.0933603577750745,0.9066396422249255,Calibrated Linear SVM
huggingface_divde-sentiment_posts::text-3f1fb3ef21802499e8a2,No stress,0.232044366999785,0.767955633000215,Calibrated Linear SVM
huggingface_divde-sentiment_posts::text-1771a358383368d486df,No stress,0.26110888663501997,0.7388911133649799,Calibrated Linear SVM
huggingface_divde-sentiment_posts::text-5bbe83430a9a07cfcc2c,No stress,0.13302562084111605,0.8669743791588839,Calibrated Linear SVM
huggingface_divde-sentiment_posts::text-31e9d44ce279020359a5,No stress,0.07879923743064145,0.9212007625693586,Calibrated Linear SVM
huggingface_divde-sentiment_posts::text-ed5dec6c86dbf453806b,No stress,0.14996494890138196,0.850035051098618,Calibrated Linear SVM
huggingface_divde-sentiment_posts::text-113d253dc6cafd005a8c,No stress,0.1632049011762207,0.8367950988237793,Calibrated Linear SVM
huggingface_divde-sentiment_posts::text-c04f6f644b07a82f2c36,No stress,0.2167279614313401,0.7832720385686599,Calibrated Linear SVM
huggingface_divde-sentiment_posts::text-9f527dffd5278f22157a,No stress,0.41167611745609894,0.5883238825439011,Calibrated Linear SVM
huggingface_divde-sentiment_posts::text-cc74ab99580ca2553f89,No stress,0.330371768177027,0.669628231822973,Calibrated Linear SVM
huggingface_divde-sentiment_posts::text-41f2f38e6d352fef0556,No stress,0.19000419583147343,0.8099958041685266,Calibrated Linear SVM
huggingface_divde-sentiment_posts::text-d55911c70f2f1c200823,No stress,0.04582644396214936,0.9541735560378507,Calibrated Linear SVM
huggingface_divde-sentiment_posts::text-35630317a1b16c5b1b33,No stress,0.14975761978273758,0.8502423802172624,Calibrated Linear SVM
huggingface_divde-sentiment_posts::text-6b66a7fcc5ba973b1355,No stress,0.10978847974127726,0.8902115202587227,Calibrated Linear SVM
huggingface_divde-sentiment_posts::text-af34618d9d5c32e7e280,Stress,0.6730241265840382,0.6730241265840382,Calibrated Linear SVM
huggingface_divde-sentiment_posts::text-b4e37144bebf6a573038,No stress,0.35425546171545724,0.6457445382845427,Calibrated Linear SVM
huggingface_divde-sentiment_posts::text-006978d6861fa3bdebd4,No stress,0.1743230113581221,0.8256769886418779,Calibrated Linear SVM
huggingface_divde-sentiment_posts::text-ff950390ac9d4005c737,No stress,0.23164996173672436,0.7683500382632756,Calibrated Linear SVM
huggingface_divde-sentiment_posts::text-bcda1f174f539ea4d44e,No stress,0.1657458560933358,0.8342541439066643,Calibrated Linear SVM
huggingface_divde-sentiment_posts::text-4b0e29abceca8d7313d2,Stress,0.5343227732987111,0.5343227732987111,Calibrated Linear SVM
huggingface_divde-sentiment_posts::text-0513b0784b90d5d9069d,No stress,0.05474052557359474,0.9452594744264052,Calibrated Linear SVM
huggingface_divde-sentiment_posts::text-a72c833dc62e01cefb90,No stress,0.11129138878696278,0.8887086112130372,Calibrated Linear SVM
huggingface_divde-sentiment_posts::text-c6656a8de6b57fb3000f,No stress,0.26338718429474023,0.7366128157052597,Calibrated Linear SVM
huggingface_divde-sentiment_posts::text-5ce18aac1c8007325e6a,No stress,0.3820150927611415,0.6179849072388585,Calibrated Linear SVM
huggingface_divde-sentiment_posts::text-d853d2d4b71ae49bd934,No stress,0.14974903279580762,0.8502509672041924,Calibrated Linear SVM
huggingface_divde-sentiment_posts::text-0a2738826489465b3ec1,No stress,0.29234866724482794,0.7076513327551721,Calibrated Linear SVM
huggingface_divde-sentiment_posts::text-055098e2ce56f5ba73a3,No stress,0.14993248153474478,0.8500675184652552,Calibrated Linear SVM
huggingface_divde-sentiment_posts::text-9f17e15aa192b9e8ea4a,No stress,0.08876399987054134,0.9112360001294587,Calibrated Linear SVM
huggingface_divde-sentiment_posts::text-3bc40d337440158769e4,No stress,0.08498950819965738,0.9150104918003427,Calibrated Linear SVM
huggingface_divde-sentiment_posts::text-d4256f1f807dfcbb1b63,No stress,0.0944818457697374,0.9055181542302626,Calibrated Linear SVM
huggingface_divde-sentiment_posts::text-eea8d23efbd7db300dff,No stress,0.3610291672092516,0.6389708327907484,Calibrated Linear SVM
huggingface_divde-sentiment_posts::text-476880e79ea5162f205e,No stress,0.4566703024246199,0.5433296975753801,Calibrated Linear SVM
huggingface_divde-sentiment_posts::text-b499c53fd06781e0c99a,No stress,0.20433602814842214,0.7956639718515778,Calibrated Linear SVM
huggingface_divde-sentiment_posts::text-9c697aaa8fc0f8726740,No stress,0.4568425630963791,0.5431574369036208,Calibrated Linear SVM
huggingface_divde-sentiment_posts::text-511e47ba6fcf299c2548,No stress,0.1532869631161193,0.8467130368838808,Calibrated Linear SVM
huggingface_divde-sentiment_posts::text-0fb4e5aae843f88cbdd1,No stress,0.3028687995193433,0.6971312004806567,Calibrated Linear SVM
huggingface_divde-sentiment_posts::text-21664637ae6961d7c54f,No stress,0.21164711111928627,0.7883528888807136,Calibrated Linear SVM
huggingface_divde-sentiment_posts::text-167e2e38a0a7ba6fab5f,No stress,0.15050813886417921,0.8494918611358209,Calibrated Linear SVM
huggingface_divde-sentiment_posts::text-2ed40c784af55259ac15,No stress,0.14446336476081809,0.855536635239182,Calibrated Linear SVM
huggingface_divde-sentiment_posts::text-3507bcd00709dea34959,No stress,0.2226974828994882,0.7773025171005118,Calibrated Linear SVM
huggingface_divde-sentiment_posts::text-1659b4846c21e7ac946a,No stress,0.2236982614331464,0.7763017385668536,Calibrated Linear SVM
huggingface_divde-sentiment_posts::text-4121d068ccdcab77fa50,No stress,0.3445648540005559,0.6554351459994442,Calibrated Linear SVM
huggingface_divde-sentiment_posts::text-359ba05d973edc43e5a6,No stress,0.0606139794836551,0.9393860205163449,Calibrated Linear SVM
huggingface_divde-sentiment_posts::text-c93ed9d03f4f699b76e3,Stress,0.6455766252080584,0.6455766252080584,Calibrated Linear SVM
huggingface_divde-sentiment_posts::text-7bf8974776db45be367a,No stress,0.3282739555113404,0.6717260444886595,Calibrated Linear SVM
huggingface_divde-sentiment_posts::text-04f00c4e3bff20754f66,No stress,0.1259357134066562,0.8740642865933438,Calibrated Linear SVM
huggingface_divde-sentiment_posts::text-96d804e7304ee9fb9949,No stress,0.3958332906257224,0.6041667093742776,Calibrated Linear SVM
huggingface_divde-sentiment_posts::text-6274ef91df16fb87e437,No stress,0.14993248153474478,0.8500675184652552,Calibrated Linear SVM
huggingface_divde-sentiment_posts::text-9ab5ca96835dcf7e8903,No stress,0.1443347804228478,0.8556652195771521,Calibrated Linear SVM
huggingface_divde-sentiment_posts::text-a3e97c0283d663761fcf,No stress,0.14993248153474478,0.8500675184652552,Calibrated Linear SVM
huggingface_divde-sentiment_posts::text-389f561d6a617fa1f120,No stress,0.25682353632490323,0.7431764636750967,Calibrated Linear SVM
huggingface_divde-sentiment_posts::text-8e242be83a9c341e8be0,No stress,0.24162761891442397,0.758372381085576,Calibrated Linear SVM
huggingface_divde-sentiment_posts::text-8b44c00df22d7551461f,No stress,0.3866739617981905,0.6133260382018095,Calibrated Linear SVM
huggingface_divde-sentiment_posts::text-c1f5aaef9d789168b9bf,No stress,0.016818599004363107,0.9831814009956368,Calibrated Linear SVM
huggingface_divde-sentiment_posts::text-79d2b731ff2066fb814f,No stress,0.19184735940738618,0.8081526405926138,Calibrated Linear SVM
huggingface_divde-sentiment_posts::text-2013bb30803dfb28909e,No stress,0.02475903878925952,0.9752409612107403,Calibrated Linear SVM
huggingface_divde-sentiment_posts::text-a9e74a8467ceb72ee8d7,No stress,0.12682403341596452,0.8731759665840354,Calibrated Linear SVM
huggingface_divde-sentiment_posts::text-83ef7fbd190b920129ec,No stress,0.11000062102710295,0.889999378972897,Calibrated Linear SVM
huggingface_divde-sentiment_posts::text-dd4dd9a579909b69c14d,No stress,0.1780918238861697,0.8219081761138304,Calibrated Linear SVM
huggingface_divde-sentiment_posts::text-db20fc61dbf4e730466e,No stress,0.16715147818254583,0.8328485218174541,Calibrated Linear SVM
huggingface_divde-sentiment_posts::text-91b4833b91f1e8ab01e8,No stress,0.21522036196728253,0.7847796380327176,Calibrated Linear SVM
huggingface_divde-sentiment_posts::text-ac168f19c339a5ff5b4b,No stress,0.20051216890811252,0.7994878310918875,Calibrated Linear SVM
huggingface_divde-sentiment_posts::text-381f6f58385cdf48cbc4,No stress,0.11338980833249146,0.8866101916675085,Calibrated Linear SVM
huggingface_divde-sentiment_posts::text-0534942cb59207706ebb,No stress,0.1259357134066562,0.8740642865933438,Calibrated Linear SVM
huggingface_divde-sentiment_posts::text-d7d59a284ccf3311cecd,No stress,0.036658412390078256,0.9633415876099217,Calibrated Linear SVM
huggingface_divde-sentiment_posts::text-67c62433249cfb0d0012,No stress,0.06463335222478488,0.935366647775215,Calibrated Linear SVM
huggingface_divde-sentiment_posts::text-0683ffc4cf6669c6c23b,No stress,0.0352354969370603,0.9647645030629396,Calibrated Linear SVM
huggingface_divde-sentiment_posts::text-1edf7b990002dadccd2d,No stress,0.03090648302701676,0.9690935169729832,Calibrated Linear SVM
huggingface_divde-sentiment_posts::text-66a08b40c5439b3e5924,No stress,0.08155355973350487,0.9184464402664951,Calibrated Linear SVM
huggingface_divde-sentiment_posts::text-510d847dc64c30cfe4e0,No stress,0.02925327281469212,0.9707467271853077,Calibrated Linear SVM
huggingface_divde-sentiment_posts::text-bb1f688fa99c59506fb2,No stress,0.13405875515653562,0.8659412448434644,Calibrated Linear SVM
huggingface_divde-sentiment_posts::text-c64917f54e68a94aae36,No stress,0.03235401866805059,0.9676459813319495,Calibrated Linear SVM
huggingface_divde-sentiment_posts::text-076e354d908f33575064,No stress,0.03546783929609038,0.9645321607039096,Calibrated Linear SVM
huggingface_divde-sentiment_posts::text-1ddb1a680d3d5a0d2b13,No stress,0.03885972152635493,0.961140278473645,Calibrated Linear SVM
huggingface_divde-sentiment_posts::text-94cf1a919aa641ce180e,No stress,0.07218099275420169,0.9278190072457982,Calibrated Linear SVM
huggingface_divde-sentiment_posts::text-e6889f8e0b818855a3f8,Stress,0.750465377077821,0.750465377077821,Calibrated Linear SVM
huggingface_divde-sentiment_posts::text-9f68343cc106d0660f43,Stress,0.7725546391376619,0.7725546391376619,Calibrated Linear SVM
huggingface_divde-sentiment_posts::text-ebd40078ba71ae3973b4,No stress,0.11081248327293068,0.8891875167270693,Calibrated Linear SVM
huggingface_divde-sentiment_posts::text-f63734bee41fcb202a96,No stress,0.07320458560497249,0.9267954143950276,Calibrated Linear SVM
huggingface_divde-sentiment_posts::text-4b4a67945f3e2c6d37a8,No stress,0.20894879003615655,0.7910512099638435,Calibrated Linear SVM
huggingface_divde-sentiment_posts::text-705ac0a13150d3f1ed03,No stress,0.33953052768941644,0.6604694723105836,Calibrated Linear SVM
huggingface_divde-sentiment_posts::text-3bb854735f1c773dfd3b,No stress,0.4417560336941005,0.5582439663058995,Calibrated Linear SVM
huggingface_divde-sentiment_posts::text-c0ee233174edec435cfc,No stress,0.1333053504826507,0.8666946495173494,Calibrated Linear SVM
huggingface_divde-sentiment_posts::text-5ec0e20165b4153132ca,No stress,0.28026998180099044,0.7197300181990096,Calibrated Linear SVM
huggingface_divde-sentiment_posts::text-a0ce29935c7e194dd524,No stress,0.09060402740244798,0.9093959725975519,Calibrated Linear SVM
huggingface_divde-sentiment_posts::text-a440b3f632ce271a59a0,No stress,0.18049898626213526,0.8195010137378648,Calibrated Linear SVM
huggingface_divde-sentiment_posts::text-cfe707a9b5386cfeb6cc,No stress,0.21366004363382637,0.7863399563661737,Calibrated Linear SVM
huggingface_divde-sentiment_posts::text-7659846feb93f5cc21d3,No stress,0.19981832870827612,0.8001816712917238,Calibrated Linear SVM
huggingface_divde-sentiment_posts::text-1ad053fd1a3921dbcc1c,No stress,0.15852605567402314,0.8414739443259768,Calibrated Linear SVM
huggingface_divde-sentiment_posts::text-48be4c02be70c5596f86,Stress,0.6510125179524229,0.6510125179524229,Calibrated Linear SVM
huggingface_divde-sentiment_posts::text-5d4b27ccdbbbca5d01ec,No stress,0.23654668000035237,0.7634533199996477,Calibrated Linear SVM
huggingface_divde-sentiment_posts::text-e2d72015a25ec19b4c20,No stress,0.070789921439568,0.9292100785604319,Calibrated Linear SVM
huggingface_divde-sentiment_posts::text-5309751755cada7b0093,No stress,0.056211762722400443,0.9437882372775995,Calibrated Linear SVM
huggingface_divde-sentiment_posts::text-c3c2058b3ad40468d7e1,No stress,0.08886381842758433,0.9111361815724156,Calibrated Linear SVM
huggingface_divde-sentiment_posts::text-150527475d815e782b8a,No stress,0.08561906213989522,0.9143809378601048,Calibrated Linear SVM
huggingface_divde-sentiment_posts::text-b29d20de6623c8cef889,No stress,0.12684459684668237,0.8731554031533176,Calibrated Linear SVM
huggingface_divde-sentiment_posts::text-ad6b10957cd977343001,No stress,0.05425310279556083,0.9457468972044393,Calibrated Linear SVM
huggingface_divde-sentiment_posts::text-27d30a2a2d238d553bd4,No stress,0.08113357565515439,0.9188664243448456,Calibrated Linear SVM
huggingface_divde-sentiment_posts::text-54b82ea9a110926da63d,No stress,0.1549185827860711,0.8450814172139288,Calibrated Linear SVM
huggingface_divde-sentiment_posts::text-61edcab52c8cbded622e,No stress,0.30110847132961166,0.6988915286703884,Calibrated Linear SVM
huggingface_divde-sentiment_posts::text-e0fc87e348a77e896e6d,No stress,0.19706159753883998,0.80293840246116,Calibrated Linear SVM
huggingface_divde-sentiment_posts::text-e1469454fb84362692f5,No stress,0.17555291410999294,0.8244470858900069,Calibrated Linear SVM
huggingface_divde-sentiment_posts::text-a0990c6e41e52270e06c,No stress,0.2861401992831264,0.7138598007168736,Calibrated Linear SVM
huggingface_divde-sentiment_posts::text-ca5aefc112e4b39ba5f4,No stress,0.05690292911626938,0.9430970708837307,Calibrated Linear SVM
huggingface_divde-sentiment_posts::text-cd6ed8e335bac15c22d0,No stress,0.08113357565515439,0.9188664243448456,Calibrated Linear SVM
huggingface_divde-sentiment_posts::text-18f648ca5663278fcd09,Stress,0.6439657161617048,0.6439657161617048,Calibrated Linear SVM
huggingface_divde-sentiment_posts::text-79cc53dbcb4e0a10fe6d,No stress,0.0588651814063326,0.9411348185936674,Calibrated Linear SVM
huggingface_divde-sentiment_posts::text-85f9541eca37c0583d6a,Stress,0.6056629888413977,0.6056629888413977,Calibrated Linear SVM
huggingface_divde-sentiment_posts::text-a761472da5e00b504340,No stress,0.05013600962006745,0.9498639903799325,Calibrated Linear SVM
huggingface_divde-sentiment_posts::text-af934dc8861168b5e0fc,No stress,0.06661542913728015,0.93338457086272,Calibrated Linear SVM
huggingface_divde-sentiment_posts::text-af34d95afabdfd2fe5ad,No stress,0.06823391831487906,0.9317660816851209,Calibrated Linear SVM
huggingface_divde-sentiment_posts::text-0c6fd7cf0f3d2bdf7bc6,No stress,0.08191039310237143,0.9180896068976286,Calibrated Linear SVM
huggingface_divde-sentiment_posts::text-fe39209eed61540e48cc,Stress,0.7220860882708605,0.7220860882708605,Calibrated Linear SVM
huggingface_divde-sentiment_posts::text-fbe2a910de64a3abd825,No stress,0.04096172919302051,0.9590382708069795,Calibrated Linear SVM
huggingface_divde-sentiment_posts::text-a210480a690a719da270,No stress,0.05426856763491348,0.9457314323650864,Calibrated Linear SVM
huggingface_divde-sentiment_posts::text-0cd0846677b9d45089ef,No stress,0.028165760155356174,0.9718342398446439,Calibrated Linear SVM
huggingface_divde-sentiment_posts::text-ffaa2ba2f9a7b6fe49c6,No stress,0.22040894857990156,0.7795910514200984,Calibrated Linear SVM
huggingface_divde-sentiment_posts::text-4c0323e3be36e348300a,No stress,0.06714944565993952,0.9328505543400604,Calibrated Linear SVM
hackernews::48998262,No stress,0.46451446087063103,0.535485539129369,Calibrated Linear SVM
hackernews::48998261,No stress,0.2332765803791266,0.7667234196208733,Calibrated Linear SVM
hackernews::48998187,Stress,0.943425039988191,0.943425039988191,Calibrated Linear SVM
hackernews::48998173,No stress,0.07384505777293016,0.9261549422270697,Calibrated Linear SVM
hackernews::48998003,Stress,0.6754612385927908,0.6754612385927908,Calibrated Linear SVM
hackernews::48997822,No stress,0.199740457678235,0.800259542321765,Calibrated Linear SVM
hackernews::48997618,No stress,0.1652320185740581,0.834767981425942,Calibrated Linear SVM
hackernews::48997601,Stress,0.9017220553243894,0.9017220553243894,Calibrated Linear SVM
hackernews::48997577,Stress,0.9475668088566481,0.9475668088566481,Calibrated Linear SVM
hackernews::48997548,No stress,0.3825319276838562,0.6174680723161438,Calibrated Linear SVM
hackernews::48997495,No stress,0.4164085415008894,0.5835914584991105,Calibrated Linear SVM
hackernews::48997490,Stress,0.5828451848825321,0.5828451848825321,Calibrated Linear SVM
hackernews::48997473,No stress,0.16564046712772487,0.8343595328722752,Calibrated Linear SVM
hackernews::48997328,No stress,0.10811982664076547,0.8918801733592345,Calibrated Linear SVM
hackernews::48997133,No stress,0.2735157877288034,0.7264842122711966,Calibrated Linear SVM
hackernews::48997113,No stress,0.4340433859993675,0.5659566140006326,Calibrated Linear SVM
hackernews::48997070,No stress,0.07127943781214964,0.9287205621878504,Calibrated Linear SVM
hackernews::48997047,No stress,0.3358414229500928,0.6641585770499071,Calibrated Linear SVM
hackernews::48997042,No stress,0.23463050937043617,0.7653694906295639,Calibrated Linear SVM
hackernews::48996894,Stress,0.6832163474201799,0.6832163474201799,Calibrated Linear SVM
hackernews::48996871,No stress,0.39814370784387904,0.6018562921561209,Calibrated Linear SVM
hackernews::48996860,Stress,0.5355501724947612,0.5355501724947612,Calibrated Linear SVM
hackernews::48996760,No stress,0.3373429750283379,0.6626570249716621,Calibrated Linear SVM
hackernews::48996652,No stress,0.14944089747170047,0.8505591025282996,Calibrated Linear SVM
hackernews::48996643,Stress,0.8473756396224431,0.8473756396224431,Calibrated Linear SVM
hackernews::48996623,No stress,0.3758920174961213,0.6241079825038788,Calibrated Linear SVM
hackernews::48996573,No stress,0.13227530920851135,0.8677246907914887,Calibrated Linear SVM
hackernews::48996516,No stress,0.4692070634015295,0.5307929365984706,Calibrated Linear SVM
hackernews::48996487,No stress,0.20799226817677538,0.7920077318232247,Calibrated Linear SVM
hackernews::48996485,No stress,0.41343910794642613,0.5865608920535738,Calibrated Linear SVM
hackernews::48996382,No stress,0.2722001827103553,0.7277998172896446,Calibrated Linear SVM
hackernews::48996223,Stress,0.6143664895561484,0.6143664895561484,Calibrated Linear SVM
hackernews::48996204,Stress,0.8188420221498832,0.8188420221498832,Calibrated Linear SVM
hackernews::48996197,No stress,0.26926120555297367,0.7307387944470264,Calibrated Linear SVM
hackernews::48996196,No stress,0.2640305935834206,0.7359694064165794,Calibrated Linear SVM
hackernews::48996187,Stress,0.8913669342305278,0.8913669342305278,Calibrated Linear SVM
hackernews::48996173,Stress,0.7994626878932903,0.7994626878932903,Calibrated Linear SVM
hackernews::48996104,No stress,0.20164341031407151,0.7983565896859285,Calibrated Linear SVM
hackernews::48996090,No stress,0.49883237402747316,0.5011676259725268,Calibrated Linear SVM
hackernews::48996013,No stress,0.2591486103169059,0.740851389683094,Calibrated Linear SVM
hackernews::48995990,No stress,0.33547888582206903,0.6645211141779309,Calibrated Linear SVM
hackernews::48995912,No stress,0.33530587171326837,0.6646941282867317,Calibrated Linear SVM
hackernews::48995907,No stress,0.24809677831300936,0.7519032216869906,Calibrated Linear SVM
hackernews::48995773,No stress,0.31482760443684504,0.6851723955631549,Calibrated Linear SVM
hackernews::48995754,Stress,0.8273640133685682,0.8273640133685682,Calibrated Linear SVM
hackernews::48995679,No stress,0.29962585746493137,0.7003741425350686,Calibrated Linear SVM
hackernews::48995678,No stress,0.1552875892147039,0.844712410785296,Calibrated Linear SVM
hackernews::48995634,No stress,0.12101385103195282,0.878986148968047,Calibrated Linear SVM
hackernews::48995562,No stress,0.15420497640374334,0.8457950235962567,Calibrated Linear SVM
hackernews::48995524,Stress,0.9416541922681257,0.9416541922681257,Calibrated Linear SVM
hackernews::48995522,No stress,0.1443178802591715,0.8556821197408285,Calibrated Linear SVM
hackernews::48995507,Stress,0.9625070945359582,0.9625070945359582,Calibrated Linear SVM
hackernews::48995455,No stress,0.1252329938963906,0.8747670061036095,Calibrated Linear SVM
hackernews::48995421,No stress,0.4275095129987357,0.5724904870012643,Calibrated Linear SVM
hackernews::48995348,No stress,0.23478728751184072,0.7652127124881593,Calibrated Linear SVM
hackernews::48995329,No stress,0.43054367751728284,0.5694563224827172,Calibrated Linear SVM
hackernews::48995328,No stress,0.20894709689542199,0.791052903104578,Calibrated Linear SVM
hackernews::48995300,No stress,0.24366854388428705,0.756331456115713,Calibrated Linear SVM
hackernews::48995213,No stress,0.07596133373641327,0.9240386662635868,Calibrated Linear SVM
hackernews::48995201,No stress,0.18406250194521256,0.8159374980547874,Calibrated Linear SVM
hackernews::48995181,Stress,0.8106141485155792,0.8106141485155792,Calibrated Linear SVM
hackernews::48995134,No stress,0.41554563453769305,0.584454365462307,Calibrated Linear SVM
hackernews::48995088,Stress,0.560568600467037,0.560568600467037,Calibrated Linear SVM
hackernews::48995074,No stress,0.23422517635924534,0.7657748236407547,Calibrated Linear SVM
hackernews::48995071,No stress,0.3058729661672663,0.6941270338327338,Calibrated Linear SVM
hackernews::48995064,No stress,0.30198248144228684,0.6980175185577132,Calibrated Linear SVM
hackernews::48995058,No stress,0.10384485122266353,0.8961551487773365,Calibrated Linear SVM
hackernews::48995030,No stress,0.1911505850846471,0.8088494149153528,Calibrated Linear SVM
hackernews::48994997,Stress,0.5683166041153132,0.5683166041153132,Calibrated Linear SVM
hackernews::48994984,No stress,0.08464320825173048,0.9153567917482696,Calibrated Linear SVM
hackernews::48994848,Stress,0.5593487715236639,0.5593487715236639,Calibrated Linear SVM
hackernews::48994842,Stress,0.931797714935116,0.931797714935116,Calibrated Linear SVM
hackernews::48994793,No stress,0.13981970230882337,0.8601802976911767,Calibrated Linear SVM
hackernews::48994775,No stress,0.10909780927190005,0.8909021907281,Calibrated Linear SVM
hackernews::48994752,No stress,0.11526760836091669,0.8847323916390833,Calibrated Linear SVM
hackernews::48994734,No stress,0.2793477683312829,0.7206522316687171,Calibrated Linear SVM
hackernews::48994715,No stress,0.02106851546454498,0.978931484535455,Calibrated Linear SVM
hackernews::48994592,No stress,0.44665898785256825,0.5533410121474317,Calibrated Linear SVM
hackernews::48994561,No stress,0.35386862522349866,0.6461313747765013,Calibrated Linear SVM
hackernews::48994449,No stress,0.16299966193741103,0.8370003380625889,Calibrated Linear SVM
hackernews::48994448,No stress,0.17285909841982675,0.8271409015801732,Calibrated Linear SVM
hackernews::48994388,No stress,0.4290115688025944,0.5709884311974056,Calibrated Linear SVM
hackernews::48994216,No stress,0.22515421359614315,0.7748457864038568,Calibrated Linear SVM
hackernews::48994169,No stress,0.3045371644058696,0.6954628355941305,Calibrated Linear SVM
hackernews::48994144,Stress,0.6989702500523984,0.6989702500523984,Calibrated Linear SVM
hackernews::48994025,Stress,0.8563518244287195,0.8563518244287195,Calibrated Linear SVM
hackernews::48993988,Stress,0.8439089314369056,0.8439089314369056,Calibrated Linear SVM
hackernews::48993967,No stress,0.21588248999289908,0.7841175100071008,Calibrated Linear SVM
hackernews::48993939,Stress,0.5690377677046582,0.5690377677046582,Calibrated Linear SVM
hackernews::48993926,Stress,0.6887387651900276,0.6887387651900276,Calibrated Linear SVM
hackernews::48993790,No stress,0.1583010010604938,0.8416989989395062,Calibrated Linear SVM
hackernews::48993740,No stress,0.21038127236650936,0.7896187276334906,Calibrated Linear SVM
hackernews::48993690,Stress,0.9358504740650687,0.9358504740650687,Calibrated Linear SVM
hackernews::48993606,Stress,0.8439055263642818,0.8439055263642818,Calibrated Linear SVM
hackernews::48993571,Stress,0.796098750002482,0.796098750002482,Calibrated Linear SVM
hackernews::48993565,No stress,0.36126939665808244,0.6387306033419176,Calibrated Linear SVM
hackernews::48993540,No stress,0.058137486499315244,0.9418625135006847,Calibrated Linear SVM
hackernews::48993423,Stress,0.5700757927048499,0.5700757927048499,Calibrated Linear SVM
hackernews::48993421,No stress,0.15007467788794768,0.8499253221120523,Calibrated Linear SVM
hackernews::48993414,No stress,0.04334902941606478,0.9566509705839352,Calibrated Linear SVM
hackernews::48993411,No stress,0.1509861393627208,0.8490138606372793,Calibrated Linear SVM
hackernews::48993394,No stress,0.41080184804111536,0.5891981519588846,Calibrated Linear SVM
hackernews::48993380,Stress,0.6302076160475628,0.6302076160475628,Calibrated Linear SVM
hackernews::48993371,No stress,0.4784005487453491,0.5215994512546509,Calibrated Linear SVM
hackernews::48993370,No stress,0.25778608154042776,0.7422139184595723,Calibrated Linear SVM
hackernews::48993296,No stress,0.49957609049673996,0.50042390950326,Calibrated Linear SVM
hackernews::48993268,Stress,0.5019559470484349,0.5019559470484349,Calibrated Linear SVM
hackernews::48993250,No stress,0.06018505681510907,0.9398149431848909,Calibrated Linear SVM
hackernews::48993225,No stress,0.449840696193094,0.550159303806906,Calibrated Linear SVM
hackernews::48993220,Stress,0.7196298875925975,0.7196298875925975,Calibrated Linear SVM
hackernews::48993199,Stress,0.8772329790832938,0.8772329790832938,Calibrated Linear SVM
hackernews::48993191,Stress,0.8431703494132603,0.8431703494132603,Calibrated Linear SVM
github_issues::4943119318,Stress,0.5370428089163904,0.5370428089163904,Calibrated Linear SVM
github_issues::4913106929,No stress,0.4333538385107067,0.5666461614892933,Calibrated Linear SVM
github_issues::705103658,Stress,0.9271240875610068,0.9271240875610068,Calibrated Linear SVM
github_issues::4923179332,No stress,0.4807376131069672,0.5192623868930327,Calibrated Linear SVM
github_issues::4925577457,No stress,0.16794959323808376,0.8320504067619162,Calibrated Linear SVM
github_issues::4942751441,No stress,0.3975339385166845,0.6024660614833155,Calibrated Linear SVM
github_issues::4942624811,No stress,0.15807393457677474,0.8419260654232253,Calibrated Linear SVM
github_issues::4919492276,No stress,0.1263775899679392,0.8736224100320609,Calibrated Linear SVM
github_issues::4909027732,No stress,0.18935316375991507,0.8106468362400849,Calibrated Linear SVM
github_issues::4940411224,No stress,0.13731735551110558,0.8626826444888943,Calibrated Linear SVM
github_issues::4649180582,Stress,0.5894521964021371,0.5894521964021371,Calibrated Linear SVM
github_issues::4888171360,No stress,0.16102696000228886,0.8389730399977111,Calibrated Linear SVM
github_issues::4942247724,No stress,0.022212685864435974,0.977787314135564,Calibrated Linear SVM
github_issues::3190236305,No stress,0.42915086581162587,0.5708491341883741,Calibrated Linear SVM
github_issues::4941743070,No stress,0.42897761467306594,0.5710223853269341,Calibrated Linear SVM
github_issues::4941723954,No stress,0.3447704169210548,0.6552295830789453,Calibrated Linear SVM
github_issues::4896888436,No stress,0.19468560730190856,0.8053143926980915,Calibrated Linear SVM
github_issues::4854999239,No stress,0.3581014175543269,0.6418985824456731,Calibrated Linear SVM
github_issues::4362494348,No stress,0.2407666132582064,0.7592333867417936,Calibrated Linear SVM
github_issues::4357751745,No stress,0.324617004479248,0.675382995520752,Calibrated Linear SVM
github_issues::4941139855,No stress,0.1339789609754738,0.8660210390245262,Calibrated Linear SVM
github_issues::4940974219,No stress,0.38305045232103474,0.6169495476789653,Calibrated Linear SVM
github_issues::4897099946,No stress,0.2612922371653363,0.7387077628346637,Calibrated Linear SVM
github_issues::4736346335,No stress,0.19569223982254233,0.8043077601774576,Calibrated Linear SVM
github_issues::4377620298,No stress,0.09827967008316309,0.9017203299168369,Calibrated Linear SVM
github_issues::3697393018,No stress,0.17661545358448863,0.8233845464155114,Calibrated Linear SVM
github_issues::4813693318,No stress,0.11622666831890686,0.8837733316810933,Calibrated Linear SVM
github_issues::4315124720,No stress,0.20832338082281,0.7916766191771899,Calibrated Linear SVM
github_issues::4839179798,No stress,0.08577918806880241,0.9142208119311976,Calibrated Linear SVM
github_issues::4804888965,No stress,0.35238717600551084,0.6476128239944893,Calibrated Linear SVM
github_issues::2261577162,Stress,0.6559726513304588,0.6559726513304588,Calibrated Linear SVM
github_issues::4927528090,No stress,0.1367694448396607,0.8632305551603393,Calibrated Linear SVM
github_issues::4934768524,No stress,0.13075617249715396,0.8692438275028461,Calibrated Linear SVM
github_issues::4938809238,No stress,0.38986305044953146,0.6101369495504686,Calibrated Linear SVM
github_issues::4607764628,No stress,0.24297472368341086,0.7570252763165891,Calibrated Linear SVM
github_issues::4902920092,No stress,0.4152435231871337,0.5847564768128662,Calibrated Linear SVM
github_issues::4939235122,No stress,0.35928754359934895,0.6407124564006511,Calibrated Linear SVM
github_issues::4770365985,No stress,0.28243685850945954,0.7175631414905405,Calibrated Linear SVM
github_issues::4404429240,No stress,0.386486922402349,0.613513077597651,Calibrated Linear SVM
github_issues::4733907251,No stress,0.4463829568420623,0.5536170431579377,Calibrated Linear SVM
github_issues::4939125756,No stress,0.12847710008269955,0.8715228999173004,Calibrated Linear SVM
github_issues::4939119889,No stress,0.35721770310501033,0.6427822968949897,Calibrated Linear SVM
github_issues::4938964320,No stress,0.10323563315078589,0.8967643668492141,Calibrated Linear SVM
github_issues::4938944727,No stress,0.14113385532756276,0.8588661446724372,Calibrated Linear SVM
github_issues::4938803402,No stress,0.19298440814121753,0.8070155918587826,Calibrated Linear SVM
github_issues::4649268493,Stress,0.5372544404038537,0.5372544404038537,Calibrated Linear SVM
github_issues::4893735742,No stress,0.27788312531587794,0.7221168746841221,Calibrated Linear SVM
github_issues::4938353460,No stress,0.15842975115458588,0.8415702488454141,Calibrated Linear SVM
github_issues::4938359281,No stress,0.07993549495882561,0.9200645050411743,Calibrated Linear SVM
github_issues::2015594766,No stress,0.32253401206189,0.6774659879381101,Calibrated Linear SVM
github_issues::4937861402,No stress,0.1824144745630469,0.8175855254369532,Calibrated Linear SVM
github_issues::3806010826,No stress,0.18059589653141248,0.8194041034685875,Calibrated Linear SVM
github_issues::4904371471,Stress,0.7826933687814209,0.7826933687814209,Calibrated Linear SVM
github_issues::4937604428,No stress,0.14768956981139805,0.8523104301886019,Calibrated Linear SVM
github_issues::4937481319,No stress,0.20938190888853503,0.790618091111465,Calibrated Linear SVM
github_issues::4927960848,Stress,0.8146669915141521,0.8146669915141521,Calibrated Linear SVM
github_issues::4525240998,No stress,0.0947441999956058,0.9052558000043942,Calibrated Linear SVM
github_issues::4936626490,No stress,0.2630825416467443,0.7369174583532557,Calibrated Linear SVM
github_issues::3105607741,No stress,0.4068593218634682,0.5931406781365318,Calibrated Linear SVM
github_issues::4064662658,No stress,0.3537645116017969,0.6462354883982031,Calibrated Linear SVM
github_issues::4899451228,No stress,0.23928386575478713,0.7607161342452128,Calibrated Linear SVM
github_issues::4936470613,No stress,0.16993991911666026,0.8300600808833397,Calibrated Linear SVM
github_issues::4936448956,No stress,0.317432012646441,0.682567987353559,Calibrated Linear SVM
github_issues::4611852420,Stress,0.6529803124282396,0.6529803124282396,Calibrated Linear SVM
github_issues::4929440759,No stress,0.12755062325517982,0.8724493767448203,Calibrated Linear SVM
github_issues::4798596397,No stress,0.20825314134893305,0.791746858651067,Calibrated Linear SVM
github_issues::4935594943,Stress,0.5252469067588107,0.5252469067588107,Calibrated Linear SVM
github_issues::240614711,No stress,0.41452681159437715,0.5854731884056229,Calibrated Linear SVM
github_issues::4139195571,Stress,0.8904085126417565,0.8904085126417565,Calibrated Linear SVM
github_issues::4845056780,No stress,0.3745623188550391,0.6254376811449609,Calibrated Linear SVM
github_issues::4918141778,Stress,0.639259852417047,0.639259852417047,Calibrated Linear SVM
github_issues::4646950049,Stress,0.6269244301495497,0.6269244301495497,Calibrated Linear SVM
github_issues::4848246473,Stress,0.5006864294577423,0.5006864294577423,Calibrated Linear SVM
github_issues::4120313627,No stress,0.29803842876896786,0.7019615712310321,Calibrated Linear SVM
github_issues::4942977458,No stress,0.35407096635822216,0.6459290336417779,Calibrated Linear SVM
github_issues::4714978555,Stress,0.5721589205959386,0.5721589205959386,Calibrated Linear SVM
github_issues::4935069842,No stress,0.43513168267452557,0.5648683173254745,Calibrated Linear SVM
github_issues::4910171428,No stress,0.4717065726837863,0.5282934273162138,Calibrated Linear SVM
github_issues::4889536762,Stress,0.5081446398239992,0.5081446398239992,Calibrated Linear SVM
github_issues::4940589451,No stress,0.4143373111793485,0.5856626888206513,Calibrated Linear SVM
github_issues::4917408637,No stress,0.4291952016328718,0.5708047983671283,Calibrated Linear SVM
github_issues::3307563945,Stress,0.8926088369761205,0.8926088369761205,Calibrated Linear SVM
github_issues::4934170088,No stress,0.19923075334691678,0.8007692466530832,Calibrated Linear SVM
github_issues::4925290639,No stress,0.21670380767947064,0.7832961923205293,Calibrated Linear SVM
github_issues::3025348585,No stress,0.21751807135357945,0.7824819286464205,Calibrated Linear SVM
github_issues::4812866664,No stress,0.4098962030943903,0.5901037969056097,Calibrated Linear SVM
github_issues::4812538665,Stress,0.5714980421599577,0.5714980421599577,Calibrated Linear SVM
github_issues::2576436738,No stress,0.373206903634614,0.6267930963653859,Calibrated Linear SVM
github_issues::4920808008,No stress,0.1919555772824474,0.8080444227175526,Calibrated Linear SVM
github_issues::4618887728,Stress,0.5696373276846127,0.5696373276846127,Calibrated Linear SVM
github_issues::1853507992,Stress,0.6051296438967001,0.6051296438967001,Calibrated Linear SVM
github_issues::4920636609,No stress,0.23343439759433945,0.7665656024056605,Calibrated Linear SVM
github_issues::2322561054,Stress,0.8744502980499521,0.8744502980499521,Calibrated Linear SVM
github_issues::2256742258,Stress,0.8722965282479483,0.8722965282479483,Calibrated Linear SVM
github_issues::2207875036,Stress,0.7669299621874881,0.7669299621874881,Calibrated Linear SVM
github_issues::2309436533,No stress,0.4004055398755775,0.5995944601244226,Calibrated Linear SVM
github_issues::1949588386,Stress,0.6267735569141414,0.6267735569141414,Calibrated Linear SVM
github_issues::1856207291,No stress,0.12214843793946499,0.877851562060535,Calibrated Linear SVM
github_issues::4879217455,No stress,0.20313227863954117,0.7968677213604588,Calibrated Linear SVM
github_issues::4915789113,No stress,0.21159689697802406,0.7884031030219759,Calibrated Linear SVM
github_issues::4887996003,No stress,0.30148469806269085,0.6985153019373093,Calibrated Linear SVM
github_issues::2501014784,No stress,0.24601371844827538,0.7539862815517245,Calibrated Linear SVM
github_issues::3375632692,No stress,0.47994594229005894,0.5200540577099411,Calibrated Linear SVM
github_issues::4917570385,Stress,0.6319702131589207,0.6319702131589207,Calibrated Linear SVM
github_issues::4866167181,No stress,0.43706657314552855,0.5629334268544715,Calibrated Linear SVM
github_issues::4906983463,No stress,0.19056041920692168,0.8094395807930783,Calibrated Linear SVM
github_issues::4913597821,Stress,0.6715764343852572,0.6715764343852572,Calibrated Linear SVM
github_issues::4849963475,No stress,0.1690265235593076,0.8309734764406924,Calibrated Linear SVM
github_issues::4288654586,No stress,0.1639750833460215,0.8360249166539785,Calibrated Linear SVM
github_issues::1458578372,No stress,0.24854462903693286,0.751455370963067,Calibrated Linear SVM
github_issues::2562317569,No stress,0.14236812616033312,0.8576318738396669,Calibrated Linear SVM
github_issues::2062055346,No stress,0.15573548196544482,0.8442645180345552,Calibrated Linear SVM
github_issues::4610520003,No stress,0.4008602888738803,0.5991397111261197,Calibrated Linear SVM
github_issues::4660423250,Stress,0.7058342433733383,0.7058342433733383,Calibrated Linear SVM
github_issues::4885165405,Stress,0.755457231740814,0.755457231740814,Calibrated Linear SVM
github_issues::2024486636,Stress,0.5574001332742607,0.5574001332742607,Calibrated Linear SVM
github_issues::4878758011,No stress,0.17015269698555743,0.8298473030144425,Calibrated Linear SVM
github_issues::4890015845,No stress,0.06345247462538352,0.9365475253746164,Calibrated Linear SVM
github_issues::1058212993,No stress,0.3642796954322931,0.6357203045677069,Calibrated Linear SVM
github_issues::4848641281,No stress,0.2942648173035462,0.7057351826964537,Calibrated Linear SVM
github_issues::4944180657,Stress,0.5188614246691937,0.5188614246691937,Calibrated Linear SVM
github_issues::4932533888,No stress,0.1180845666578349,0.8819154333421652,Calibrated Linear SVM
github_issues::4444485723,No stress,0.47024133175134814,0.5297586682486518,Calibrated Linear SVM
github_issues::4297878006,No stress,0.3742085159657093,0.6257914840342907,Calibrated Linear SVM
github_issues::3799093483,No stress,0.458962149482252,0.541037850517748,Calibrated Linear SVM
github_issues::4549258490,No stress,0.3807594577230544,0.6192405422769456,Calibrated Linear SVM
github_issues::4548267306,No stress,0.339041192026254,0.660958807973746,Calibrated Linear SVM
github_issues::4547811289,No stress,0.1027440966308148,0.8972559033691851,Calibrated Linear SVM
github_issues::4547206640,Stress,0.7306976675888593,0.7306976675888593,Calibrated Linear SVM
github_issues::4546767955,No stress,0.1063626711922425,0.8936373288077575,Calibrated Linear SVM
github_issues::4545241148,No stress,0.1822005129701896,0.8177994870298105,Calibrated Linear SVM
github_issues::4543359523,No stress,0.37997372769494575,0.6200262723050542,Calibrated Linear SVM
github_issues::4543113159,No stress,0.2122400774852585,0.7877599225147414,Calibrated Linear SVM
github_issues::4539752456,No stress,0.2005593062284531,0.7994406937715469,Calibrated Linear SVM
github_issues::4538265419,No stress,0.12821088580096082,0.8717891141990393,Calibrated Linear SVM
github_issues::4519551564,Stress,0.7601462866859455,0.7601462866859455,Calibrated Linear SVM
github_issues::4518404807,No stress,0.449576656054637,0.5504233439453631,Calibrated Linear SVM
github_issues::4567660188,No stress,0.04192032752591016,0.9580796724740899,Calibrated Linear SVM
github_issues::4568698381,No stress,0.19464082818407424,0.8053591718159258,Calibrated Linear SVM
github_issues::4580719687,No stress,0.1665138658607845,0.8334861341392155,Calibrated Linear SVM
github_issues::4605195451,Stress,0.5423642747046394,0.5423642747046394,Calibrated Linear SVM
github_issues::4605050395,No stress,0.23327908964748975,0.7667209103525102,Calibrated Linear SVM
github_issues::4604448016,No stress,0.4552143171293432,0.5447856828706569,Calibrated Linear SVM
github_issues::4603266370,No stress,0.20722595270413144,0.7927740472958685,Calibrated Linear SVM
github_issues::4601262459,No stress,0.18790482841580247,0.8120951715841976,Calibrated Linear SVM
github_issues::4600519937,No stress,0.16593004046204385,0.8340699595379562,Calibrated Linear SVM
github_issues::4589098262,No stress,0.23621154972535555,0.7637884502746445,Calibrated Linear SVM
github_issues::4943869810,No stress,0.1604236696619721,0.8395763303380278,Calibrated Linear SVM
github_issues::3190172148,No stress,0.18353006856334186,0.8164699314366581,Calibrated Linear SVM
github_issues::4919764491,Stress,0.5143007070297189,0.5143007070297189,Calibrated Linear SVM
github_issues::4943487868,No stress,0.17620504020744054,0.8237949597925596,Calibrated Linear SVM
github_issues::4001245761,No stress,0.19727055693411008,0.80272944306589,Calibrated Linear SVM
github_issues::4242547915,Stress,0.6923724070763234,0.6923724070763234,Calibrated Linear SVM
github_issues::3866858004,No stress,0.35766318251613755,0.6423368174838625,Calibrated Linear SVM
github_issues::3726158018,Stress,0.5621966707663829,0.5621966707663829,Calibrated Linear SVM
github_issues::4829792883,No stress,0.3532139368334506,0.6467860631665494,Calibrated Linear SVM
github_issues::4473344084,Stress,0.5421537942631799,0.5421537942631799,Calibrated Linear SVM
github_issues::4553324085,No stress,0.32718916217475363,0.6728108378252463,Calibrated Linear SVM
github_issues::4351183286,Stress,0.621240599713615,0.621240599713615,Calibrated Linear SVM
github_issues::4897990489,No stress,0.12960017669814322,0.8703998233018568,Calibrated Linear SVM
github_issues::4934602803,No stress,0.366206478510605,0.6337935214893949,Calibrated Linear SVM
github_issues::4930417236,No stress,0.42435703531036045,0.5756429646896396,Calibrated Linear SVM
github_issues::4933907578,No stress,0.0872531389633016,0.9127468610366983,Calibrated Linear SVM
github_issues::4928221498,No stress,0.09006499443390613,0.9099350055660939,Calibrated Linear SVM
github_issues::4930393746,No stress,0.39429830188250686,0.6057016981174931,Calibrated Linear SVM
github_issues::4879561258,No stress,0.2505997386135807,0.7494002613864192,Calibrated Linear SVM
github_issues::4933354637,No stress,0.20104297115359984,0.7989570288464002,Calibrated Linear SVM
github_issues::4837084820,No stress,0.07605380926037246,0.9239461907396276,Calibrated Linear SVM
github_issues::4109674769,No stress,0.35339314788597215,0.6466068521140279,Calibrated Linear SVM
github_issues::4108560140,No stress,0.07875140118953798,0.921248598810462,Calibrated Linear SVM
github_issues::3700082108,Stress,0.7264040325194764,0.7264040325194764,Calibrated Linear SVM
github_issues::4537773981,No stress,0.20807872434603195,0.7919212756539681,Calibrated Linear SVM
github_issues::4536890571,No stress,0.20148864650891385,0.7985113534910862,Calibrated Linear SVM
github_issues::4534726670,No stress,0.338940497767898,0.6610595022321021,Calibrated Linear SVM
github_issues::4532884138,No stress,0.23902226186109754,0.7609777381389025,Calibrated Linear SVM
github_issues::4530708601,No stress,0.37137378022973405,0.628626219770266,Calibrated Linear SVM
github_issues::4528113191,No stress,0.3247560409670264,0.6752439590329736,Calibrated Linear SVM
github_issues::4526396329,No stress,0.2422341311103502,0.7577658688896497,Calibrated Linear SVM
github_issues::4522186372,No stress,0.13514121504273732,0.8648587849572626,Calibrated Linear SVM
github_issues::4509298924,Stress,0.7761501743323156,0.7761501743323156,Calibrated Linear SVM
github_issues::4505432076,No stress,0.3892599842447603,0.6107400157552396,Calibrated Linear SVM
github_issues::4499359063,No stress,0.13825633179584687,0.8617436682041532,Calibrated Linear SVM
github_issues::4484805441,No stress,0.4514327134878444,0.5485672865121557,Calibrated Linear SVM
github_issues::4478893519,No stress,0.3887399105554394,0.6112600894445606,Calibrated Linear SVM
github_issues::4477195353,No stress,0.28169920643912877,0.7183007935608713,Calibrated Linear SVM
github_issues::4446889170,No stress,0.25760300206658404,0.7423969979334158,Calibrated Linear SVM
github_issues::4405933635,No stress,0.38086958056665005,0.6191304194333499,Calibrated Linear SVM
github_issues::4388900564,No stress,0.22959815490783395,0.770401845092166,Calibrated Linear SVM
github_issues::433157743,No stress,0.42649891693620834,0.5735010830637917,Calibrated Linear SVM
github_issues::385733855,Stress,0.6385442441073709,0.6385442441073709,Calibrated Linear SVM
github_issues::4754391849,No stress,0.4076729486669565,0.5923270513330435,Calibrated Linear SVM
github_issues::4140788637,Stress,0.6782857818756995,0.6782857818756995,Calibrated Linear SVM
github_issues::4435980585,No stress,0.33437351672368737,0.6656264832763127,Calibrated Linear SVM
github_issues::4850110425,Stress,0.893671858399987,0.893671858399987,Calibrated Linear SVM
github_issues::4681227263,Stress,0.6340949430194331,0.6340949430194331,Calibrated Linear SVM
github_issues::3689055083,No stress,0.22656768253933693,0.7734323174606631,Calibrated Linear SVM
github_issues::4944190385,Stress,0.6423046907473468,0.6423046907473468,Calibrated Linear SVM
github_issues::3305423458,Stress,0.8135508364141435,0.8135508364141435,Calibrated Linear SVM
github_issues::4944207236,No stress,0.19406870787856004,0.80593129212144,Calibrated Linear SVM
github_issues::4686485878,No stress,0.36592221521833795,0.6340777847816621,Calibrated Linear SVM
github_issues::4281338037,No stress,0.08811051903591188,0.9118894809640881,Calibrated Linear SVM
github_issues::4889942210,No stress,0.067957258159878,0.9320427418401219,Calibrated Linear SVM
github_issues::4809481408,No stress,0.13870947189809874,0.8612905281019012,Calibrated Linear SVM
github_issues::4869400743,No stress,0.18106257241556586,0.8189374275844341,Calibrated Linear SVM
github_issues::4828489779,No stress,0.15838414677997462,0.8416158532200253,Calibrated Linear SVM
github_issues::4872270242,Stress,0.8468164307591476,0.8468164307591476,Calibrated Linear SVM
github_issues::4592517477,No stress,0.14820151569416015,0.8517984843058398,Calibrated Linear SVM
github_issues::4864752726,No stress,0.1700160211342098,0.8299839788657901,Calibrated Linear SVM
github_issues::4866712285,No stress,0.2016640512900251,0.7983359487099749,Calibrated Linear SVM
github_issues::4859622158,No stress,0.21086854640911712,0.7891314535908829,Calibrated Linear SVM
github_issues::4525239390,Stress,0.7803428419179291,0.7803428419179291,Calibrated Linear SVM
github_issues::4736244948,Stress,0.5448436176026158,0.5448436176026158,Calibrated Linear SVM
github_issues::4850945827,No stress,0.19578709140877862,0.8042129085912214,Calibrated Linear SVM
github_issues::4858314849,No stress,0.20676103872768561,0.7932389612723143,Calibrated Linear SVM
github_issues::4675063993,No stress,0.17240579932851655,0.8275942006714834,Calibrated Linear SVM
github_issues::4731634469,Stress,0.5262276771930149,0.5262276771930149,Calibrated Linear SVM
github_issues::4881291204,Stress,0.8859340409815178,0.8859340409815178,Calibrated Linear SVM
github_issues::4708953042,Stress,0.7619012436758137,0.7619012436758137,Calibrated Linear SVM
github_issues::4862975392,No stress,0.376449439909101,0.6235505600908989,Calibrated Linear SVM
github_issues::4917182541,No stress,0.41709596017798356,0.5829040398220164,Calibrated Linear SVM
github_issues::4883355936,No stress,0.16841524400375543,0.8315847559962446,Calibrated Linear SVM
github_issues::4855755879,No stress,0.36130858065483124,0.6386914193451688,Calibrated Linear SVM
github_issues::4627478686,Stress,0.7366042074812973,0.7366042074812973,Calibrated Linear SVM
github_issues::4385696710,No stress,0.38306989047855095,0.6169301095214491,Calibrated Linear SVM
github_issues::4879922555,Stress,0.7009540506170538,0.7009540506170538,Calibrated Linear SVM
github_issues::4746347455,Stress,0.6629263559079878,0.6629263559079878,Calibrated Linear SVM
github_issues::4543586119,No stress,0.36121167808410365,0.6387883219158964,Calibrated Linear SVM
github_issues::4921151998,Stress,0.6146101723970482,0.6146101723970482,Calibrated Linear SVM
github_issues::4940846442,No stress,0.457928465392768,0.542071534607232,Calibrated Linear SVM
github_issues::4922854896,Stress,0.6758600064752383,0.6758600064752383,Calibrated Linear SVM
github_issues::4738605887,Stress,0.7255522091808446,0.7255522091808446,Calibrated Linear SVM
github_issues::4933895517,Stress,0.5938925422596029,0.5938925422596029,Calibrated Linear SVM
github_issues::4913213940,No stress,0.3416249752537302,0.6583750247462697,Calibrated Linear SVM
github_issues::4604033721,No stress,0.17125335789130955,0.8287466421086904,Calibrated Linear SVM
github_issues::4912980470,No stress,0.43462890579352403,0.5653710942064759,Calibrated Linear SVM
github_issues::4558307556,Stress,0.5921802309497758,0.5921802309497758,Calibrated Linear SVM
github_issues::4921640416,Stress,0.7965474036774812,0.7965474036774812,Calibrated Linear SVM
github_issues::4131273431,No stress,0.324606031162252,0.675393968837748,Calibrated Linear SVM
github_issues::4277399929,No stress,0.2652759035794866,0.7347240964205134,Calibrated Linear SVM
github_issues::3259576138,Stress,0.8101874818781006,0.8101874818781006,Calibrated Linear SVM
github_issues::3734428965,No stress,0.44222913044586604,0.557770869554134,Calibrated Linear SVM
github_issues::3947957875,Stress,0.7984531372560989,0.7984531372560989,Calibrated Linear SVM
github_issues::4005989964,No stress,0.2846497104084827,0.7153502895915173,Calibrated Linear SVM
github_issues::4922748277,No stress,0.28224219878728846,0.7177578012127115,Calibrated Linear SVM
github_issues::3816256697,Stress,0.6446448767206181,0.6446448767206181,Calibrated Linear SVM
stackoverflow::79983700,Stress,0.7299183347163734,0.7299183347163734,Calibrated Linear SVM
stackoverflow::79983683,Stress,0.8444441146736569,0.8444441146736569,Calibrated Linear SVM
stackoverflow::79983660,No stress,0.2921228550960638,0.7078771449039363,Calibrated Linear SVM
stackoverflow::79983463,No stress,0.37667686466830336,0.6233231353316967,Calibrated Linear SVM
stackoverflow::79983453,Stress,0.8966911911075849,0.8966911911075849,Calibrated Linear SVM
stackoverflow::79983401,Stress,0.6247788910840342,0.6247788910840342,Calibrated Linear SVM
stackoverflow::79982279,Stress,0.5496929103345872,0.5496929103345872,Calibrated Linear SVM
stackoverflow::79982262,No stress,0.36970170797559637,0.6302982920244037,Calibrated Linear SVM
stackoverflow::79982167,Stress,0.6477749708639741,0.6477749708639741,Calibrated Linear SVM
stackoverflow::79982151,No stress,0.17600243703088403,0.823997562969116,Calibrated Linear SVM
stackoverflow::79981948,Stress,0.764878900427907,0.764878900427907,Calibrated Linear SVM
stackoverflow::79981945,Stress,0.8258663463526631,0.8258663463526631,Calibrated Linear SVM
stackoverflow::79981864,Stress,0.7843186596415226,0.7843186596415226,Calibrated Linear SVM
stackoverflow::79981548,No stress,0.22782530505584087,0.7721746949441591,Calibrated Linear SVM
stackoverflow::79981415,Stress,0.7269378585427924,0.7269378585427924,Calibrated Linear SVM
stackoverflow::79981313,Stress,0.5384467103021521,0.5384467103021521,Calibrated Linear SVM
stackoverflow::79981298,Stress,0.701099610869998,0.701099610869998,Calibrated Linear SVM
stackoverflow::79981288,No stress,0.30953166626052747,0.6904683337394726,Calibrated Linear SVM
stackoverflow::79981272,No stress,0.18286107766609785,0.8171389223339022,Calibrated Linear SVM
stackoverflow::79981231,Stress,0.5940240118010739,0.5940240118010739,Calibrated Linear SVM
stackoverflow::79981091,No stress,0.3493151358072594,0.6506848641927406,Calibrated Linear SVM
stackoverflow::79980948,Stress,0.7150729374919426,0.7150729374919426,Calibrated Linear SVM
stackoverflow::79980928,Stress,0.5018197517793653,0.5018197517793653,Calibrated Linear SVM
stackoverflow::79980857,No stress,0.4598355223062867,0.5401644776937132,Calibrated Linear SVM
stackoverflow::79980765,No stress,0.40611585990820626,0.5938841400917937,Calibrated Linear SVM
stackoverflow::79980738,No stress,0.47757277648137425,0.5224272235186257,Calibrated Linear SVM
stackoverflow::79980662,Stress,0.7765886554816596,0.7765886554816596,Calibrated Linear SVM
stackoverflow::79980604,No stress,0.09662530470798748,0.9033746952920124,Calibrated Linear SVM
stackoverflow::79980296,Stress,0.9540814711419395,0.9540814711419395,Calibrated Linear SVM
stackoverflow::79980250,Stress,0.8149520345232838,0.8149520345232838,Calibrated Linear SVM
stackoverflow::79980229,Stress,0.515605002526312,0.515605002526312,Calibrated Linear SVM
stackoverflow::79980133,Stress,0.6784498438996612,0.6784498438996612,Calibrated Linear SVM
stackoverflow::79980013,Stress,0.8730363232647002,0.8730363232647002,Calibrated Linear SVM
stackoverflow::79980011,Stress,0.6257307034940673,0.6257307034940673,Calibrated Linear SVM
stackoverflow::79979964,Stress,0.9550973383588358,0.9550973383588358,Calibrated Linear SVM
stackoverflow::79979923,No stress,0.48557043642302494,0.5144295635769751,Calibrated Linear SVM
stackoverflow::79979904,Stress,0.7352815833898886,0.7352815833898886,Calibrated Linear SVM
stackoverflow::79979832,No stress,0.3918694446600286,0.6081305553399714,Calibrated Linear SVM
stackoverflow::79979802,Stress,0.8198271479543818,0.8198271479543818,Calibrated Linear SVM
stackoverflow::79979700,Stress,0.8873399125073891,0.8873399125073891,Calibrated Linear SVM
stackoverflow::79979630,No stress,0.24215234564209553,0.7578476543579046,Calibrated Linear SVM
stackoverflow::79978441,Stress,0.7618442066737582,0.7618442066737582,Calibrated Linear SVM
stackoverflow::79978420,Stress,0.579892981144925,0.579892981144925,Calibrated Linear SVM
stackoverflow::79978322,Stress,0.8530336677866938,0.8530336677866938,Calibrated Linear SVM
stackoverflow::79978196,Stress,0.708668685665346,0.708668685665346,Calibrated Linear SVM
stackoverflow::79978178,Stress,0.7810028261619951,0.7810028261619951,Calibrated Linear SVM
stackoverflow::79978051,No stress,0.41717894821059526,0.5828210517894047,Calibrated Linear SVM
stackoverflow::79978031,Stress,0.8292656076825464,0.8292656076825464,Calibrated Linear SVM
stackoverflow::79978014,Stress,0.9011192099459583,0.9011192099459583,Calibrated Linear SVM
stackoverflow::79977983,No stress,0.17615123652446232,0.8238487634755377,Calibrated Linear SVM
stackoverflow::79977788,Stress,0.8121148687248011,0.8121148687248011,Calibrated Linear SVM
stackoverflow::79977781,No stress,0.48914940356999675,0.5108505964300033,Calibrated Linear SVM
stackoverflow::79976495,No stress,0.4592333648736055,0.5407666351263946,Calibrated Linear SVM
stackoverflow::79976459,Stress,0.5931974642728307,0.5931974642728307,Calibrated Linear SVM
stackoverflow::79976430,Stress,0.5853749047621527,0.5853749047621527,Calibrated Linear SVM
stackoverflow::79976417,Stress,0.8904280803115174,0.8904280803115174,Calibrated Linear SVM
stackoverflow::79976404,No stress,0.2835186575205959,0.716481342479404,Calibrated Linear SVM
stackoverflow::79976399,No stress,0.4862530508709147,0.5137469491290853,Calibrated Linear SVM
stackoverflow::79976387,Stress,0.871908319724691,0.871908319724691,Calibrated Linear SVM
stackoverflow::79975244,Stress,0.8528059316017349,0.8528059316017349,Calibrated Linear SVM
stackoverflow::79975203,Stress,0.722311166373502,0.722311166373502,Calibrated Linear SVM
stackoverflow::79975004,Stress,0.7217564054419795,0.7217564054419795,Calibrated Linear SVM
stackoverflow::79974980,Stress,0.6420092455193843,0.6420092455193843,Calibrated Linear SVM
stackoverflow::79974767,Stress,0.7859402613525438,0.7859402613525438,Calibrated Linear SVM
stackoverflow::79974723,Stress,0.5473589286649064,0.5473589286649064,Calibrated Linear SVM
stackoverflow::79974564,Stress,0.8021896162385206,0.8021896162385206,Calibrated Linear SVM
stackoverflow::79974467,Stress,0.6049000470892189,0.6049000470892189,Calibrated Linear SVM
stackoverflow::79974413,Stress,0.5907443720892203,0.5907443720892203,Calibrated Linear SVM
hackernews::49000210,No stress,0.49968216617979605,0.5003178338202039,Calibrated Linear SVM
hackernews::49000117,No stress,0.23877297362059494,0.7612270263794052,Calibrated Linear SVM
hackernews::49000099,No stress,0.2306528209157327,0.7693471790842672,Calibrated Linear SVM
hackernews::49000096,No stress,0.31464722640384757,0.6853527735961524,Calibrated Linear SVM
hackernews::49000091,Stress,0.6002740562776668,0.6002740562776668,Calibrated Linear SVM
hackernews::49000045,No stress,0.39836028122943623,0.6016397187705638,Calibrated Linear SVM
hackernews::49000007,No stress,0.17864486986805608,0.821355130131944,Calibrated Linear SVM
hackernews::49000003,Stress,0.9280595362447434,0.9280595362447434,Calibrated Linear SVM
hackernews::48999936,Stress,0.7288665790875175,0.7288665790875175,Calibrated Linear SVM
hackernews::48999841,No stress,0.269016777724467,0.7309832222755329,Calibrated Linear SVM
hackernews::48999776,No stress,0.06635179082722266,0.9336482091727772,Calibrated Linear SVM
hackernews::48999568,No stress,0.20879297146039136,0.7912070285396086,Calibrated Linear SVM
hackernews::48999505,Stress,0.9180563882464923,0.9180563882464923,Calibrated Linear SVM
hackernews::48999489,No stress,0.32639739953032526,0.6736026004696747,Calibrated Linear SVM
hackernews::48999475,No stress,0.20880987469274567,0.7911901253072543,Calibrated Linear SVM
hackernews::48999444,No stress,0.2572229519242068,0.7427770480757933,Calibrated Linear SVM
hackernews::48999423,Stress,0.5708704250910639,0.5708704250910639,Calibrated Linear SVM
hackernews::48999357,No stress,0.282184254399011,0.7178157456009889,Calibrated Linear SVM
hackernews::48999315,No stress,0.37087661509649855,0.6291233849035015,Calibrated Linear SVM
hackernews::48999111,No stress,0.18910402822810005,0.8108959717718999,Calibrated Linear SVM
hackernews::48999082,No stress,0.25442699160061094,0.745573008399389,Calibrated Linear SVM
hackernews::48999015,Stress,0.7112147442747562,0.7112147442747562,Calibrated Linear SVM
hackernews::48998910,No stress,0.0980997533924125,0.9019002466075875,Calibrated Linear SVM
hackernews::48998670,Stress,0.7530099960176598,0.7530099960176598,Calibrated Linear SVM
hackernews::48998591,Stress,0.8800106902877438,0.8800106902877438,Calibrated Linear SVM
hackernews::48998494,Stress,0.8831370706817577,0.8831370706817577,Calibrated Linear SVM
hackernews::48998468,No stress,0.19898740732369924,0.8010125926763006,Calibrated Linear SVM
hackernews::48997941,Stress,0.9574107075979894,0.9574107075979894,Calibrated Linear SVM
arctic_shift::1v2z05o,Stress,0.9795585701886417,0.9795585701886417,Calibrated Linear SVM
arctic_shift::1v2ylc3,Stress,0.9757650578686495,0.9757650578686495,Calibrated Linear SVM
arctic_shift::1v2ybk1,Stress,0.9747500684921673,0.9747500684921673,Calibrated Linear SVM
arctic_shift::1v2wx8n,Stress,0.674357014839312,0.674357014839312,Calibrated Linear SVM
arctic_shift::1v2w9np,Stress,0.9468066308581856,0.9468066308581856,Calibrated Linear SVM
arctic_shift::1v2tv7p,Stress,0.8165396688209844,0.8165396688209844,Calibrated Linear SVM
arctic_shift::1v2tr54,Stress,0.8180576040274511,0.8180576040274511,Calibrated Linear SVM
arctic_shift::1v2nifn,Stress,0.9687061305884299,0.9687061305884299,Calibrated Linear SVM
arctic_shift::1v2l4wl,Stress,0.9426224896574372,0.9426224896574372,Calibrated Linear SVM
arctic_shift::1v2jep5,Stress,0.5169779275686299,0.5169779275686299,Calibrated Linear SVM
arctic_shift::1v2j5q1,No stress,0.3650095320101649,0.6349904679898352,Calibrated Linear SVM
arctic_shift::1v2ifjs,No stress,0.20520152544670142,0.7947984745532986,Calibrated Linear SVM
arctic_shift::1v2hdz9,Stress,0.9883037608773476,0.9883037608773476,Calibrated Linear SVM
arctic_shift::1v2g897,Stress,0.9505468496464666,0.9505468496464666,Calibrated Linear SVM
arctic_shift::1v2f704,No stress,0.07075308376012286,0.9292469162398772,Calibrated Linear SVM
arctic_shift::1v298oq,No stress,0.20703777422305977,0.7929622257769403,Calibrated Linear SVM
arctic_shift::1v27s4c,Stress,0.9610758611870832,0.9610758611870832,Calibrated Linear SVM
arctic_shift::1v25y53,Stress,0.9776691838792387,0.9776691838792387,Calibrated Linear SVM
arctic_shift::1v23m6y,Stress,0.9616819932483615,0.9616819932483615,Calibrated Linear SVM
arctic_shift::1v22lsp,Stress,0.8203945746497582,0.8203945746497582,Calibrated Linear SVM
arctic_shift::1v22gre,No stress,0.3945573198929764,0.6054426801070236,Calibrated Linear SVM
arctic_shift::1v1zxls,No stress,0.170123305007,0.8298766949930001,Calibrated Linear SVM
arctic_shift::1v1zaob,Stress,0.9674465460601821,0.9674465460601821,Calibrated Linear SVM
arctic_shift::1v1xj4e,No stress,0.3749809406163591,0.6250190593836409,Calibrated Linear SVM
arctic_shift::1v1uq15,Stress,0.9207711622872581,0.9207711622872581,Calibrated Linear SVM
arctic_shift::1v1u2ps,No stress,0.16237102837644712,0.8376289716235529,Calibrated Linear SVM
arctic_shift::1v1tgv4,Stress,0.8624510992581395,0.8624510992581395,Calibrated Linear SVM
arctic_shift::1v1sh24,Stress,0.9581388806985572,0.9581388806985572,Calibrated Linear SVM
arctic_shift::1v1rvls,Stress,0.9766800715967839,0.9766800715967839,Calibrated Linear SVM
arctic_shift::1v1qnqu,Stress,0.9868865893884847,0.9868865893884847,Calibrated Linear SVM
arctic_shift::1v2zktp,No stress,0.12998886670884804,0.8700111332911521,Calibrated Linear SVM
arctic_shift::1v2y9z1,No stress,0.20225797226481357,0.7977420277351864,Calibrated Linear SVM
arctic_shift::1v2y2kc,No stress,0.39096291802627064,0.6090370819737293,Calibrated Linear SVM
arctic_shift::1v2oqc8,Stress,0.5994624046303285,0.5994624046303285,Calibrated Linear SVM
arctic_shift::1v2axi3,No stress,0.1892294694736373,0.8107705305263627,Calibrated Linear SVM
arctic_shift::1v24gfz,No stress,0.06541042780155011,0.9345895721984498,Calibrated Linear SVM
arctic_shift::1v1o4br,No stress,0.4843880498474929,0.5156119501525072,Calibrated Linear SVM
arctic_shift::1v1h3ed,No stress,0.06775932998728734,0.9322406700127127,Calibrated Linear SVM
arctic_shift::1v1ga1p,No stress,0.34676346695688115,0.6532365330431188,Calibrated Linear SVM
arctic_shift::1v1elk8,No stress,0.36009509540950263,0.6399049045904973,Calibrated Linear SVM
arctic_shift::1v1dwhw,Stress,0.7836002023086976,0.7836002023086976,Calibrated Linear SVM
arctic_shift::1v190af,No stress,0.03241074817763239,0.9675892518223677,Calibrated Linear SVM
arctic_shift::1v173uf,No stress,0.10408624149454461,0.8959137585054554,Calibrated Linear SVM
arctic_shift::1v2xktw,No stress,0.16374086291184772,0.8362591370881521,Calibrated Linear SVM
arctic_shift::1v2mk0q,Stress,0.5994624046303285,0.5994624046303285,Calibrated Linear SVM
arctic_shift::1v2bs2k,Stress,0.8546886872557696,0.8546886872557696,Calibrated Linear SVM
arctic_shift::1v2b8rd,Stress,0.7788578709380206,0.7788578709380206,Calibrated Linear SVM
arctic_shift::1v216m1,No stress,0.08498148321196188,0.9150185167880381,Calibrated Linear SVM
arctic_shift::1v1qbl7,No stress,0.16136186491761415,0.8386381350823858,Calibrated Linear SVM
arctic_shift::1v1ix2j,No stress,0.1878019091269247,0.8121980908730753,Calibrated Linear SVM
arctic_shift::1v1iiyp,No stress,0.28614151758443307,0.7138584824155668,Calibrated Linear SVM
arctic_shift::1v1i26p,Stress,0.9481335720189367,0.9481335720189367,Calibrated Linear SVM
arctic_shift::1v1hm7y,No stress,0.290839114800731,0.7091608851992689,Calibrated Linear SVM
arctic_shift::1v1fzuy,No stress,0.15635674847176176,0.8436432515282383,Calibrated Linear SVM
arctic_shift::1v14wki,No stress,0.17598585224973376,0.8240141477502663,Calibrated Linear SVM
arctic_shift::1v2xxlg,No stress,0.1288553482232289,0.871144651776771,Calibrated Linear SVM
arctic_shift::1v2u5ls,No stress,0.09121647130574168,0.9087835286942584,Calibrated Linear SVM
arctic_shift::1v2qeh3,Stress,0.7925728727820833,0.7925728727820833,Calibrated Linear SVM
arctic_shift::1v2q98j,Stress,0.6282765966412919,0.6282765966412919,Calibrated Linear SVM
arctic_shift::1v2odn7,Stress,0.8947922759196842,0.8947922759196842,Calibrated Linear SVM
arctic_shift::1v2iw3n,No stress,0.23618570407061504,0.763814295929385,Calibrated Linear SVM
arctic_shift::1v2gu4e,Stress,0.694295779689381,0.694295779689381,Calibrated Linear SVM
arctic_shift::1v2dm2g,No stress,0.09085383462300316,0.9091461653769969,Calibrated Linear SVM
arctic_shift::1v2bp8r,Stress,0.9381835140975081,0.9381835140975081,Calibrated Linear SVM
arctic_shift::1v2blw7,No stress,0.32058467554102305,0.679415324458977,Calibrated Linear SVM
arctic_shift::1v2ahft,No stress,0.09835828815469914,0.901641711845301,Calibrated Linear SVM
arctic_shift::1v2ad27,No stress,0.24649832894126067,0.7535016710587393,Calibrated Linear SVM
arctic_shift::1v1003p,Stress,0.9354229749644586,0.9354229749644586,Calibrated Linear SVM
arctic_shift::1v00rnh,Stress,0.9274473996188345,0.9274473996188345,Calibrated Linear SVM
stackoverflow::79948695,Stress,0.9854688097235141,0.9854688097235141,Calibrated Linear SVM
stackoverflow::79917862,Stress,0.8908729831435104,0.8908729831435104,Calibrated Linear SVM
stackoverflow::79327621,Stress,0.6364702595333603,0.6364702595333603,Calibrated Linear SVM
stackoverflow::79832798,Stress,0.9152973696157054,0.9152973696157054,Calibrated Linear SVM
stackoverflow::79841763,Stress,0.8041398965886358,0.8041398965886358,Calibrated Linear SVM
stackoverflow::79434372,No stress,0.385974076495887,0.614025923504113,Calibrated Linear SVM
stackoverflow::79965487,Stress,0.8488643578752272,0.8488643578752272,Calibrated Linear SVM
stackoverflow::79720577,No stress,0.37663658961522567,0.6233634103847744,Calibrated Linear SVM
stackoverflow::79717434,No stress,0.44983616947871036,0.5501638305212896,Calibrated Linear SVM
stackoverflow::79873559,No stress,0.3214014179055441,0.6785985820944559,Calibrated Linear SVM
stackoverflow::79553495,Stress,0.6468497354131059,0.6468497354131059,Calibrated Linear SVM
stackoverflow::79900825,Stress,0.5181750432635924,0.5181750432635924,Calibrated Linear SVM
stackoverflow::79929371,Stress,0.8167973886143821,0.8167973886143821,Calibrated Linear SVM
stackoverflow::79366942,No stress,0.39595149023083387,0.6040485097691662,Calibrated Linear SVM
stackoverflow::79466958,Stress,0.736703537549643,0.736703537549643,Calibrated Linear SVM
stackoverflow::79682468,No stress,0.3482518499419027,0.6517481500580972,Calibrated Linear SVM
stackoverflow::79324837,Stress,0.6871860421880199,0.6871860421880199,Calibrated Linear SVM
stackoverflow::79498214,Stress,0.873341681610665,0.873341681610665,Calibrated Linear SVM
stackoverflow::79592905,Stress,0.9417276613197011,0.9417276613197011,Calibrated Linear SVM
stackoverflow::79781845,Stress,0.5307286087137689,0.5307286087137689,Calibrated Linear SVM
stackoverflow::79467744,Stress,0.5760423866754311,0.5760423866754311,Calibrated Linear SVM
stackoverflow::79704522,Stress,0.5596522672092094,0.5596522672092094,Calibrated Linear SVM
stackoverflow::79779878,Stress,0.9037991167380621,0.9037991167380621,Calibrated Linear SVM
stackoverflow::79914227,Stress,0.7363287659235115,0.7363287659235115,Calibrated Linear SVM
stackoverflow::79964882,No stress,0.35677892183795223,0.6432210781620477,Calibrated Linear SVM
stackoverflow::79538511,No stress,0.2773481051380051,0.722651894861995,Calibrated Linear SVM
stackoverflow::79726515,Stress,0.8752295416842863,0.8752295416842863,Calibrated Linear SVM
stackoverflow::79579035,Stress,0.7331522610116838,0.7331522610116838,Calibrated Linear SVM
stackoverflow::79616295,No stress,0.2509231085003863,0.7490768914996137,Calibrated Linear SVM
stackoverflow::79818917,No stress,0.3406778794299803,0.6593221205700197,Calibrated Linear SVM
stackoverflow::79896876,Stress,0.8165912749346735,0.8165912749346735,Calibrated Linear SVM
stackoverflow::79368095,Stress,0.5072922333516707,0.5072922333516707,Calibrated Linear SVM
stackoverflow::79546910,Stress,0.5846305692205865,0.5846305692205865,Calibrated Linear SVM
stackoverflow::79635270,Stress,0.6653987501094016,0.6653987501094016,Calibrated Linear SVM
stackoverflow::79639673,Stress,0.7875773316156511,0.7875773316156511,Calibrated Linear SVM
stackoverflow::79642080,No stress,0.3304125200056674,0.6695874799943327,Calibrated Linear SVM
stackoverflow::79682150,Stress,0.9259576557378031,0.9259576557378031,Calibrated Linear SVM
stackoverflow::79891423,No stress,0.38430155320958104,0.615698446790419,Calibrated Linear SVM
stackoverflow::79888998,No stress,0.24886175707779112,0.751138242922209,Calibrated Linear SVM
stackoverflow::79320979,Stress,0.7865864704341231,0.7865864704341231,Calibrated Linear SVM
stackoverflow::79336132,Stress,0.6058160049275444,0.6058160049275444,Calibrated Linear SVM
